path,sha256,size_bytes
configs/active_extension/baseline.toml,61a4444201e0bb60b815d87d70442bbe7b3d7aff9be3358bc5f95700557d5075,978
configs/epilepsy_exploratory/baseline.toml,9db6e3424c5c146fb16c79623e3ef925375a7235b57bcf42e2f4e4a411928d00,907
configs/epilepsy_exploratory/scenarios.toml,bab13ab79516270826c43706be4f8711ced5cf75462d99bcd574ca290b2441bf,1957
configs/manuscript_faithful/baseline.toml,40f2b001751cf20bbb7c5339b53f0a17716e08db6b76012ffe70c8c11bd0e115,962
configs/plausibility_revised/baseline.toml,19ff66959ca8586d8aa6ba7886db4c84718093d5a003759baf7db5849c2b274b,997
results/phase02/Figure2_high_trace.csv,3e05c6c157863454d4dcc6f90f4083694021938249759168c5dd465a53a9f0cd,658764
results/phase02/Figure2_intermediate_trace.csv,c9771f5ea496243eef42f59071ddb147ed535d4bf1051879ee906221799e310b,774549
results/phase02/Figure2_low_trace.csv,83ea9915cdba70168e6f96fcef9c257b95d0dd2caa9e6b552c570aed5508a9cb,650466
results/phase02/Figure2_representative_summary.csv,05b54a809885784b925e44b601f9ab35b5085a8037f89379702ef3b2ef17a9de,1413
results/phase02/Figure3_geometry_sweep.csv,53f9af48c9c989264ddde1ddbc73641e500c7bdc7746da83d21e4d7167770e71,64360
results/phase02/Figure4_matched_neck_heterogeneous_load.csv,84c626934fffcad79c122e0a4e13fd1634f4809b0716dc0c15c07ef2759a6ff8,4257
results/phase02/caption_discrepancy_table.csv,1353f37778dcacb07cbcc358e3839f405672cb26cb83b2f8419a7ffd148f2042,1267
results/phase02/central_smi_claim_tests.csv,17def8ee6e784c8b786c88333a05e2f6f815c834ed67ab947dc3416ed9cd7931,462
results/phase02/convergence_dt_intermediate.csv,d7ad673a84d304258818c02877651e3a8406aae221772d47b953f9b0f047ce26,747
results/phase02/reproduction_parameters.csv,cdcb1088ee97512278805a811863c81a6ae356c16214ed32b159e014302eeb90,184
results/phase03/chirp_validation.csv,b19a81425430a2186222b3d74de24cf687f61d2a8a19e843a4ce86c7ac0301ae,552
results/phase03/falsification_summary.csv,90c6b77b51a9388eba932adf0c0ca5eb56f52945601bdbc2bc0366affaf6d477,212
results/phase03/impedance_spectrum.csv,c1c0f7a9ef0ad6c117a09245e0f57ab6d3c380d8e4bddac33e48366114b0e5fd,3296
results/phase03/iso_transfer_counterexamples.csv,dcff0ccd239f480474e5cbac4b533bf02701ccd37442da8062cbf2cb608871fa,715
results/phase03/neck_model_comparison.csv,76429064cd8b86446873079f241adfa773653c3ea0c3ba39e37ab75b281a2619,915
results/phase03/phase03_summary.csv,5f9a0d2aa253a0c700578e19147542733aff4ea699461e1efa271041363c3bbf,779
results/phase03/predictor_comparison.csv,8c499f556a20003b14e39f50486930a123acdf3c3d210053ddc37073bb203320,3036
results/phase03/sinusoidal_validation.csv,b8686d8e2ce52206042eebaeb3d13068de0c1f19aef979a07231bb53ab5b7660,343
results/phase03/smi_challenge_suite.csv,7667985213814eedfab5621fda7c208a532cd4bccb3662733491b664379b8199,7439
results/phase03/spatial_convergence.csv,bac62771512dccfa9417c8c9a3e0657ba9ad19bf82e9a15d656909f79031f5ed,741
results/phase04/active_falsification_summary.csv,0957c05364550121e18301badff32da7cecad424c94f24c58b55703d7f533f4e,1614
results/phase04/active_impedance_operating_point.csv,01241dd0013e6fe74bffdbd97890b616e928b61ab180479237285880b10b52c8,1658
results/phase04/active_multivariable_diagnostic.csv,676fee98bac5999b86b6087290d9f356cdd5e445e9a969d6fde580bd0b621889,473
results/phase04/active_predictor_comparison.csv,5598013db0755e40ff2a9200c6b9facf4e2bdb45aa30aa579bd85cdc2c49baa4,27797
results/phase04/active_protocol_library.csv,953bb10520b03f1c3d6638ff84886a81cfe0ce582f47c8c0d425e33d4eaa9970,5372
results/phase04/active_smi_challenge_suite.csv,2b3839a2b1b37aaeb00e26c662ac740da96d582dc24524323d7d8fc7d6af4257,24775
results/phase04/active_validation.csv,93c6738f2ad605a32650392894e4178f8e07632da4d91e5729c7995bde5ed0c0,899
results/phase04/phase04_summary.csv,d3b21eac8b11d41cccd2ef89813bc2ff1aacb75fd22cb3c20485407378da7ccc,2062
results/phase05/claim_robustness.csv,7d85a8f31021dff23dcc7a626aed841a1a66cd9d516fe95dfd691eaec62af37a,880
results/phase05/counterexample_prevalence.csv,ce5c42872f9f683b5f5425f6f22372a1852102fba29f3ab1e2eadada5f5a9897,390
results/phase05/global_uncertainty_samples.csv,d5888e404bceb04dc0e6ba14b51ddc841c3e2f1f8c052b3bcc847e7939db55d8,65932
results/phase05/identifiability_degeneracy_examples.csv,cc96f5b27a370ad0775c70d060948cf9505644fb631df0b4dc3fafb2b5254064,21103
results/phase05/local_sensitivity.csv,eff983792ee069c74904dfc34dbfc3ab2b0d479b456825cf496b8f6bf46311d1,29398
results/phase05/phase05_summary.csv,8d3b2242404523fb845342e50b71036cabe3b4bfcb59acb694a8ca40769ef41b,1867
results/phase05/phase05_validation.csv,b28d5458c9dbb96a5d9030a4eb641fec2348c185ee7d6fd4851484c93d51c165,444
results/phase05/predictor_comparison.csv,546f18f29cb0e1e99006f888e0aad848d48c51c137b4fe544bc069f19542034e,37735
results/phase05/radius_uncertainty_class_stability.csv,efa77612fa05ff6259c00a0eaacd70f79efb9e04c915ed0515c9ab4cd7d4bace,10093
results/phase05/residual_analysis.csv,54bafd0650dc80204fa82f1d8005ed80dff581db501cbe27d6f4bab4b6457e00,6293
results/phase05/uncertainty_decomposition.csv,9c4f61362d93d642973b74da3099a3853de8b0ca7f62a2ba0b53187fa5f365f2,15319
results/phase05/uncertainty_distributions.csv,7ce89efad2ca137fa6fad198925175142633e742631809fdcd478697cc74c400,1527
results/phase05/uncertainty_summary.csv,1e95f473fa54b8b171c409d3903d156e3a728d85813ae2ddcff81c9a87770825,1878
results/phase05_1/claim_reassessment.csv,d5cbab68b30c0612368beb9088fb462209a95f0f03146e7a74a9edc936bef5da,1158
results/phase05_1/convergence_cause_diagnostics.csv,1b9f319fa26039b4d348b1c2b19d9945ce0d13656417b712f7cc7e374d9399b2,1214
results/phase05_1/counterexample_prevalence_by_n.csv,fc0d766c589f3e6877c67a16beac5a0044ff68974b6cb46ac5e105d86ab1c2a1,1939
results/phase05_1/global_uncertainty_samples_N192.csv,71fce55d0d296db2c69deb8ebccaa2ac479e9da3ee99deb28977892dfdcefa54,131343
results/phase05_1/global_uncertainty_samples_N384.csv,ade5676015319c7a8adef8a4b5ea7b3ce77500901295d2f5d5d77076b771b1a7,262148
results/phase05_1/global_uncertainty_samples_N768.csv,fc26f412f0e8b44410897f6d03a6e3e524fb8232f70d94f531081960a6ccff7b,523503
results/phase05_1/global_uncertainty_samples_N96.csv,9e7bf81837f7250ff7390da0b5c5bd022902e21890446dfc2398c8fe3f1fb72c,65974
results/phase05_1/phase05_1_validation.csv,6879bdb970780ec95660e92d12a7102e5cc71f1d8784d904ea390162b8e31349,416
results/phase05_1/predictor_rankings_by_n.csv,adbf6723614118a4dd40c042ab931c8ffc208e37171d4baaf2e5b3c06dd27ae9,55000
results/phase05_1/predictor_stability_summary.csv,c942dd1da81835d095f0511b70b8895042822e65e7970242e8b0826a6fe0f7ab,10858
results/phase05_1/progressive_convergence_deltas.csv,e2697f45b5e5d9793a92c4721bf87f31b3bd81a8474ff042a481743369cefe1a,10257
results/phase05_1/progressive_uncertainty_summary.csv,7f50d68ac1c4c8507eb72a573728deb697f7610e60fc0249cc45b9fd94c603ed,7420
results/phase05_1/radius_boundary_examples.csv,413f035bf08276e0923c4cd55f7f3300fa9f867b35f647007db469401c5e4af8,7237
results/phase05_1/radius_only_uncertainty.csv,b440b489813d93468ed6bf9b282c22909500523965c64333bda020a678aac4c4,260899
results/phase05_1/radius_uncertainty_by_n.csv,4f55bf130f1c2efe672173cdcd6b076e6ebc9274f0419325c3c06ef313fa8038,774
results/phase06/claim_classification.csv,d7ec2061d98c5d480fb84c40bdeb9c9e5b4e174f7169ea72759fcdba5510372e,1147
results/phase06/epilepsy_evidence_table.csv,a63ceeacffd0f32b30cbaa7c4a4be4cdfde745723b6e4dbca2022b792d6c982b,5785
results/phase06/falsifiable_predictions.csv,57c6370b27518be70a2d7f66b3816cb9a21337d1ab80c7b18a84fed557ed94d8,834
results/phase06/matched_baseline_comparisons.csv,b28578a18ff506d0fb811cfce5312da190eb035b376efed300b4d4f78ae02d21,27047
results/phase06/mechanistic_decomposition.csv,87f518abe66d617fb8d9f62010f282ef91e0265dd300894706b1b6c81c4028c4,1493
results/phase06/phase06_validation.csv,45c060a6cff61328f2299d1163a7572c1e29af70c114d7f6058bb326d27860d9,603
results/phase06/predictor_table.csv,cee86f61ef68b08048f84568399caab8fa23865522c09bd6339225cab68fecb9,4929
results/phase06/provenance_metadata.csv,e4c1b1604199bed111a30d3348446b098ccb2d200e7fcccab62af4f50abd1126,164
results/phase06/scenario_definitions.csv,29b5a187b437d62f1bc4283cb2811bef5d590cd24ad9663790743ea45c86df14,2393
results/phase06/scenario_metrics.csv,db80ada87d39b79508aa0ffe4948d349b44bad8fcc6e058cbf0511d9b2fe32fd,19468
results/phase06/scenario_uncertainty_samples.csv,eb2d703121c130de9bb25e2270d4539d58abe18405bc78d681a34d15ad7a41fe,61480
results/phase06/scenario_uncertainty_summary.csv,bbefb5d70af3e879e76e7c9d6bb875f1ba91daeafb9ac22254d81f6b54ab966a,6672
results/revision_restart/phase1/diagnostic_figures/phase1_absolute_residual_vs_smi.svg,43388477ca0c5502dacb7e910038f8887a2d54667d9327a089c7076d3a56b0bc,288777
results/revision_restart/phase1/diagnostic_figures/phase1_observed_gamma_vs_smi.svg,b2c14fde52f87c1295becd6a2e4dd63512e923b4f44c8cf9486c5efa5e804a46,290564
results/revision_restart/phase1/diagnostic_figures/phase1_observed_vs_divider.svg,558d81acdac846a8fc970d3f9f2e669d90327cb5c20d1592abda501c1bf3694b,290810
results/revision_restart/phase1/diagnostic_figures/phase1_residual_vs_smi.svg,75f350e976b0251b5ee2f4d5d6d431c019b12bfc98d1813e0f22e7d051cd0908,288741
results/revision_restart/phase1/phase1_active_passive_residual_comparison.csv,0c3a10e28fd1be5f02f84c12ee1fcf33366a8c4a44113a47db22601735286324,1501
results/revision_restart/phase1/phase1_baseline_target_residuals.csv,839fdd22c12e7a5bbf0186e98dcffce32d04f2b0ddeb7b5789d381133873e380,1817
results/revision_restart/phase1/phase1_data_inventory.csv,05f43bd65ad585b2dc9829e3bdc0d179bba21c2b1c7124791ab106fc3a14c83b,20884
results/revision_restart/phase1/phase1_divider_residual_rows.csv,a66257070e126d29b1569c6522201bce80df840f22fd8d2e813379de92330dc6,2209873
results/revision_restart/phase1/phase1_divider_residual_summary_by_dataset.csv,2d72983402f7d348ea4dd476b910e8b8b00242a67b108c4d219aa8879b558a47,6489
results/revision_restart/phase1/phase1_divider_residual_summary_by_regime.csv,8b75f3737841d34c0dad5fc35de775f16255805f193da8986f41c5b51bbf70cd,6745
results/revision_restart/phase1/phase1_protected_hash_comparison.csv,0b1b2862c2e6a0beb4e9c8a529db72891b385b80f38a5241a680d5865b383d96,31573
results/revision_restart/phase1/phase1_protected_hashes_after.csv,c846d88de4f079ed49f3eea007b186b811c042cb3a29bf4cfbb9fa9dcc25a509,18914
results/revision_restart/phase1/phase1_protected_hashes_before.csv,68113d0ff8636abc79cf9093ec78f90f4bef08101d2d4df3f02744843762c8b3,19862
results/revision_restart/phase1/phase1_residual_outlier_cases.csv,062ecea7cb4a0d9144a79688c1db9240b1ce3c8aa23cbb1f917fd6773498bc5b,24856
results/revision_restart/phase1/phase1_source_manifest.csv,2a8a67465ac6140606457f35672877b740bbec3d212d18cf487a213f7c36d1a7,55933
results/revision_restart/phase2/diagnostic_figures/phase2_attached_vs_omitted_rind.svg,ba2ab703d847d24151d17c5dedbf91ec6853a0d86d9b12acbe8dd3b06f3ae166,289509
results/revision_restart/phase2/diagnostic_figures/phase2_attached_vs_omitted_smi.svg,1175bb4f2908daa40bbf590660ea0b89ede9ad4f88429da94d974dff19ffdfda,286591
results/revision_restart/phase2/diagnostic_figures/phase2_observed_local_vs_gamma_divider.svg,eb45c7857256e99ae7bd1c73de65b2030d24c015e91277c39f368084d4750f26,289547
results/revision_restart/phase2/diagnostic_figures/phase2_residual_vs_dynamic_smi.svg,0e93ae01121ac65b20e70b24bf273c2cad002f29cc50fb2d4f0da813727e98eb,247980
results/revision_restart/phase2/diagnostic_figures/phase2_residual_vs_r_in_d.svg,ff9dc77dcdae8b8bbbff2c0f73e7abf979b29330d12a8d4c54b7f96957d5c604,289728
results/revision_restart/phase2/diagnostic_figures/phase2_residual_vs_r_neck.svg,fa7461f7b40c391e7d63b4d5b3a01b9a02525ce7dc10c88b4276d1713eb8de3c,288031
results/revision_restart/phase2/diagnostic_figures/phase2_residual_vs_smi.svg,9ad40d9b0ec0e2917532bafd64522a98598b4600da5eb2c03582ba5415229b64,287740
results/revision_restart/phase2/phase2_descriptor_recommendation_table.csv,e068b0dd23ce9f49ef811e8805cc40870a0167ea4e404168c168b838099e7e64,31538
results/revision_restart/phase2/phase2_ratio_vs_components_model_comparison.csv,ade4418e90f4c2a611025048cddc083803cd741b5f1b4bc26f96c60bc93b3525,227992
results/revision_restart/phase2/phase2_residual_predictor_summary.csv,eaa7b54bca26ebdd6fb1f999249464ba2debbd015ccb174c9afe6f70aba1b6a5,10278
results/revision_restart/phase2/phase2_scalar_descriptor_correlations.csv,5a65a730f8ef5c2955152eab286b07ad7eb0d5ba1e6c7edb3b4a0234a33cabdf,104650
results/revision_restart/phase2/phase2_source_manifest.csv,5b9ef57cf4d766a6d2863f07ac94e1025062fa0b653d7af6732de0768056412e,29629
results/revision_restart/phase2/phase2_spine_omitted_vs_attached_rind.csv,e2f70ffcef8f6739d9970ae47cfd40bc2d8b044ea9bc4a582869f1c05791de27,2162975
results/revision_restart/phase2/phase2_standardized_descriptor_table.csv,55ff2e55770fce1b264bc9e51d4be01bc4d2fa9b58f12f5f877dd2ef9a09ecb0,2896509
results/revision_restart/phase2/phase2_target_specific_descriptor_summary.csv,c997fcaa96263da955e75a16af5777d1f2ba90da8ae9737a560c0516e755fc94,23450
results/revision_restart/phase3/phase3_descriptive_sensitivity_summaries.csv,07b18bedcf6f6d52fbd33268375a472afbcd10cc5f8f779c3b9ab239263f1bf4,43420
results/revision_restart/phase3/phase3_design_permutation_checks.csv,dc6f297cc79268e9cece13832eb979ff8391fef352a5619cd4d2911605873af9,2215
results/revision_restart/phase3/phase3_high_smi_coverage_audit.csv,da379076702fca255841730d7704632701d702e522f82c817711de4f616b5eea,4567
results/revision_restart/phase3/phase3_interval_classification.csv,6725000d09756ada3af31bc1337098b8b8afba49a8784f4d60ba6c32a342aa00,21009
results/revision_restart/phase3/phase3_predictor_family_summary.csv,126904cd54b9498b764a11f5ace18c04dbc0582ff2c1f305a2484e8c1109a5b0,41826
results/revision_restart/phase4/diagnostic_figures/phase4_independent_trace_overlay.svg,0278c2b4a7ede817e191dc95041c57fc81f1156c613eb38f53b7c4f17cd84d3c,122142
results/revision_restart/phase4/phase4_be_cn_peak_comparison.csv,a73bb2d6b674d5cddd0915a4641ff7ec6c24a31c820a68ff0b020f032ba7534a,2629
results/revision_restart/phase4/phase4_dc_analytic_benchmark.csv,ff93f0a52ecef1804eb52cdc0d5f083c4bee52661fea8fbf36f769428ced2dd6,2991
results/revision_restart/phase4/phase4_independent_matrix_benchmark.csv,16972c8221c0a3f3a2627af3a96852ab06ba88528d750e086c3889567e7f9272,4413
results/revision_restart/phase4/phase4_protected_hash_comparison.csv,6939c5faffef93ce9982c713b6b1a175fef42e6047374744d480a5c0453a76da,31364
results/revision_restart/phase4/phase4_protected_hashes_after.csv,8338a0ceef86a6bbac367a51a80a80a539d3a7a804b18bd6b3bff774cdaff327,19715
results/revision_restart/phase4/phase4_protected_hashes_before.csv,8338a0ceef86a6bbac367a51a80a80a539d3a7a804b18bd6b3bff774cdaff327,19715
results/revision_restart/phase4/phase4_validation_summary.csv,2a9f84a02c0fa502740d434d86059f81a5b2ee3f9d26c28aa114653e4c1da253,799
results/revision_restart/phase5/phase5_blinded_identifier_audit.csv,60a043be551a588755bae6399431f68cc40a018e4ba7b662b298d9a0688b8644,35
results/revision_restart/phase5/phase5_package_summary.csv,bc15bb0d550db95fd3e6d7200a88393bd61e2ed1e611a7d3d7a666bb5dcb5d16,605
results/revision_restart/phase5/phase5_protected_hash_comparison.csv,0ee45710bafbfce7c1762fb204525542228c595649c17b146745254f17a3c15b,47461
results/revision_restart/phase5/phase5_protected_hashes_after.csv,bd7df904b14cbaf72a4fdaf3a35a5c1eef8c57cdadcac6034ab56495d9e177a4,28763
results/revision_restart/phase5/phase5_protected_hashes_before.csv,bd7df904b14cbaf72a4fdaf3a35a5c1eef8c57cdadcac6034ab56495d9e177a4,28763
results/revision_restart/phase6/phase6_protected_hash_comparison.csv,663de93f4fd0dad8cc138db1421bff5939e920e8b5f9989522451cac75122f77,55339
results/revision_restart/phase6/phase6_protected_hashes_after.csv,759d02863d15cbc04799289c979d76531d56037f73d243c97159b17dffd9b0f2,35421
results/revision_restart/phase6/phase6_protected_hashes_before.csv,759d02863d15cbc04799289c979d76531d56037f73d243c97159b17dffd9b0f2,35421
results/revision_restart/phase7/phase7_blinding_identifier_scan.csv,de84bea3274e036bbe989e666eee65b52a9a8c77720a84dca813f7e3d94076ed,165
results/revision_restart/phase7/phase7_csv_parse_summary.csv,95b5457475e4cc2a89ce9c6419bc39abf2284187171729b277797c386c596ad9,445
results/revision_restart/phase7/phase7_divider_residual_figure_data.csv,d3378b66aedd4c0b650441b4b17cf7a4ed65a978baf466adb5a6aff10d407a68,606270
results/revision_restart/phase7/phase7_divider_residual_figure_summary.csv,d284d645a0ad8c99efc89e3bbddf04ddc530013ad6b21e71108dcbe53359e05b,630
results/revision_restart/phase7/phase7_latex_log_audit.csv,daed4614ef4217107776bb96c77bae6b0d508a3f9bb654f722e34b1c92a966ca,146
results/revision_restart/phase7/phase7_protected_hash_comparison.csv,75295b1fa113d286b9fb6a5df821579fd24cae96756513b2d2fc9cce034c9bd3,60
results/revision_restart/phase7/phase7_protected_hashes_after.csv,7d419a8d06f6f2acae57f3a8ad151247e975ad36755b68cf0fa0e45e8fea552f,38878
results/revision_restart/phase7/phase7_protected_hashes_before.csv,31fb94c43cecc1b28881b3f8ddd82e190f5807aad57013a19ab46578cada7271,23633
results/revision_restart/phase7/phase7_required_file_check.csv,12b545dc1cdb4258039aa19329e1e84c409352b50752fc1f6fa2552f60a13b86,1595
results/revision_restart/phase7/phase7_required_file_check_pre_reports.csv,ed79992f6995d06de11134259f6d56e14325c282189b40fc232a58f1967e64d5,945
results/revision_restart/phase7/phase7_static_language_hits.csv,f3ed7462bd177b0cd257078c5cc655e56cd820a08fa8fb45749bb109332ef0f2,2857
results/revision_restart/phase8/pdf_renders/main_blinded_p01.png,13941b3629da315688904b84246b140fd4463e929e56ec5138a23fbd53743817,141461
results/revision_restart/phase8/pdf_renders/main_blinded_p06.png,feb6b361fa2cd132df642fc047568ee41c8786b3471b34591f649d0983fc0da6,114102
results/revision_restart/phase8/pdf_renders/main_blinded_p17.png,af048d52aad2e00b1b483dc87ffbe38211687294b32f7369e2d9f629d6e90eca,149402
results/revision_restart/phase8/pdf_renders/main_unblinded_p01.png,5e7c7666d7aa32825746cc86ae74fd7a361f70dcfefbf6f82c8d079066de80ec,152957
results/revision_restart/phase8/pdf_renders/main_unblinded_p04.png,d60402ffef22ca59be4e497317d07be5dde8808065675c7a625ae283dd843ff1,161226
results/revision_restart/phase8/pdf_renders/main_unblinded_p06.png,feb6b361fa2cd132df642fc047568ee41c8786b3471b34591f649d0983fc0da6,114102
results/revision_restart/phase8/pdf_renders/main_unblinded_p07.png,ddd277ef05fdf4ab9d35693a440a9d005032682ac393fe5a57cd28fb724d4e14,176696
results/revision_restart/phase8/pdf_renders/main_unblinded_p08.png,dea19260266dd266cb86e254f068367ce1cd897ee72017a05777e0b6083be10a,46007
results/revision_restart/phase8/pdf_renders/main_unblinded_p10.png,ffab1a8eb2a5ad66792c9c8ffbe3d5ade3fe0ec8050cd06ff37a4435adaf818b,110040
results/revision_restart/phase8/pdf_renders/main_unblinded_p12.png,2cd4212aeb9dfbcf0277c14cf82d49b495589252b91f998a7524141aefd3ef53,152415
results/revision_restart/phase8/pdf_renders/main_unblinded_p14.png,e5abd53f3dafff4f4706a82eb2285f7fe525d4b5fe284ae09dbca2660b93cc82,154008
results/revision_restart/phase8/pdf_renders/main_unblinded_p18.png,ec9294b4b69a16ffd149f53fe0ed41ca2bd09baa8e5c7b15f75147485b22c1a2,16187
results/revision_restart/phase8/pdf_renders/supplement_p01.png,ae91c9239067491f94d9aaf346aaea22b62d4502581252e92252ee26e8304db6,106662
results/revision_restart/phase8/pdf_renders/supplement_p05.png,93974b124c921b91ca8aa72f79de0deada99e73790e4b04cdbcf932568f4e213,108102
results/revision_restart/phase8/pdf_renders/supplement_p09.png,6bb8e7f7c7685ab01483c5eab8c280421e4b9ffdc9badafd4d710476c228be27,108766
results/revision_restart/phase8/pdf_renders/supplement_p11.png,2954e348edf86e07df0a9ac2303220a1cec28c8bde702e26e9290aa5a1e91d03,74671
results/revision_restart/phase8/pdf_renders/target_journal_p01.png,d92f75202af16d719f0b1b72eea0ff189f2aceba7918b49b236285438ef04cfc,153505
results/revision_restart/phase8/pdf_renders/target_journal_p06.png,feb6b361fa2cd132df642fc047568ee41c8786b3471b34591f649d0983fc0da6,114102
results/revision_restart/phase8/pdf_renders/target_journal_p17.png,82bad81fdfa5538163cc51b7a6c07b3538d4cfd05e2ba95ec742bec55feebe90,136323
results/revision_restart/phase8/pdf_text/main_blinded.txt,99238a1382a61818fe614e2fe1d167bb6c9e7294c8a91f4a22f87c27f69dede7,73777
results/revision_restart/phase8/pdf_text/main_unblinded.txt,57dfd75bf7990caa72952debda720de0503d59daf514deee6123996c08a93d2f,74395
results/revision_restart/phase8/pdf_text/supplement.txt,1d65c1935915f190f64f71ac4b49217b008f95c32afa56c1cd37c99d6b28ba2d,27326
results/revision_restart/phase8/pdf_text/target_journal.txt,f9fc1851a33b1bbdb0ffffcc425c6186392dbb57e9d2ae2c4f4c500c31c0798e,73651
results/revision_restart/phase8/phase8_csv_parse_summary.csv,8ef16116a2b29ef47b5c60f02bed2f1ce8091e9b600ac3bda44b835cb9bc091e,643
results/revision_restart/phase8/phase8_latex_log_audit.csv,f6e6efe1642057769441b19da11f918ef80961e3bccec9ae605ac6991d4f707d,2007
results/revision_restart/phase8/phase8_package_checksum_audit.csv,f0120b7fc1d5a67aa7fc40801b8d61ce558b17162530b58103bc074759697080,805
results/revision_restart/phase8/phase8_package_sync_audit.csv,18472d6edbf297744b2254e25f109390397a9afdbe20a13f2a3a27af2ee8953c,4152
results/revision_restart/phase8/phase8_pdf_info.csv,17c03f145e0fe6ba2679465abd7c56014a69f921293bba175df3a410172caf65,833
results/revision_restart/phase8/phase8_protected_model_result_hash_comparison.csv,210369a68a7da311b8ff4fb8bf3d3f6124b4bcd74b3ccfb501ae90cacf4d6a0d,37765
results/revision_restart/phase8/phase8_static_language_hits.csv,81eb907589d5436f9b86a6abf4985b24bcd3224b28e21e163e593be1bae1a0c4,38511
results/revision_restart/phase9/phase9_archive_checksum_verification.csv,b2500d18eb5569b801e3d2bf5a5f9a076f69bf98c677b95ca44263550ff545ea,1034
results/revision_restart/phase9/phase9_blinded_identifier_audit.csv,60a043be551a588755bae6399431f68cc40a018e4ba7b662b298d9a0688b8644,35
results/revision_restart/phase9/phase9_blinded_local_path_audit.csv,60a043be551a588755bae6399431f68cc40a018e4ba7b662b298d9a0688b8644,35
results/revision_restart/phase9/phase9_figure_polish_audit.csv,ada74ecf06a32636a1eb98c238e417cca6d01d30ccdc44e19598cb7e9f2616d7,519
results/revision_restart/phase9/phase9_manifest_parse_summary.csv,caf7d38e0f2f488aa977ff5f3702d3e05dd7718a680ea795c6176e804d60ecde,361
results/revision_restart/phase9/phase9_package_consistency_audit.csv,087b3fad8cc0316e53b788cffba00df14a5e0253044f31c422576b97c9f22dcc,859
results/revision_restart/phase9/phase9_package_doc_language_audit.csv,60a043be551a588755bae6399431f68cc40a018e4ba7b662b298d9a0688b8644,35
results/revision_restart/phase9/phase9_package_summary.csv,e0cbb5de79a7c16e4e7efa7e263dca5e9bac22305afd55b9d138469fc36cfcc0,1046
results/revision_restart/phase9/phase9_pi_coauthor_identifier_audit.csv,7c1c9ae79483bb726681cb214d0fdbd63ce058e77e1deec836f04c96d1538cc0,2491
results/revision_restart/phase9/phase9_pi_coauthor_local_path_audit.csv,60a043be551a588755bae6399431f68cc40a018e4ba7b662b298d9a0688b8644,35
results/revision_restart/phase9/phase9_protected_hash_comparison.csv,a488178175771aef846e82ece42140c6a7b18d1f8ae0cdc2d768e0f39628f513,59508
results/revision_restart/phase9/phase9_protected_hashes_after.csv,5a952fff9ebfee21659bcafe69dc6b5c9e8f005f49acc66f885f100761eb9890,38367
results/revision_restart/phase9/phase9_protected_hashes_before.csv,5a952fff9ebfee21659bcafe69dc6b5c9e8f005f49acc66f885f100761eb9890,38367
results/revision_restart/phase9/phase9_unblinded_identifier_audit.csv,87775deb52cbabf7d7232efe7a5f4379aa8f5d75b3ce322753e3770354545c32,14072
results/revision_restart/phase9/phase9_unblinded_local_path_audit.csv,60a043be551a588755bae6399431f68cc40a018e4ba7b662b298d9a0688b8644,35
src/spine/__init__.py,17e733f9c90fe30b88074d89265b8def182ca66208f82d94bf209a17c66b24bc,284
src/spine/active.py,1d2cd0aa633fbf9c9da86c71a18febe337d537150e260f0cf5db55835f0e26fc,12653
src/spine/channels.py,b65c8dc8ebc7a5f1411dc0af5acd5dfbed1f04234009748817bcbe7b6043d5a7,9262
src/spine/cli.py,565549f3f2abeae096fd55aee0757b924eaed65d7fdb5b8ceb118053f3525e4b,2735
src/spine/compartments.py,438a7e256391063ac0b817711e86544fe5144990f05a92af3e8e5092b3b2c812,1086
src/spine/config.py,23213e43ee03972755fb0f0f65902f8157fcd3de11935efc3249266eaeacca0c,702
src/spine/geometry.py,3e74adb91ad11297da96b222ad715852c0a9dcc0be0ae1c46480ae29bd940d68,4234
src/spine/impedance.py,c8ee75e9ac7848c6dc78c2d0e9c245a020a1ef052d0b91b1fde98e507b2af483,10918
src/spine/io.py,3bd7b060658286dc06b11e493b26ec7c81589617733c3936ed798aa4a18d438c,973
src/spine/metrics.py,024af59bed7cb3d8480fb16bcf0d3fd2d301af516d2efd8e62f65b9e5a847722,4279
src/spine/morphology.py,f9cf9271f5c88b878b31345459b5e63768b0939748220d0cc70c79c96d53beeb,9062
src/spine/network.py,1f0e5cc86c30f1f2d587c1b67c2204ce2327e60ecbd12d75dad56589ae3c50f1,6076
src/spine/passive.py,19407d756e08303814ebc163d82641b7a66b684127f6b15632dc23f8d4c94254,7599
src/spine/phase03.py,154e151a214b7ce94ce37bfb81570de2d7d7c58d3bd86cc6ff12002a1fc4cf7b,29746
src/spine/phase04.py,1ed00065e85430996f7831c3085cdc545d39013e55bc6cf8a5deda295f344736,31793
src/spine/phase05.py,6be8dc3faa6c234992f2ed37d42510ad04629c8f4cba581d210240a601cd0423,42586
src/spine/phase05_1.py,69b0d453e58ec668964ea716babc092c0a31c382aa054e62b12eaad4be6744db,25716
src/spine/phase06.py,016cfbcec53db54dcea3bf2570bcc3650e28b8cf176b0bc7c5b2bc11a7cc4282,45802
src/spine/plotting.py,95c26eb9924eff36868f963a089d95aa974d514b418e88d3416f741cdfe2c38f,1159
src/spine/protocols.py,5979da336c50cd03881d588a4a9b8f6de74070129d7128ffee5481358938009e,26719
src/spine/sensitivity.py,31cef7f9022da0a5c9404d139d455b50c93a7175e2fe07e217f3064bf80d140c,67
src/spine/solvers.py,2d6370b6ce09dd212086130c06fc63a624512df178629b1572ff2e04c3abf9c0,130
src/spine/sweeps.py,538b6d8ed78eb6d6b4a0d07c13c5776d1373b76a610b550a284ea031ec993ff4,67
src/spine/synapses.py,500fdb262c27c54301e04607e123d4f168ba1d36a78ec5391634076e2b881c42,9326
src/spine/units.py,03d1758eb421d74c80543894f186683ef1106c81d3867c13ca60e5e7dfec0a45,2154
src/spine/validation.py,0c40a14ac87df796db6971a3e5d8c7c496c709ce67a876f0333044b706ee1823,76
tests/test_config.py,820b813b8d707a9b32feae2f35d699684d7f96c30a138d2e6b0db0f7c9431f71,760
tests/test_import.py,78b67735ff3a56dfa1f8f6f398cd5940c62bd5ad9e4897fc9871a464f7a43bd1,164
tests/test_phase01_passive_core.py,0204abcac10e20848ef2c26241476e9854b32f00347e77af37706f2ece1b60f5,7483
tests/test_phase02_reproduction_outputs.py,619d0e6cb489ef6fefaa8220077a110aae2e28f61ad96fc133aa115499fc2f33,2736
tests/test_phase03_morphology_impedance.py,d5551d9c812bfc34ae50fdc17f9028c03731180fda019720f656c160b3b1f298,4612
tests/test_phase04_active_nonlinear.py,d154f0c8ac61a817dbb65a45fcce6cda705083cd2eb427a69d2f552cfa43b025,4580
tests/test_phase05_1_convergence_audit.py,daa5d7ff94ebda1fb51960ef3133536f311b2b6180bb8b3d0d7ddcea9dfcc84a,4552
tests/test_phase05_sensitivity_statistics.py,39198fb2b6906fc016f3337c1fef76606f32e9ee2c2289d0739b8b8f09622101,5608
tests/test_phase06_epilepsy_exploratory.py,2b04d4cd2c8cb4641de8c1434b3b311f9551ebaf24fa6fabf3b1d99ee2a1d46d,4053
tests/test_phase07_release_package.py,3cce223a4a06f30064d15503d0dd95a3e33bc59d7c62556f5b78339ac615b4de,4332
tests/test_phase08_manuscript_package.py,ebfc373e50bcc5a4d67a3ad59ded52d0d416a4ad66516f5577c58d360939a8b0,5100
tests/test_units.py,63e1d4fd807b4846192c079f03298a3eaa1ac8262359f2e026c19cf404992a81,1027
