path,size_bytes,sha256
.gitignore,367,f3bcf0f0c1c328f6c8285248563ba7b5d00ca0518c009aaa1d7b1d8d4006ed4f
.zenodo.json,1001,e573ed5c851919d7277ba01149c1aac500973ec6318bcbddeee03058f10972bd
CHANGELOG.md,2483,587837584bbd74cd69f91e70ecc27dc3acfe6976254c14f6b0dc92b189a31c4d
CITATION.cff,735,ebdd94cd4285c4c87d98fd03aff43e5d6ec015b78bf7fa00894eac65014febd4
configs/active_extension/baseline.toml,978,61a4444201e0bb60b815d87d70442bbe7b3d7aff9be3358bc5f95700557d5075
configs/epilepsy_exploratory/baseline.toml,907,9db6e3424c5c146fb16c79623e3ef925375a7235b57bcf42e2f4e4a411928d00
configs/epilepsy_exploratory/scenarios.toml,1957,bab13ab79516270826c43706be4f8711ced5cf75462d99bcd574ca290b2441bf
configs/manuscript_faithful/baseline.toml,962,40f2b001751cf20bbb7c5339b53f0a17716e08db6b76012ffe70c8c11bd0e115
configs/plausibility_revised/baseline.toml,997,19ff66959ca8586d8aa6ba7886db4c84718093d5a003759baf7db5849c2b274b
DATA_LICENSE.md,556,adf19dca5d4ffc2862050b12f4d7074d23b8bab05a43c2f03086b288fbd6e3c0
docs/DECISION_LOG.md,110253,edb21cdb0126dadb2bc31524a730c2acc47b25b342d23457e0d54cea51042ee4
docs/LIMITATIONS.md,1274,fddf6f2b18d277b92ac2ea9cec8427e02a6480b6085bdb26c73486d232b22ba8
docs/MODEL_SPECIFICATION.md,6965,40a2509343239de7fe5629ac6da3a41f4f44dc7f873e5c4be707eb4d6932c0af
docs/PROJECT_STATE.md,105375,0bce606179d98d16e046eb0bab2a90d64a0b62932a80f8e73bbcf0236de813f9
docs/TRACEABILITY_MATRIX.csv,12115,370a338f2137c0efbd8789919a3bd58fa521208559dc3f621338d25591865cf1
docs/UNIT_AUDIT.md,6115,f79a8bf91a1baa895c2f7a2e7e22df8323e79a89186ffb9f997da3f66ccfc8ed
environment.yml,174,54eec02024c3e381c63e3eb07117d57d96130b9641b578acaa41988a38927052
INSTALL.md,1647,8a83665af6870bb41a126eccc4dc345a3b093642c254decc00d9f7c12df9b769
LICENSE,1113,623af2a94e1e7510bbf1c3fcbed1317bcbf849f49b549ceeb64cbf7f16a19d8c
MANIFEST.md,396,098316fd5417730352c2638c1dc5a5c3e8357c4626e8e0630e161dc16af934ef
manuscript/BUILD_INSTRUCTIONS.md,1592,db896ce4183f7cb74a3b39ce3201345d3c653c9879b260a5ec5a21b05e325e35
manuscript/CLAIM_TO_SOURCE_LEDGER.csv,7886,1681dbe921cccc954eb192fab01a01ac0b493b11d146e4cef7b2b248581e52d3
manuscript/FIGURE_SOURCE_MANIFEST.csv,6329,8c842288633df53f676f7aa4d300c0b3729818435ea163cbaf285355472612b5
manuscript/figures_publication/Fig1_architecture.pdf,55890,85e14c8e22575a248461dd08f7aef445b729711be4e0fd4d976f8dc733875f42
manuscript/figures_publication/Fig1_architecture.png,33184,dde8a36bc289c8e5c019bb226192a55fdcdc828d88695d40b546b629336ff7e4
manuscript/figures_publication/Fig1_architecture.svg,6674,70b7a54c25e8eb19123464a53f95607ce8ca9938811bb4c938257685457bce78
manuscript/figures_publication/Fig2_baseline_traces.pdf,476747,149c85ea8fba58fb7253e55bdb9e12ea88c7689399e2215b1fe63f7f5eb1d24c
manuscript/figures_publication/Fig2_baseline_traces.png,34218,baecfdf730ae708fe5677d4d8fab37c82028f1e7b523894609f04a5b88f65f2d
manuscript/figures_publication/Fig2_baseline_traces.svg,1196267,948c7f7cd0d5d37fbb3af7bec57a2661419ea50dd6de0d0ab3a6c22cc786fdfe
manuscript/figures_publication/Fig3_divider_residuals.pdf,134447,c01378b8fc1c746675fcab817ade5067b3edad4ea907abc199e31e70f37f94dd
manuscript/figures_publication/Fig3_divider_residuals.png,282794,4a11d0f2236f9aaa5d1f2802a27e1075d1f6cd8d9519f03616b99a9ff54ac4b2
manuscript/figures_publication/Fig3_divider_residuals.svg,1315915,f2d76877da688f200de1d9893454ea44d1f28a0012d927617227170ca85599fe
manuscript/figures_publication/Fig3_load_normalization.pdf,70546,2060a444d655e85aec4a36962a9b99f0d3bab48b83199d0fe0789f742b03f74a
manuscript/figures_publication/Fig3_load_normalization.png,39693,9dfc67094d28b8e91c060e546e426cbb2491a35ef9025fa5caf2d29903078551
manuscript/figures_publication/Fig3_load_normalization.svg,99124,147f1013a5882a3292d4efc1be05be5e65a3b4ec1ee282fb16c860f9299e0087
manuscript/figures_publication/Fig4_passive_domain.pdf,5179,6a2b0e494bbf7159f0f3cabcfd9f91c73ed6e8962a40403731faee8503f35692
manuscript/figures_publication/Fig4_passive_domain.png,37424,8640f0a0f853bdb2eeca9dd0d5e1eb3a140263aa28fb25c778836311e8faa28f
manuscript/figures_publication/Fig4_passive_domain.svg,15045,0a6a198fcda488b354b2129a9bf8562136876a3bddcb5c728d0b853ebf3feaf9
manuscript/figures_publication/Fig5_passive_limitations.pdf,7028,07a1082bc10a516bd69ef552f62bf0d8ea6a6eebdf7a54a155dacdf798b18fc1
manuscript/figures_publication/Fig5_passive_limitations.png,36749,12556908c1577253a929fd054bc0d530571dcf90a16713e94080f53ddaa9efd4
manuscript/figures_publication/Fig5_passive_limitations.svg,20504,e60fe5cc8ba15ea3ba679f13f09d7f7f16b98d4089dab77f75aee96ce81f0027
manuscript/figures_publication/Fig6_active_domain.pdf,10041,b94981c9101ba42603a43b53b6de6bddf12b01be7c4a2a5f80d36321c6c53fc4
manuscript/figures_publication/Fig6_active_domain.png,37424,7c9d83ad288ca24d7c5c00ecf3bdb8aa59b9d97a2bc0247b1e3fcef3354958ee
manuscript/figures_publication/Fig6_active_domain.svg,25031,ecafcd7844d82511014a441475c90785c322933758b744234abf0bf2744102f6
manuscript/figures_publication/Fig7_uncertainty_radius.pdf,4885,99475e3aefccb9ce3f1d605aed6ce386a591910be3728192f9ae7aef5af5a14d
manuscript/figures_publication/Fig7_uncertainty_radius.png,339586,210e22bda02b319ac61c7282506bc686a8d21ad3e30f6a7061953abe8d232b42
manuscript/figures_publication/Fig7_uncertainty_radius.svg,19243,61ef59ade41bc67587e517608801919f807ecf2d210fb7d9e3f2170104d4eb79
manuscript/figures_publication/Fig8_summary.pdf,93772,660af14678b6e8dd5fdc7cd113ffd96905aea67faa88aa091563d8e709466ae5
manuscript/figures_publication/Fig8_summary.png,49695,b075c2ddb43c7b6bf632848674500114523b8a1c9a71a6c7ab9ff9335b354c3d
manuscript/figures_publication/Fig8_summary.svg,10327,7f232d8f8407e68e28b12737f80a5992b6f21725f11ae7e9eab69cef6f8f6874
manuscript/figures_publication/FigS1_fixed_load_heatmap.pdf,6348,e933a3ea8c6ff281cfc7982f90a46c8c747d65cbd33729a727e1706dcddc6652
manuscript/figures_publication/FigS1_fixed_load_heatmap.png,22857,83b93e2514ed56b0da50427877f9e4bfa0e0ec8eb4ce5d5b1b9289d11118d72e
manuscript/figures_publication/FigS1_fixed_load_heatmap.svg,58544,532a7aa7e73fdb719f4b1baad56cefc123071f69da51a26202a11d60e1d61a6d
manuscript/figures_publication/FigS2_dt_convergence.pdf,2236,44a7c803f1a5e779dfe2d0154524b1671447d8b2f92eb0be17d2d29d09eb6af8
manuscript/figures_publication/FigS2_dt_convergence.png,10590,3e8d31cc2d87ee175734453de88a8d21bd6d71705a92bf3739cb714be5b236c4
manuscript/figures_publication/FigS2_dt_convergence.svg,4147,02f3b58895a39d4e6fd0f04256d60a6a63fc18280d22493a6fa509e1dc91d2ba
manuscript/figures_publication/FigS3_spatial_convergence.pdf,2213,bd51489b0fadf1c211abfc4f96f902d3aeef4cb9fc610b7c06b2b42c6a659005
manuscript/figures_publication/FigS3_spatial_convergence.png,11957,75a50c2aadc458ae5a0926096201a19f57474c8bb13246fb4dd158b0cb873f5b
manuscript/figures_publication/FigS3_spatial_convergence.svg,3822,eeedda591251a706d17f695b3d4d4cc5e3b90401a7a9eab2ae619bd78726b589
manuscript/figures_publication/FigS4_neck_models.pdf,2319,f0b2af8f25ed78466a666f1417c19d7b94bbc01f4ad1227fa4ceff706802a2ca
manuscript/figures_publication/FigS4_neck_models.png,12733,782219f1453c74d59d23c4db887dd718b7adb46faa366f0af326cc9fbb7ee1d0
manuscript/figures_publication/FigS4_neck_models.svg,4391,f580f1046ac5c98d29797dcb41993db0e3e5fd2bfc2e8d36e3906782af529114
manuscript/figures_publication/FigS5_smi_interval_width.pdf,2338,d98bc97fcce49b189e312533fa0afe2f9028f4c20340367e07b74f9ea8a113a8
manuscript/figures_publication/FigS5_smi_interval_width.png,128772,0b527509c31fef3e3a7dd195f381ced520cb516b6f27491f67d5a4de3da1312e
manuscript/figures_publication/FigS5_smi_interval_width.svg,4309,c513846ad5bba788f659c415ee2bfbe9ba536507b95eaa4a24428d0bb156c0e9
manuscript/figures_publication/FigS6_active_protocol_strength.pdf,3199,b4f136aefcb477335733650f1804ba05f4fe413536b4605ec183407e3c3837b4
manuscript/figures_publication/FigS6_active_protocol_strength.png,17298,7b8dc00328262d156729c77c175e5bd116c45a9de4db1e0616ec70bee2c9e647
manuscript/figures_publication/FigS6_active_protocol_strength.svg,6335,23a57f2322c7b9f8decadc3bc666a541833d284a398a425382a9f957bd50a2db
manuscript/figures_publication/FigS7_active_impedance.pdf,2742,7f5cea2715427fe71828190730d711b6c64a7d510ca3c39cd26203945b4d3f51
manuscript/figures_publication/FigS7_active_impedance.png,14053,854321b45aef386e1bd80a0ec961a9a74d6036b4c0d8a106d8c2d5e45fbaf4a8
manuscript/figures_publication/FigS7_active_impedance.svg,5203,bae590bddaebe569faf3a774ccd3b2f0ecec4c113076af07c81611f205943e8c
manuscript/figures_publication/FigS8_phase06_smi_amplitude.pdf,3777,69ccdd99e548ae2e511a6bc1ccd26cfbeffbff42ccb3aa1c442c587d0bff2173
manuscript/figures_publication/FigS8_phase06_smi_amplitude.png,11290,4639ff439f62dc3ddc384e319ba5f5628878d53ef79c78f6006fabcf44da8f3b
manuscript/figures_publication/FigS8_phase06_smi_amplitude.svg,5981,ae0b8c6eb615cbc921a87b5135c014a107607f2841dd0a15892d87cc1722ab95
manuscript/figures_publication/FigS9_phase06_uncertainty.pdf,45647,d2f2896de13eb6a00dcc8dbaab28029cfaeae9ff29c711419d02cbbdbd4871db
manuscript/figures_publication/FigS9_phase06_uncertainty.png,20171,d28a5940db2555e1f49803c7e0e61eb71f1e5d04f140657731b0056c1c281805
manuscript/figures_publication/FigS9_phase06_uncertainty.svg,11256,edd6937d916116621a354a446c659c9ec663fb2ac0c7813092b0e8eaae28d98a
manuscript/main_unblinded.pdf,1076088,3a940bd5009764ce50f1187a9ff02b25d75a7f584c1f3ddeda6a4bc7cf1e083b
manuscript/main_unblinded.tex,631,8ad7e2c041fe1ebe3d687aed1aab8a871c72c36753106ac3488afc86ad832abd
manuscript/metadata.tex,2072,8cba1a44b1e776cc0c72fbf0afcdded77df5f4a81e439ebab834389a57a25263
manuscript/NUMERICAL_VERIFICATION_REPORT.md,5211,ef2d99b4361fc1c4ada4e65715539ce7ca14a499f3c67d28cf4aea4b1a9acb39
manuscript/preamble.tex,1427,5df42639392368a03e67f401235b53853e3c15ad0b161a187b2af060fd4ba77d
manuscript/references.bib,11741,20da002ef72dbd509fdb073e8a4d4224bcd05db5fa7d7e8320f2db7ab941eef0
manuscript/sections/abstract.tex,1150,16bbb1267773c2d53b990bf0015d6ead9a47a0f9c09c0a50aba79e6bae6cbd1c
manuscript/sections/acknowledgments.tex,120,77675ee75618ef8f83b74b852f08b3af6e671394a291c6d366d03db40979404e
manuscript/sections/conclusions.tex,813,556ddfa9c4b85a1e9c61568d120e1077b8f68eb6fe7c7d6dc4b64b2bdcdf08f3
manuscript/sections/data_code_availability.tex,1731,0dd98a4a90a53ca29f3ab77d65f8d8eddd7d40f0b23f165dda68c465ebbb156e
manuscript/sections/disclosures.tex,1043,331983fedd0e89e3c4b9a3940c1e640d4f23f74a75823be28c3d6a0fc0b0a11a
manuscript/sections/discussion.tex,6921,b224882048661403bf62c93306c8cfbb2b71890ad6624536a1bdc3577a69dfc5
manuscript/sections/introduction.tex,3251,39d97b90dd37a65c05536bb902ecab84d635a71b89d9d532de2269b15abecb1e
manuscript/sections/methods.tex,8785,441cb662db73900cc8dae3cce95b6d308865d39812554ce3924db9761b178351
manuscript/sections/results.tex,13310,12ef26e68346911a696e158cf1226b80dcde2ccdd96990b431f5dfcac5245170
manuscript/supplement/figures/FigS1_fixed_load_heatmap.svg,29088,621a2be0eb4e4ce597d5cf5ed28ceae1cb095977c3915bcdaeacb5af5b95d78a
manuscript/supplement/figures/FigS2_dt_convergence.svg,1115,253da232eedfa1f1c06cd59893bca524565704d69e51eaf57072655bb276b1a9
manuscript/supplement/figures/FigS3_spatial_convergence.svg,1106,69157c1b74ccfa76dbbbda871347593a42a799c82414e0e5556d42337e051d94
manuscript/supplement/figures/FigS4_neck_models.svg,1190,7ce7e39716a90274a5578e6b1437a6d6221313792f6b259d6267018673aec810
manuscript/supplement/figures/FigS5_active_protocol_strength.svg,665,678aa94522a82093e591daf91941f0d62009d317fc5f5f7a9a89874132f7e506
manuscript/supplement/figures/FigS6_active_impedance.svg,657,fe0307390fcb2ee00ffeb4efd85e926e30445c8b7cee6aab2b1e85e22c71108c
manuscript/supplement/figures/FigS7_smi_interval_width.svg,660,40ff64dfceb66b8f18ba80968f64c9efc00dc9c7ae17bd148b954b3a30daf67f
manuscript/supplement/figures/FigS8_phase06_smi_amplitude.svg,1481,8e5b593e60c9ddafc50c35c9e9a4b569008b2be2cbad3a6c63f4d9c6bdbb65e4
manuscript/supplement/figures/FigS9_phase06_uncertainty.svg,718,6c947a5224d8c0d8281fdd19f4986a5ce91e45c8fc323e760b874daf8116dc9f
manuscript/supplement/figures_pdf/FigS1_fixed_load_heatmap.pdf,2958,14df3ac9e39663074ee7f27e19cc1de95452748a09ada9a3d130ab097408b729
manuscript/supplement/figures_pdf/FigS2_dt_convergence.pdf,1959,f96884e655a5ad0b27238d50ecad39a73b1ac89754ecb115def3121f94a3b526
manuscript/supplement/figures_pdf/FigS3_spatial_convergence.pdf,1947,8063bbe380677efbbdcc431f391f6ebaa21ef4f1fd064080dc4dfa94d77016c3
manuscript/supplement/figures_pdf/FigS4_neck_models.pdf,2013,9968e54320331e95e03ba2c50026962023b659afd46ea8d2a3be2af8f882efa7
manuscript/supplement/figures_pdf/FigS5_active_protocol_strength.pdf,1565,db8fe4ecadb4f709c3306d927c832b894ceb2c02c5e688225d128d453255bfe5
manuscript/supplement/figures_pdf/FigS6_active_impedance.pdf,1551,05f6cee6607cf60f93ed7d885d370d7f856cd50b03c77832721a2a4b05ccdc43
manuscript/supplement/figures_pdf/FigS7_smi_interval_width.pdf,1561,3e335abba329f39da346c41f9d0d38678068ca9271b0bb1323850b2afed8fb5b
manuscript/supplement/figures_pdf/FigS8_phase06_smi_amplitude.pdf,2259,a9716e18af5d49960258b0247736b8760c09c000fdb8ba82f773136fea5f4bd8
manuscript/supplement/figures_pdf/FigS9_phase06_uncertainty.pdf,1591,33dd3ca6072f650e68bd3cb8e07f52c293d10e577b50304614a927b5d73551c7
manuscript/supplement/sections/active_mechanisms.tex,1691,3c423ce9c3ef578e205dcff6c556498e8e811c75b58b0b50d541d4d72e64af9d
manuscript/supplement/sections/exploratory_phase06.tex,1621,4dd27f39bf8baf2e7b1424973e248c8bd6e52cf4ae0b9f1ba7fa374421de2e03
manuscript/supplement/sections/extended_equations.tex,2494,068600e8f306eb9613dde2acef1254de076af6b9d8270ac74d7d99efc5db45e6
manuscript/supplement/sections/extended_limitations.tex,1681,e3b65bbd67782c87f2278cdd0fbe2dab3fec4b8ce8724853328c49e0f648fa57
manuscript/supplement/sections/numerical_validation.tex,3949,6b53fde0f1cb986ee69ca21d8187ba2ae496cda7c40e95912f963986f428a088
manuscript/supplement/sections/reproducibility_commands.tex,1459,44faecee35f4190d45fd7a64ea4078f204e07dec80f9c32f80da03d4bdf2b6de
manuscript/supplement/sections/uncertainty_identifiability.tex,2351,7e4a52b695a18feab9aeaf1017068ce72ff31ea4e041d90fa3a0af49070642c2
manuscript/supplement/supplement.pdf,299209,4f269157bcd207a078e091629c0f4f1b9cf163557609d12deb5a237bb0a7564f
manuscript/supplement/supplement.tex,728,94e81c76f388d6ddbfd1fe0f3d52d57e1d6666e6338750cee95870a6fcdf120d
manuscript/TABLE_SOURCE_MANIFEST.csv,3031,5752f98c1915ec9ddd39c7a09c623ddc140b5f5173520fa926af43e0c8f493c0
manuscript/tables/active_parameter_summary.tex,1373,7e77c8742cd757cee974a26387bca4a43a2124f3640b96018c4ae800f5e3591e
manuscript/tables/claim_summary.tex,1927,80e302b8af9f7a250548120735420d4630f98675a5e791a518edc48aef47f7a5
manuscript/tables/parameters.tex,1386,ef736d3edee5af8841381ff2d26bbe5c059ddbc5c5b9335b2a411efd5667bcc8
manuscript/tables/predictor_summary.tex,1498,0eae22b0f3a19f2636ba712db0c3fabc4c14c93cfcffb16bc987c3176917410c
manuscript/tables/validation_summary.tex,1831,fa0efbd9fdc254e088e0157ac22a3724544f455e2b054ffd1cdc57df4775296e
PUBLIC_RELEASE_MANIFEST.csv,58362,98c0123b0b4503f350fa3860a1609490b30dbc89bbf3cf422b8d4f6f7eb95120
pyproject.toml,773,61c88f1e47addfe65f48ce4426144b6f4b8985e45a86c644be828abe36cebd14
QUICKSTART.md,2170,52b3811a310f11079f2de7e08f2ce50b95e0b4319002aaae259d06a6100b452c
README.md,3134,eacb08004a821d64dcbfb52b1a91f6a8e12446d55a94ccd6075be6bd9830ce8e
RELEASE_NOTES.md,941,65005894077ee64ab45274a9280843f577435b798770c12c441c11f431995993
reports/FINAL_CLAIM_AUDIT.md,4023,59553b4094fbc7c457db27a4ba515ce39c38dec7bdcd85ff4a34b4e9d5598b57
reports/FINAL_SCIENTIFIC_SYNTHESIS.md,5748,7122d471fa99cceb03609a721ab9e721eb95f66c9c503e96b1b783a45bddf779
reports/MANUSCRIPT_REPRODUCTION.md,5764,f149c2ecbe811b3bce304c04a0ddf2cf7fad9e80345be0171da10adaef657458
reports/PHASE_RESTART_1_REPORT.md,10131,a2d9097453d778457081373e7393da2cd768b2cf7cd57515860aefa669693ac7
reports/PHASE_RESTART_2_REPORT.md,3220,acc56a08488305546a04ef46eba58e6c67d3cfaa5a31e95d586b87ef29b84a7b
reports/PHASE_RESTART_3_REPORT.md,3113,aa49524cd591d903980923d03c7105795dc0e0b0a2dd59037bfd62f73890c577
reports/PHASE_RESTART_4_REPORT.md,5626,acab997d6081f40202895ce3b0e361a4641dca7aefc09e32c4ae82e91f726666
reports/PHASE_RESTART_7_REPORT.md,2301,3034df7b9a01902dde282a6fd85a180f9501c842c4d9f5dd29fc4c2bf51dd392
reports/PHASE_RESTART_8_REPORT.md,3917,213bb111527d4738e2c817b85f3860f5e697306f739094c5d162be03ed327426
reports/PHASE_RESTART_9_REPORT.md,2606,ce895994bc513499fbe3d71e8e7933e93a402dbba53103bd6af1e6c757b85c0b
REPRODUCIBILITY.md,1274,0c6e9f729fb3b15896d9d56648f22b20667871d0c0f1601dc9818b5e3ec82947
requirements.txt,52,8500bbf2c698874cc3daaceff04fb2ff684a6af3b42fbf8829ca4b62156bfe72
results/phase02/caption_discrepancy_table.csv,1267,1353f37778dcacb07cbcc358e3839f405672cb26cb83b2f8419a7ffd148f2042
results/phase02/central_smi_claim_tests.csv,462,17def8ee6e784c8b786c88333a05e2f6f815c834ed67ab947dc3416ed9cd7931
results/phase02/convergence_dt_intermediate.csv,747,d7ad673a84d304258818c02877651e3a8406aae221772d47b953f9b0f047ce26
results/phase02/Figure2_high_trace.csv,658764,3e05c6c157863454d4dcc6f90f4083694021938249759168c5dd465a53a9f0cd
results/phase02/Figure2_intermediate_trace.csv,774549,c9771f5ea496243eef42f59071ddb147ed535d4bf1051879ee906221799e310b
results/phase02/Figure2_low_trace.csv,650466,83ea9915cdba70168e6f96fcef9c257b95d0dd2caa9e6b552c570aed5508a9cb
results/phase02/Figure2_representative_summary.csv,1413,05b54a809885784b925e44b601f9ab35b5085a8037f89379702ef3b2ef17a9de
results/phase02/Figure3_geometry_sweep.csv,64360,53f9af48c9c989264ddde1ddbc73641e500c7bdc7746da83d21e4d7167770e71
results/phase02/Figure4_matched_neck_heterogeneous_load.csv,4257,84c626934fffcad79c122e0a4e13fd1634f4809b0716dc0c15c07ef2759a6ff8
results/phase02/reproduction_parameters.csv,184,cdcb1088ee97512278805a811863c81a6ae356c16214ed32b159e014302eeb90
results/phase03/chirp_validation.csv,552,b19a81425430a2186222b3d74de24cf687f61d2a8a19e843a4ce86c7ac0301ae
results/phase03/falsification_summary.csv,212,90c6b77b51a9388eba932adf0c0ca5eb56f52945601bdbc2bc0366affaf6d477
results/phase03/impedance_spectrum.csv,3296,c1c0f7a9ef0ad6c117a09245e0f57ab6d3c380d8e4bddac33e48366114b0e5fd
results/phase03/iso_transfer_counterexamples.csv,715,dcff0ccd239f480474e5cbac4b533bf02701ccd37442da8062cbf2cb608871fa
results/phase03/neck_model_comparison.csv,915,76429064cd8b86446873079f241adfa773653c3ea0c3ba39e37ab75b281a2619
results/phase03/phase03_summary.csv,779,5f9a0d2aa253a0c700578e19147542733aff4ea699461e1efa271041363c3bbf
results/phase03/predictor_comparison.csv,3036,8c499f556a20003b14e39f50486930a123acdf3c3d210053ddc37073bb203320
results/phase03/sinusoidal_validation.csv,343,b8686d8e2ce52206042eebaeb3d13068de0c1f19aef979a07231bb53ab5b7660
results/phase03/smi_challenge_suite.csv,7439,7667985213814eedfab5621fda7c208a532cd4bccb3662733491b664379b8199
results/phase03/spatial_convergence.csv,741,bac62771512dccfa9417c8c9a3e0657ba9ad19bf82e9a15d656909f79031f5ed
results/phase04/active_falsification_summary.csv,1614,0957c05364550121e18301badff32da7cecad424c94f24c58b55703d7f533f4e
results/phase04/active_impedance_operating_point.csv,1658,01241dd0013e6fe74bffdbd97890b616e928b61ab180479237285880b10b52c8
results/phase04/active_multivariable_diagnostic.csv,473,676fee98bac5999b86b6087290d9f356cdd5e445e9a969d6fde580bd0b621889
results/phase04/active_predictor_comparison.csv,27797,5598013db0755e40ff2a9200c6b9facf4e2bdb45aa30aa579bd85cdc2c49baa4
results/phase04/active_protocol_library.csv,5372,953bb10520b03f1c3d6638ff84886a81cfe0ce582f47c8c0d425e33d4eaa9970
results/phase04/active_smi_challenge_suite.csv,24775,2b3839a2b1b37aaeb00e26c662ac740da96d582dc24524323d7d8fc7d6af4257
results/phase04/active_validation.csv,899,93c6738f2ad605a32650392894e4178f8e07632da4d91e5729c7995bde5ed0c0
results/phase04/phase04_summary.csv,2062,d3b21eac8b11d41cccd2ef89813bc2ff1aacb75fd22cb3c20485407378da7ccc
results/phase05/claim_robustness.csv,880,7d85a8f31021dff23dcc7a626aed841a1a66cd9d516fe95dfd691eaec62af37a
results/phase05/counterexample_prevalence.csv,390,ce5c42872f9f683b5f5425f6f22372a1852102fba29f3ab1e2eadada5f5a9897
results/phase05/global_uncertainty_samples.csv,65932,d5888e404bceb04dc0e6ba14b51ddc841c3e2f1f8c052b3bcc847e7939db55d8
results/phase05/identifiability_degeneracy_examples.csv,21103,cc96f5b27a370ad0775c70d060948cf9505644fb631df0b4dc3fafb2b5254064
results/phase05/local_sensitivity.csv,29398,eff983792ee069c74904dfc34dbfc3ab2b0d479b456825cf496b8f6bf46311d1
results/phase05/phase05_summary.csv,1867,8d3b2242404523fb845342e50b71036cabe3b4bfcb59acb694a8ca40769ef41b
results/phase05/phase05_validation.csv,444,b28d5458c9dbb96a5d9030a4eb641fec2348c185ee7d6fd4851484c93d51c165
results/phase05/predictor_comparison.csv,37735,546f18f29cb0e1e99006f888e0aad848d48c51c137b4fe544bc069f19542034e
results/phase05/radius_uncertainty_class_stability.csv,10093,efa77612fa05ff6259c00a0eaacd70f79efb9e04c915ed0515c9ab4cd7d4bace
results/phase05/residual_analysis.csv,6293,54bafd0650dc80204fa82f1d8005ed80dff581db501cbe27d6f4bab4b6457e00
results/phase05/uncertainty_decomposition.csv,15319,9c4f61362d93d642973b74da3099a3853de8b0ca7f62a2ba0b53187fa5f365f2
results/phase05/uncertainty_distributions.csv,1527,7ce89efad2ca137fa6fad198925175142633e742631809fdcd478697cc74c400
results/phase05/uncertainty_summary.csv,1878,1e95f473fa54b8b171c409d3903d156e3a728d85813ae2ddcff81c9a87770825
results/phase05_1/claim_reassessment.csv,1158,d5cbab68b30c0612368beb9088fb462209a95f0f03146e7a74a9edc936bef5da
results/phase05_1/convergence_cause_diagnostics.csv,1214,1b9f319fa26039b4d348b1c2b19d9945ce0d13656417b712f7cc7e374d9399b2
results/phase05_1/counterexample_prevalence_by_n.csv,1939,fc0d766c589f3e6877c67a16beac5a0044ff68974b6cb46ac5e105d86ab1c2a1
results/phase05_1/global_uncertainty_samples_N192.csv,131343,71fce55d0d296db2c69deb8ebccaa2ac479e9da3ee99deb28977892dfdcefa54
results/phase05_1/global_uncertainty_samples_N384.csv,262148,ade5676015319c7a8adef8a4b5ea7b3ce77500901295d2f5d5d77076b771b1a7
results/phase05_1/global_uncertainty_samples_N768.csv,523503,fc26f412f0e8b44410897f6d03a6e3e524fb8232f70d94f531081960a6ccff7b
results/phase05_1/global_uncertainty_samples_N96.csv,65974,9e7bf81837f7250ff7390da0b5c5bd022902e21890446dfc2398c8fe3f1fb72c
results/phase05_1/phase05_1_validation.csv,416,6879bdb970780ec95660e92d12a7102e5cc71f1d8784d904ea390162b8e31349
results/phase05_1/predictor_rankings_by_n.csv,55000,adbf6723614118a4dd40c042ab931c8ffc208e37171d4baaf2e5b3c06dd27ae9
results/phase05_1/predictor_stability_summary.csv,10858,c942dd1da81835d095f0511b70b8895042822e65e7970242e8b0826a6fe0f7ab
results/phase05_1/progressive_convergence_deltas.csv,10257,e2697f45b5e5d9793a92c4721bf87f31b3bd81a8474ff042a481743369cefe1a
results/phase05_1/progressive_uncertainty_summary.csv,7420,7f50d68ac1c4c8507eb72a573728deb697f7610e60fc0249cc45b9fd94c603ed
results/phase05_1/radius_boundary_examples.csv,7237,413f035bf08276e0923c4cd55f7f3300fa9f867b35f647007db469401c5e4af8
results/phase05_1/radius_only_uncertainty.csv,260899,b440b489813d93468ed6bf9b282c22909500523965c64333bda020a678aac4c4
results/phase05_1/radius_uncertainty_by_n.csv,774,4f55bf130f1c2efe672173cdcd6b076e6ebc9274f0419325c3c06ef313fa8038
results/phase06/claim_classification.csv,1147,d7ec2061d98c5d480fb84c40bdeb9c9e5b4e174f7169ea72759fcdba5510372e
results/phase06/epilepsy_evidence_table.csv,5785,a63ceeacffd0f32b30cbaa7c4a4be4cdfde745723b6e4dbca2022b792d6c982b
results/phase06/falsifiable_predictions.csv,834,57c6370b27518be70a2d7f66b3816cb9a21337d1ab80c7b18a84fed557ed94d8
results/phase06/matched_baseline_comparisons.csv,27047,b28578a18ff506d0fb811cfce5312da190eb035b376efed300b4d4f78ae02d21
results/phase06/mechanistic_decomposition.csv,1493,87f518abe66d617fb8d9f62010f282ef91e0265dd300894706b1b6c81c4028c4
results/phase06/phase06_validation.csv,603,45c060a6cff61328f2299d1163a7572c1e29af70c114d7f6058bb326d27860d9
results/phase06/predictor_table.csv,4929,cee86f61ef68b08048f84568399caab8fa23865522c09bd6339225cab68fecb9
results/phase06/provenance_metadata.csv,164,e4c1b1604199bed111a30d3348446b098ccb2d200e7fcccab62af4f50abd1126
results/phase06/scenario_definitions.csv,2393,29b5a187b437d62f1bc4283cb2811bef5d590cd24ad9663790743ea45c86df14
results/phase06/scenario_metrics.csv,19468,db80ada87d39b79508aa0ffe4948d349b44bad8fcc6e058cbf0511d9b2fe32fd
results/phase06/scenario_uncertainty_samples.csv,61480,eb2d703121c130de9bb25e2270d4539d58abe18405bc78d681a34d15ad7a41fe
results/phase06/scenario_uncertainty_summary.csv,6672,bbefb5d70af3e879e76e7c9d6bb875f1ba91daeafb9ac22254d81f6b54ab966a
results/revision_restart/phase1/diagnostic_figures/phase1_absolute_residual_vs_smi.svg,288777,43388477ca0c5502dacb7e910038f8887a2d54667d9327a089c7076d3a56b0bc
results/revision_restart/phase1/diagnostic_figures/phase1_observed_gamma_vs_smi.svg,290564,b2c14fde52f87c1295becd6a2e4dd63512e923b4f44c8cf9486c5efa5e804a46
results/revision_restart/phase1/diagnostic_figures/phase1_observed_vs_divider.svg,290810,558d81acdac846a8fc970d3f9f2e669d90327cb5c20d1592abda501c1bf3694b
results/revision_restart/phase1/diagnostic_figures/phase1_residual_vs_smi.svg,288741,75f350e976b0251b5ee2f4d5d6d431c019b12bfc98d1813e0f22e7d051cd0908
results/revision_restart/phase1/phase1_active_passive_residual_comparison.csv,1501,0c3a10e28fd1be5f02f84c12ee1fcf33366a8c4a44113a47db22601735286324
results/revision_restart/phase1/phase1_baseline_target_residuals.csv,1817,839fdd22c12e7a5bbf0186e98dcffce32d04f2b0ddeb7b5789d381133873e380
results/revision_restart/phase1/phase1_data_inventory.csv,20884,05f43bd65ad585b2dc9829e3bdc0d179bba21c2b1c7124791ab106fc3a14c83b
results/revision_restart/phase1/phase1_divider_residual_rows.csv,2209873,a66257070e126d29b1569c6522201bce80df840f22fd8d2e813379de92330dc6
results/revision_restart/phase1/phase1_divider_residual_summary_by_dataset.csv,6489,2d72983402f7d348ea4dd476b910e8b8b00242a67b108c4d219aa8879b558a47
results/revision_restart/phase1/phase1_divider_residual_summary_by_regime.csv,6745,8b75f3737841d34c0dad5fc35de775f16255805f193da8986f41c5b51bbf70cd
results/revision_restart/phase1/phase1_protected_hash_comparison.csv,31573,0b1b2862c2e6a0beb4e9c8a529db72891b385b80f38a5241a680d5865b383d96
results/revision_restart/phase1/phase1_protected_hashes_after.csv,18914,c846d88de4f079ed49f3eea007b186b811c042cb3a29bf4cfbb9fa9dcc25a509
results/revision_restart/phase1/phase1_protected_hashes_before.csv,19862,68113d0ff8636abc79cf9093ec78f90f4bef08101d2d4df3f02744843762c8b3
results/revision_restart/phase1/phase1_residual_outlier_cases.csv,24856,062ecea7cb4a0d9144a79688c1db9240b1ce3c8aa23cbb1f917fd6773498bc5b
results/revision_restart/phase1/phase1_source_manifest.csv,55933,2a8a67465ac6140606457f35672877b740bbec3d212d18cf487a213f7c36d1a7
results/revision_restart/phase2/diagnostic_figures/phase2_attached_vs_omitted_rind.svg,289509,ba2ab703d847d24151d17c5dedbf91ec6853a0d86d9b12acbe8dd3b06f3ae166
results/revision_restart/phase2/diagnostic_figures/phase2_attached_vs_omitted_smi.svg,286591,1175bb4f2908daa40bbf590660ea0b89ede9ad4f88429da94d974dff19ffdfda
results/revision_restart/phase2/diagnostic_figures/phase2_observed_local_vs_gamma_divider.svg,289547,eb45c7857256e99ae7bd1c73de65b2030d24c015e91277c39f368084d4750f26
results/revision_restart/phase2/diagnostic_figures/phase2_residual_vs_dynamic_smi.svg,247980,0e93ae01121ac65b20e70b24bf273c2cad002f29cc50fb2d4f0da813727e98eb
results/revision_restart/phase2/diagnostic_figures/phase2_residual_vs_r_in_d.svg,289728,ff9dc77dcdae8b8bbbff2c0f73e7abf979b29330d12a8d4c54b7f96957d5c604
results/revision_restart/phase2/diagnostic_figures/phase2_residual_vs_r_neck.svg,288031,fa7461f7b40c391e7d63b4d5b3a01b9a02525ce7dc10c88b4276d1713eb8de3c
results/revision_restart/phase2/diagnostic_figures/phase2_residual_vs_smi.svg,287740,9ad40d9b0ec0e2917532bafd64522a98598b4600da5eb2c03582ba5415229b64
results/revision_restart/phase2/phase2_descriptor_recommendation_table.csv,31538,e068b0dd23ce9f49ef811e8805cc40870a0167ea4e404168c168b838099e7e64
results/revision_restart/phase2/phase2_ratio_vs_components_model_comparison.csv,227992,ade4418e90f4c2a611025048cddc083803cd741b5f1b4bc26f96c60bc93b3525
results/revision_restart/phase2/phase2_residual_predictor_summary.csv,10278,eaa7b54bca26ebdd6fb1f999249464ba2debbd015ccb174c9afe6f70aba1b6a5
results/revision_restart/phase2/phase2_scalar_descriptor_correlations.csv,104650,5a65a730f8ef5c2955152eab286b07ad7eb0d5ba1e6c7edb3b4a0234a33cabdf
results/revision_restart/phase2/phase2_source_manifest.csv,29629,5b9ef57cf4d766a6d2863f07ac94e1025062fa0b653d7af6732de0768056412e
results/revision_restart/phase2/phase2_spine_omitted_vs_attached_rind.csv,2162975,e2f70ffcef8f6739d9970ae47cfd40bc2d8b044ea9bc4a582869f1c05791de27
results/revision_restart/phase2/phase2_standardized_descriptor_table.csv,2896509,55ff2e55770fce1b264bc9e51d4be01bc4d2fa9b58f12f5f877dd2ef9a09ecb0
results/revision_restart/phase2/phase2_target_specific_descriptor_summary.csv,23450,c997fcaa96263da955e75a16af5777d1f2ba90da8ae9737a560c0516e755fc94
results/revision_restart/phase3/phase3_descriptive_sensitivity_summaries.csv,43420,07b18bedcf6f6d52fbd33268375a472afbcd10cc5f8f779c3b9ab239263f1bf4
results/revision_restart/phase3/phase3_design_permutation_checks.csv,2215,dc6f297cc79268e9cece13832eb979ff8391fef352a5619cd4d2911605873af9
results/revision_restart/phase3/phase3_high_smi_coverage_audit.csv,4567,da379076702fca255841730d7704632701d702e522f82c817711de4f616b5eea
results/revision_restart/phase3/phase3_interval_classification.csv,21009,6725000d09756ada3af31bc1337098b8b8afba49a8784f4d60ba6c32a342aa00
results/revision_restart/phase3/phase3_predictor_family_summary.csv,41826,126904cd54b9498b764a11f5ace18c04dbc0582ff2c1f305a2484e8c1109a5b0
results/revision_restart/phase4/diagnostic_figures/phase4_independent_trace_overlay.svg,122142,0278c2b4a7ede817e191dc95041c57fc81f1156c613eb38f53b7c4f17cd84d3c
results/revision_restart/phase4/phase4_be_cn_peak_comparison.csv,2629,a73bb2d6b674d5cddd0915a4641ff7ec6c24a31c820a68ff0b020f032ba7534a
results/revision_restart/phase4/phase4_dc_analytic_benchmark.csv,2991,ff93f0a52ecef1804eb52cdc0d5f083c4bee52661fea8fbf36f769428ced2dd6
results/revision_restart/phase4/phase4_independent_matrix_benchmark.csv,4413,16972c8221c0a3f3a2627af3a96852ab06ba88528d750e086c3889567e7f9272
results/revision_restart/phase4/phase4_protected_hash_comparison.csv,31364,6939c5faffef93ce9982c713b6b1a175fef42e6047374744d480a5c0453a76da
results/revision_restart/phase4/phase4_protected_hashes_after.csv,19715,8338a0ceef86a6bbac367a51a80a80a539d3a7a804b18bd6b3bff774cdaff327
results/revision_restart/phase4/phase4_protected_hashes_before.csv,19715,8338a0ceef86a6bbac367a51a80a80a539d3a7a804b18bd6b3bff774cdaff327
results/revision_restart/phase4/phase4_validation_summary.csv,799,2a9f84a02c0fa502740d434d86059f81a5b2ee3f9d26c28aa114653e4c1da253
scripts/make_checkpoint.py,1889,45c1cbe6d4cce6ef470f7eafea7d0dc7acf8659ce5ca6c9de4bb2b70edd17190
scripts/reproduce_manuscript.py,308,c7da9bac462c1fd2a89fe67d62617f3dbf6221a7f4ab3427b96b4b1ddd2cd709
scripts/revision_restart/phase1_divider_residual_analysis.py,29725,be1d2eb86de38c8b27aacb4aadd41fd8f33786ad80d247ed2e999e5bb94ba03b
scripts/revision_restart/phase2_descriptor_value_analysis.py,28824,c8bee6391d206320fb7fb4ee2fc432fdc9349cc4d095ebe29b61007d1f63d7f4
scripts/revision_restart/phase3_statistical_reframing.py,43830,c2ef9fdf1818b585d81a73e0425de7e74baebae3781365980bfe314769573075
scripts/revision_restart/phase4_independent_matrix_benchmark.py,24966,06124be397ac9b3f79a96589105c52e62a56f00ea4ab51222167d1624a335777
scripts/revision_restart/phase4_validation_runner.py,9313,c53dae97b8b891602abad82e6c807ccc3cd47fd61c091c9cf23a5a52c0131fe5
scripts/revision_restart/phase7_generate_divider_residual_figure.py,6410,4c8df32700d17de039c71d5631dd3c1308932fdce0129e7658ad460b5c4bd43b
scripts/revision_restart/phase8_final_qa_audit.py,19758,7523a9b0e9e142a435c88a5811752ee08d5dc158283ddc447c1cbd192d67c5ce
scripts/run_phase03.py,274,38112739a7f6ad39476231cf3e56d35e4b9edbffaadcf1638ad3a82067b14933
scripts/run_phase04.py,274,5bc99baf6e9304a8f031a89806dd014a153efedd595be7665a9206b9a81e156b
scripts/run_phase05.py,274,e58b75215020033e2128c79774f473831b88082a93bb3eddee4bd99a145fc22a
scripts/run_phase05_1.py,280,b85114f7eb0d9b8fb4c3e9296ed93ced13b3c04eb5f6bbcf3ae0a9d174564112
scripts/run_phase06.py,262,35486e713adcc6306786efb220a35443df829b9a7087daef12391a75c3446a0f
src/spine/__init__.py,284,17e733f9c90fe30b88074d89265b8def182ca66208f82d94bf209a17c66b24bc
src/spine/active.py,12653,1d2cd0aa633fbf9c9da86c71a18febe337d537150e260f0cf5db55835f0e26fc
src/spine/channels.py,9262,b65c8dc8ebc7a5f1411dc0af5acd5dfbed1f04234009748817bcbe7b6043d5a7
src/spine/cli.py,2735,565549f3f2abeae096fd55aee0757b924eaed65d7fdb5b8ceb118053f3525e4b
src/spine/compartments.py,1086,438a7e256391063ac0b817711e86544fe5144990f05a92af3e8e5092b3b2c812
src/spine/config.py,702,23213e43ee03972755fb0f0f65902f8157fcd3de11935efc3249266eaeacca0c
src/spine/geometry.py,4234,3e74adb91ad11297da96b222ad715852c0a9dcc0be0ae1c46480ae29bd940d68
src/spine/impedance.py,10918,c8ee75e9ac7848c6dc78c2d0e9c245a020a1ef052d0b91b1fde98e507b2af483
src/spine/io.py,973,3bd7b060658286dc06b11e493b26ec7c81589617733c3936ed798aa4a18d438c
src/spine/metrics.py,4279,024af59bed7cb3d8480fb16bcf0d3fd2d301af516d2efd8e62f65b9e5a847722
src/spine/morphology.py,9062,f9cf9271f5c88b878b31345459b5e63768b0939748220d0cc70c79c96d53beeb
src/spine/network.py,6076,1f0e5cc86c30f1f2d587c1b67c2204ce2327e60ecbd12d75dad56589ae3c50f1
src/spine/passive.py,7599,19407d756e08303814ebc163d82641b7a66b684127f6b15632dc23f8d4c94254
src/spine/phase03.py,29746,154e151a214b7ce94ce37bfb81570de2d7d7c58d3bd86cc6ff12002a1fc4cf7b
src/spine/phase04.py,31793,1ed00065e85430996f7831c3085cdc545d39013e55bc6cf8a5deda295f344736
src/spine/phase05.py,42586,6be8dc3faa6c234992f2ed37d42510ad04629c8f4cba581d210240a601cd0423
src/spine/phase05_1.py,25716,69b0d453e58ec668964ea716babc092c0a31c382aa054e62b12eaad4be6744db
src/spine/phase06.py,45802,016cfbcec53db54dcea3bf2570bcc3650e28b8cf176b0bc7c5b2bc11a7cc4282
src/spine/plotting.py,1159,95c26eb9924eff36868f963a089d95aa974d514b418e88d3416f741cdfe2c38f
src/spine/protocols.py,26719,5979da336c50cd03881d588a4a9b8f6de74070129d7128ffee5481358938009e
src/spine/sensitivity.py,67,31cef7f9022da0a5c9404d139d455b50c93a7175e2fe07e217f3064bf80d140c
src/spine/solvers.py,130,2d6370b6ce09dd212086130c06fc63a624512df178629b1572ff2e04c3abf9c0
src/spine/sweeps.py,67,538b6d8ed78eb6d6b4a0d07c13c5776d1373b76a610b550a284ea031ec993ff4
src/spine/synapses.py,9326,500fdb262c27c54301e04607e123d4f168ba1d36a78ec5391634076e2b881c42
src/spine/units.py,2154,03d1758eb421d74c80543894f186683ef1106c81d3867c13ca60e5e7dfec0a45
src/spine/validation.py,76,0c40a14ac87df796db6971a3e5d8c7c496c709ce67a876f0333044b706ee1823
submission/final/CLAIM_NUMERIC_AUDIT.md,2458,395b40e48ab81a3d17fae852c6583fc55cb87d8b7ac4dafc95b9a06a3fa1d389
submission/final/FIGURE_QA_REPORT.md,1432,b77b8078210ef16b9aaa755cc2eb95c6b835da4f61649b5b9090a6ec44caba7c
submission/final/FINAL_HUMAN_README.md,1004,665e13749362cd1fbac50b57f3034ef5ad61713c52ec0669b8cdafc4f895273f
submission/final/FINAL_SUBMISSION_QA_REPORT.md,1725,9ea92da16739a734402974bab5e732a1484d97ec2077a7fb979e961769bc7118
submission/final/GITHUB_ACTION_REQUIRED.md,581,b70f81e3805eb800ba98f774a54a3cc4828b9e49e71047ac81187da74d2b8b54
submission/final/JOURNAL_STRATEGY.md,1692,79fe36c7f8f7771fbfeef311c93920f417a5edae666397e5f9c6bc81ec257e63
submission/final/RELEASE_AUDIT.md,1249,ec333a1298793e36f9da1e1cd1ad4678d7ee921abc8c11d55ad1f18d85e3ec9e
submission/final/SUBMISSION_PORTAL_FIELD_GUIDE.md,6015,6f24d13d561c09d40e2193a36118d959f2693eda50ef2c6a580a50759144c8da
submission/final/ZENODO_DOI_ACTION_REQUIRED.md,996,b0d386a397a02078b4d34c36286f1088d27be5bb7a97d204b19577b840b33512
submission/nature_neuroscience/build.ps1,3008,dd0e59777c56bf43af43a9508c20b192f81c2d6f43b628c439923da544a02315
submission/nature_neuroscience/build.sh,2253,aa6c95c8aa63994c9c3773ed794303793ea4402dd7e3a374dc34ca5ebc9e7215
submission/nature_neuroscience/BUILD_INSTRUCTIONS.md,1592,db896ce4183f7cb74a3b39ce3201345d3c653c9879b260a5ec5a21b05e325e35
submission/nature_neuroscience/CLAIM_TO_SOURCE_LEDGER.csv,7886,1681dbe921cccc954eb192fab01a01ac0b493b11d146e4cef7b2b248581e52d3
submission/nature_neuroscience/cover_letter.docx,37646,f1e7250e3ae422bf3452f8ae14c154eb1203381c874f01f763914fdc6ce25232
submission/nature_neuroscience/cover_letter.pdf,3023,7c428c32b2683d53be75ebeb273074894801cbb27a885d16161cf1dd7a798e7a
submission/nature_neuroscience/extended_data/README.md,211,b115f108872796db5000fe8499068d9a01865dcb1635cf963f95f084b9cead22
submission/nature_neuroscience/FIGURE_SOURCE_MANIFEST.csv,6329,8c842288633df53f676f7aa4d300c0b3729818435ea163cbaf285355472612b5
submission/nature_neuroscience/figures/Fig1_architecture.pdf,55890,85e14c8e22575a248461dd08f7aef445b729711be4e0fd4d976f8dc733875f42
submission/nature_neuroscience/figures/Fig1_architecture.png,33184,dde8a36bc289c8e5c019bb226192a55fdcdc828d88695d40b546b629336ff7e4
submission/nature_neuroscience/figures/Fig1_architecture.svg,6674,70b7a54c25e8eb19123464a53f95607ce8ca9938811bb4c938257685457bce78
submission/nature_neuroscience/figures/Fig2_baseline_traces.pdf,476747,149c85ea8fba58fb7253e55bdb9e12ea88c7689399e2215b1fe63f7f5eb1d24c
submission/nature_neuroscience/figures/Fig2_baseline_traces.png,34218,baecfdf730ae708fe5677d4d8fab37c82028f1e7b523894609f04a5b88f65f2d
submission/nature_neuroscience/figures/Fig2_baseline_traces.svg,1196267,948c7f7cd0d5d37fbb3af7bec57a2661419ea50dd6de0d0ab3a6c22cc786fdfe
submission/nature_neuroscience/figures/Fig3_divider_residuals.pdf,134447,c01378b8fc1c746675fcab817ade5067b3edad4ea907abc199e31e70f37f94dd
submission/nature_neuroscience/figures/Fig3_divider_residuals.png,282794,4a11d0f2236f9aaa5d1f2802a27e1075d1f6cd8d9519f03616b99a9ff54ac4b2
submission/nature_neuroscience/figures/Fig3_divider_residuals.svg,1315915,f2d76877da688f200de1d9893454ea44d1f28a0012d927617227170ca85599fe
submission/nature_neuroscience/figures/Fig3_load_normalization.pdf,70546,2060a444d655e85aec4a36962a9b99f0d3bab48b83199d0fe0789f742b03f74a
submission/nature_neuroscience/figures/Fig3_load_normalization.png,39693,9dfc67094d28b8e91c060e546e426cbb2491a35ef9025fa5caf2d29903078551
submission/nature_neuroscience/figures/Fig3_load_normalization.svg,99124,147f1013a5882a3292d4efc1be05be5e65a3b4ec1ee282fb16c860f9299e0087
submission/nature_neuroscience/figures/Fig4_passive_domain.pdf,5179,6a2b0e494bbf7159f0f3cabcfd9f91c73ed6e8962a40403731faee8503f35692
submission/nature_neuroscience/figures/Fig4_passive_domain.png,37424,8640f0a0f853bdb2eeca9dd0d5e1eb3a140263aa28fb25c778836311e8faa28f
submission/nature_neuroscience/figures/Fig4_passive_domain.svg,15045,0a6a198fcda488b354b2129a9bf8562136876a3bddcb5c728d0b853ebf3feaf9
submission/nature_neuroscience/figures/Fig5_passive_limitations.pdf,7028,07a1082bc10a516bd69ef552f62bf0d8ea6a6eebdf7a54a155dacdf798b18fc1
submission/nature_neuroscience/figures/Fig5_passive_limitations.png,36749,12556908c1577253a929fd054bc0d530571dcf90a16713e94080f53ddaa9efd4
submission/nature_neuroscience/figures/Fig5_passive_limitations.svg,20504,e60fe5cc8ba15ea3ba679f13f09d7f7f16b98d4089dab77f75aee96ce81f0027
submission/nature_neuroscience/figures/Fig6_active_domain.pdf,10041,b94981c9101ba42603a43b53b6de6bddf12b01be7c4a2a5f80d36321c6c53fc4
submission/nature_neuroscience/figures/Fig6_active_domain.png,37424,7c9d83ad288ca24d7c5c00ecf3bdb8aa59b9d97a2bc0247b1e3fcef3354958ee
submission/nature_neuroscience/figures/Fig6_active_domain.svg,25031,ecafcd7844d82511014a441475c90785c322933758b744234abf0bf2744102f6
submission/nature_neuroscience/figures/Fig7_uncertainty_radius.pdf,4885,99475e3aefccb9ce3f1d605aed6ce386a591910be3728192f9ae7aef5af5a14d
submission/nature_neuroscience/figures/Fig7_uncertainty_radius.png,339586,210e22bda02b319ac61c7282506bc686a8d21ad3e30f6a7061953abe8d232b42
submission/nature_neuroscience/figures/Fig7_uncertainty_radius.svg,19243,61ef59ade41bc67587e517608801919f807ecf2d210fb7d9e3f2170104d4eb79
submission/nature_neuroscience/figures/Fig8_summary.pdf,93772,660af14678b6e8dd5fdc7cd113ffd96905aea67faa88aa091563d8e709466ae5
submission/nature_neuroscience/figures/Fig8_summary.png,49695,b075c2ddb43c7b6bf632848674500114523b8a1c9a71a6c7ab9ff9335b354c3d
submission/nature_neuroscience/figures/Fig8_summary.svg,10327,7f232d8f8407e68e28b12737f80a5992b6f21725f11ae7e9eab69cef6f8f6874
submission/nature_neuroscience/figures/FigS1_fixed_load_heatmap.pdf,6348,e933a3ea8c6ff281cfc7982f90a46c8c747d65cbd33729a727e1706dcddc6652
submission/nature_neuroscience/figures/FigS1_fixed_load_heatmap.png,22857,83b93e2514ed56b0da50427877f9e4bfa0e0ec8eb4ce5d5b1b9289d11118d72e
submission/nature_neuroscience/figures/FigS1_fixed_load_heatmap.svg,58544,532a7aa7e73fdb719f4b1baad56cefc123071f69da51a26202a11d60e1d61a6d
submission/nature_neuroscience/figures/FigS2_dt_convergence.pdf,2236,44a7c803f1a5e779dfe2d0154524b1671447d8b2f92eb0be17d2d29d09eb6af8
submission/nature_neuroscience/figures/FigS2_dt_convergence.png,10590,3e8d31cc2d87ee175734453de88a8d21bd6d71705a92bf3739cb714be5b236c4
submission/nature_neuroscience/figures/FigS2_dt_convergence.svg,4147,02f3b58895a39d4e6fd0f04256d60a6a63fc18280d22493a6fa509e1dc91d2ba
submission/nature_neuroscience/figures/FigS3_spatial_convergence.pdf,2213,bd51489b0fadf1c211abfc4f96f902d3aeef4cb9fc610b7c06b2b42c6a659005
submission/nature_neuroscience/figures/FigS3_spatial_convergence.png,11957,75a50c2aadc458ae5a0926096201a19f57474c8bb13246fb4dd158b0cb873f5b
submission/nature_neuroscience/figures/FigS3_spatial_convergence.svg,3822,eeedda591251a706d17f695b3d4d4cc5e3b90401a7a9eab2ae619bd78726b589
submission/nature_neuroscience/figures/FigS4_neck_models.pdf,2319,f0b2af8f25ed78466a666f1417c19d7b94bbc01f4ad1227fa4ceff706802a2ca
submission/nature_neuroscience/figures/FigS4_neck_models.png,12733,782219f1453c74d59d23c4db887dd718b7adb46faa366f0af326cc9fbb7ee1d0
submission/nature_neuroscience/figures/FigS4_neck_models.svg,4391,f580f1046ac5c98d29797dcb41993db0e3e5fd2bfc2e8d36e3906782af529114
submission/nature_neuroscience/figures/FigS5_smi_interval_width.pdf,2338,d98bc97fcce49b189e312533fa0afe2f9028f4c20340367e07b74f9ea8a113a8
submission/nature_neuroscience/figures/FigS5_smi_interval_width.png,128772,0b527509c31fef3e3a7dd195f381ced520cb516b6f27491f67d5a4de3da1312e
submission/nature_neuroscience/figures/FigS5_smi_interval_width.svg,4309,c513846ad5bba788f659c415ee2bfbe9ba536507b95eaa4a24428d0bb156c0e9
submission/nature_neuroscience/figures/FigS6_active_protocol_strength.pdf,3199,b4f136aefcb477335733650f1804ba05f4fe413536b4605ec183407e3c3837b4
submission/nature_neuroscience/figures/FigS6_active_protocol_strength.png,17298,7b8dc00328262d156729c77c175e5bd116c45a9de4db1e0616ec70bee2c9e647
submission/nature_neuroscience/figures/FigS6_active_protocol_strength.svg,6335,23a57f2322c7b9f8decadc3bc666a541833d284a398a425382a9f957bd50a2db
submission/nature_neuroscience/figures/FigS7_active_impedance.pdf,2742,7f5cea2715427fe71828190730d711b6c64a7d510ca3c39cd26203945b4d3f51
submission/nature_neuroscience/figures/FigS7_active_impedance.png,14053,854321b45aef386e1bd80a0ec961a9a74d6036b4c0d8a106d8c2d5e45fbaf4a8
submission/nature_neuroscience/figures/FigS7_active_impedance.svg,5203,bae590bddaebe569faf3a774ccd3b2f0ecec4c113076af07c81611f205943e8c
submission/nature_neuroscience/figures/FigS8_phase06_smi_amplitude.pdf,3777,69ccdd99e548ae2e511a6bc1ccd26cfbeffbff42ccb3aa1c442c587d0bff2173
submission/nature_neuroscience/figures/FigS8_phase06_smi_amplitude.png,11290,4639ff439f62dc3ddc384e319ba5f5628878d53ef79c78f6006fabcf44da8f3b
submission/nature_neuroscience/figures/FigS8_phase06_smi_amplitude.svg,5981,ae0b8c6eb615cbc921a87b5135c014a107607f2841dd0a15892d87cc1722ab95
submission/nature_neuroscience/figures/FigS9_phase06_uncertainty.pdf,45647,d2f2896de13eb6a00dcc8dbaab28029cfaeae9ff29c711419d02cbbdbd4871db
submission/nature_neuroscience/figures/FigS9_phase06_uncertainty.png,20171,d28a5940db2555e1f49803c7e0e61eb71f1e5d04f140657731b0056c1c281805
submission/nature_neuroscience/figures/FigS9_phase06_uncertainty.svg,11256,edd6937d916116621a354a446c659c9ec663fb2ac0c7813092b0e8eaae28d98a
submission/nature_neuroscience/figures_publication/Fig1_architecture.pdf,55890,85e14c8e22575a248461dd08f7aef445b729711be4e0fd4d976f8dc733875f42
submission/nature_neuroscience/figures_publication/Fig1_architecture.png,33184,dde8a36bc289c8e5c019bb226192a55fdcdc828d88695d40b546b629336ff7e4
submission/nature_neuroscience/figures_publication/Fig1_architecture.svg,6674,70b7a54c25e8eb19123464a53f95607ce8ca9938811bb4c938257685457bce78
submission/nature_neuroscience/figures_publication/Fig2_baseline_traces.pdf,476747,149c85ea8fba58fb7253e55bdb9e12ea88c7689399e2215b1fe63f7f5eb1d24c
submission/nature_neuroscience/figures_publication/Fig2_baseline_traces.png,34218,baecfdf730ae708fe5677d4d8fab37c82028f1e7b523894609f04a5b88f65f2d
submission/nature_neuroscience/figures_publication/Fig2_baseline_traces.svg,1196267,948c7f7cd0d5d37fbb3af7bec57a2661419ea50dd6de0d0ab3a6c22cc786fdfe
submission/nature_neuroscience/figures_publication/Fig3_divider_residuals.pdf,134447,c01378b8fc1c746675fcab817ade5067b3edad4ea907abc199e31e70f37f94dd
submission/nature_neuroscience/figures_publication/Fig3_divider_residuals.png,282794,4a11d0f2236f9aaa5d1f2802a27e1075d1f6cd8d9519f03616b99a9ff54ac4b2
submission/nature_neuroscience/figures_publication/Fig3_divider_residuals.svg,1315915,f2d76877da688f200de1d9893454ea44d1f28a0012d927617227170ca85599fe
submission/nature_neuroscience/figures_publication/Fig3_load_normalization.pdf,70546,2060a444d655e85aec4a36962a9b99f0d3bab48b83199d0fe0789f742b03f74a
submission/nature_neuroscience/figures_publication/Fig3_load_normalization.png,39693,9dfc67094d28b8e91c060e546e426cbb2491a35ef9025fa5caf2d29903078551
submission/nature_neuroscience/figures_publication/Fig3_load_normalization.svg,99124,147f1013a5882a3292d4efc1be05be5e65a3b4ec1ee282fb16c860f9299e0087
submission/nature_neuroscience/figures_publication/Fig4_passive_domain.pdf,5179,6a2b0e494bbf7159f0f3cabcfd9f91c73ed6e8962a40403731faee8503f35692
submission/nature_neuroscience/figures_publication/Fig4_passive_domain.png,37424,8640f0a0f853bdb2eeca9dd0d5e1eb3a140263aa28fb25c778836311e8faa28f
submission/nature_neuroscience/figures_publication/Fig4_passive_domain.svg,15045,0a6a198fcda488b354b2129a9bf8562136876a3bddcb5c728d0b853ebf3feaf9
submission/nature_neuroscience/figures_publication/Fig5_passive_limitations.pdf,7028,07a1082bc10a516bd69ef552f62bf0d8ea6a6eebdf7a54a155dacdf798b18fc1
submission/nature_neuroscience/figures_publication/Fig5_passive_limitations.png,36749,12556908c1577253a929fd054bc0d530571dcf90a16713e94080f53ddaa9efd4
submission/nature_neuroscience/figures_publication/Fig5_passive_limitations.svg,20504,e60fe5cc8ba15ea3ba679f13f09d7f7f16b98d4089dab77f75aee96ce81f0027
submission/nature_neuroscience/figures_publication/Fig6_active_domain.pdf,10041,b94981c9101ba42603a43b53b6de6bddf12b01be7c4a2a5f80d36321c6c53fc4
submission/nature_neuroscience/figures_publication/Fig6_active_domain.png,37424,7c9d83ad288ca24d7c5c00ecf3bdb8aa59b9d97a2bc0247b1e3fcef3354958ee
submission/nature_neuroscience/figures_publication/Fig6_active_domain.svg,25031,ecafcd7844d82511014a441475c90785c322933758b744234abf0bf2744102f6
submission/nature_neuroscience/figures_publication/Fig7_uncertainty_radius.pdf,4885,99475e3aefccb9ce3f1d605aed6ce386a591910be3728192f9ae7aef5af5a14d
submission/nature_neuroscience/figures_publication/Fig7_uncertainty_radius.png,339586,210e22bda02b319ac61c7282506bc686a8d21ad3e30f6a7061953abe8d232b42
submission/nature_neuroscience/figures_publication/Fig7_uncertainty_radius.svg,19243,61ef59ade41bc67587e517608801919f807ecf2d210fb7d9e3f2170104d4eb79
submission/nature_neuroscience/figures_publication/Fig8_summary.pdf,93772,660af14678b6e8dd5fdc7cd113ffd96905aea67faa88aa091563d8e709466ae5
submission/nature_neuroscience/figures_publication/Fig8_summary.png,49695,b075c2ddb43c7b6bf632848674500114523b8a1c9a71a6c7ab9ff9335b354c3d
submission/nature_neuroscience/figures_publication/Fig8_summary.svg,10327,7f232d8f8407e68e28b12737f80a5992b6f21725f11ae7e9eab69cef6f8f6874
submission/nature_neuroscience/figures_publication/FigS1_fixed_load_heatmap.pdf,6348,e933a3ea8c6ff281cfc7982f90a46c8c747d65cbd33729a727e1706dcddc6652
submission/nature_neuroscience/figures_publication/FigS1_fixed_load_heatmap.png,22857,83b93e2514ed56b0da50427877f9e4bfa0e0ec8eb4ce5d5b1b9289d11118d72e
submission/nature_neuroscience/figures_publication/FigS1_fixed_load_heatmap.svg,58544,532a7aa7e73fdb719f4b1baad56cefc123071f69da51a26202a11d60e1d61a6d
submission/nature_neuroscience/figures_publication/FigS2_dt_convergence.pdf,2236,44a7c803f1a5e779dfe2d0154524b1671447d8b2f92eb0be17d2d29d09eb6af8
submission/nature_neuroscience/figures_publication/FigS2_dt_convergence.png,10590,3e8d31cc2d87ee175734453de88a8d21bd6d71705a92bf3739cb714be5b236c4
submission/nature_neuroscience/figures_publication/FigS2_dt_convergence.svg,4147,02f3b58895a39d4e6fd0f04256d60a6a63fc18280d22493a6fa509e1dc91d2ba
submission/nature_neuroscience/figures_publication/FigS3_spatial_convergence.pdf,2213,bd51489b0fadf1c211abfc4f96f902d3aeef4cb9fc610b7c06b2b42c6a659005
submission/nature_neuroscience/figures_publication/FigS3_spatial_convergence.png,11957,75a50c2aadc458ae5a0926096201a19f57474c8bb13246fb4dd158b0cb873f5b
submission/nature_neuroscience/figures_publication/FigS3_spatial_convergence.svg,3822,eeedda591251a706d17f695b3d4d4cc5e3b90401a7a9eab2ae619bd78726b589
submission/nature_neuroscience/figures_publication/FigS4_neck_models.pdf,2319,f0b2af8f25ed78466a666f1417c19d7b94bbc01f4ad1227fa4ceff706802a2ca
submission/nature_neuroscience/figures_publication/FigS4_neck_models.png,12733,782219f1453c74d59d23c4db887dd718b7adb46faa366f0af326cc9fbb7ee1d0
submission/nature_neuroscience/figures_publication/FigS4_neck_models.svg,4391,f580f1046ac5c98d29797dcb41993db0e3e5fd2bfc2e8d36e3906782af529114
submission/nature_neuroscience/figures_publication/FigS5_smi_interval_width.pdf,2338,d98bc97fcce49b189e312533fa0afe2f9028f4c20340367e07b74f9ea8a113a8
submission/nature_neuroscience/figures_publication/FigS5_smi_interval_width.png,128772,0b527509c31fef3e3a7dd195f381ced520cb516b6f27491f67d5a4de3da1312e
submission/nature_neuroscience/figures_publication/FigS5_smi_interval_width.svg,4309,c513846ad5bba788f659c415ee2bfbe9ba536507b95eaa4a24428d0bb156c0e9
submission/nature_neuroscience/figures_publication/FigS6_active_protocol_strength.pdf,3199,b4f136aefcb477335733650f1804ba05f4fe413536b4605ec183407e3c3837b4
submission/nature_neuroscience/figures_publication/FigS6_active_protocol_strength.png,17298,7b8dc00328262d156729c77c175e5bd116c45a9de4db1e0616ec70bee2c9e647
submission/nature_neuroscience/figures_publication/FigS6_active_protocol_strength.svg,6335,23a57f2322c7b9f8decadc3bc666a541833d284a398a425382a9f957bd50a2db
submission/nature_neuroscience/figures_publication/FigS7_active_impedance.pdf,2742,7f5cea2715427fe71828190730d711b6c64a7d510ca3c39cd26203945b4d3f51
submission/nature_neuroscience/figures_publication/FigS7_active_impedance.png,14053,854321b45aef386e1bd80a0ec961a9a74d6036b4c0d8a106d8c2d5e45fbaf4a8
submission/nature_neuroscience/figures_publication/FigS7_active_impedance.svg,5203,bae590bddaebe569faf3a774ccd3b2f0ecec4c113076af07c81611f205943e8c
submission/nature_neuroscience/figures_publication/FigS8_phase06_smi_amplitude.pdf,3777,69ccdd99e548ae2e511a6bc1ccd26cfbeffbff42ccb3aa1c442c587d0bff2173
submission/nature_neuroscience/figures_publication/FigS8_phase06_smi_amplitude.png,11290,4639ff439f62dc3ddc384e319ba5f5628878d53ef79c78f6006fabcf44da8f3b
submission/nature_neuroscience/figures_publication/FigS8_phase06_smi_amplitude.svg,5981,ae0b8c6eb615cbc921a87b5135c014a107607f2841dd0a15892d87cc1722ab95
submission/nature_neuroscience/figures_publication/FigS9_phase06_uncertainty.pdf,45647,d2f2896de13eb6a00dcc8dbaab28029cfaeae9ff29c711419d02cbbdbd4871db
submission/nature_neuroscience/figures_publication/FigS9_phase06_uncertainty.png,20171,d28a5940db2555e1f49803c7e0e61eb71f1e5d04f140657731b0056c1c281805
submission/nature_neuroscience/figures_publication/FigS9_phase06_uncertainty.svg,11256,edd6937d916116621a354a446c659c9ec663fb2ac0c7813092b0e8eaae28d98a
submission/nature_neuroscience/FINAL_SUBMISSION_QA_REPORT.md,623,316ffab1febc96b7860c9f11d77e953477cbd1178d4aa9ea93035309810d7503
submission/nature_neuroscience/JOURNAL_REQUIREMENTS_AUDIT.md,2030,c2f8d5722f2a5d85a252d4363c3bc972da23cd32b5a8057a609231203f4ad13c
submission/nature_neuroscience/main_unblinded.docx_UNAVAILABLE.txt,43,4da1a6259bd6885ab0ee2136be105435a8d0fb2a6150fa1f3e370ed9bcef542e
submission/nature_neuroscience/main_unblinded.pdf,1076088,3a940bd5009764ce50f1187a9ff02b25d75a7f584c1f3ddeda6a4bc7cf1e083b
submission/nature_neuroscience/main_unblinded.tex,631,8ad7e2c041fe1ebe3d687aed1aab8a871c72c36753106ac3488afc86ad832abd
submission/nature_neuroscience/Makefile,1239,c5dffbe7456755683fa4ba643e5b9888be4c03ed9b446076c4d3dca9f49f8daa
submission/nature_neuroscience/metadata.tex,2072,8cba1a44b1e776cc0c72fbf0afcdded77df5f4a81e439ebab834389a57a25263
submission/nature_neuroscience/NUMERICAL_VERIFICATION_REPORT.md,5211,ef2d99b4361fc1c4ada4e65715539ce7ca14a499f3c67d28cf4aea4b1a9acb39
submission/nature_neuroscience/preamble.tex,1427,5df42639392368a03e67f401235b53853e3c15ad0b161a187b2af060fd4ba77d
submission/nature_neuroscience/references.bib,11741,20da002ef72dbd509fdb073e8a4d4224bcd05db5fa7d7e8320f2db7ab941eef0
submission/nature_neuroscience/sections/abstract.tex,1150,16bbb1267773c2d53b990bf0015d6ead9a47a0f9c09c0a50aba79e6bae6cbd1c
submission/nature_neuroscience/sections/acknowledgments.tex,120,77675ee75618ef8f83b74b852f08b3af6e671394a291c6d366d03db40979404e
submission/nature_neuroscience/sections/conclusions.tex,813,556ddfa9c4b85a1e9c61568d120e1077b8f68eb6fe7c7d6dc4b64b2bdcdf08f3
submission/nature_neuroscience/sections/data_code_availability.tex,1731,0dd98a4a90a53ca29f3ab77d65f8d8eddd7d40f0b23f165dda68c465ebbb156e
submission/nature_neuroscience/sections/disclosures.tex,1043,331983fedd0e89e3c4b9a3940c1e640d4f23f74a75823be28c3d6a0fc0b0a11a
submission/nature_neuroscience/sections/discussion.tex,6921,b224882048661403bf62c93306c8cfbb2b71890ad6624536a1bdc3577a69dfc5
submission/nature_neuroscience/sections/introduction.tex,3251,39d97b90dd37a65c05536bb902ecab84d635a71b89d9d532de2269b15abecb1e
submission/nature_neuroscience/sections/methods.tex,8785,441cb662db73900cc8dae3cce95b6d308865d39812554ce3924db9761b178351
submission/nature_neuroscience/sections/results.tex,13310,12ef26e68346911a696e158cf1226b80dcde2ccdd96990b431f5dfcac5245170
submission/nature_neuroscience/source_files.zip,5618915,eb534932d1f9eb8063ccfbc4afd9467b207673b77bb6b03c493582e64723575c
submission/nature_neuroscience/SUBMISSION_CHECKLIST.md,886,594e56f258892596692b891a638ff592f0127d14e03478f785be044e068c61ae
submission/nature_neuroscience/supplement/figures_pdf/FigS1_fixed_load_heatmap.pdf,2958,14df3ac9e39663074ee7f27e19cc1de95452748a09ada9a3d130ab097408b729
submission/nature_neuroscience/supplement/figures_pdf/FigS2_dt_convergence.pdf,1959,f96884e655a5ad0b27238d50ecad39a73b1ac89754ecb115def3121f94a3b526
submission/nature_neuroscience/supplement/figures_pdf/FigS3_spatial_convergence.pdf,1947,8063bbe380677efbbdcc431f391f6ebaa21ef4f1fd064080dc4dfa94d77016c3
submission/nature_neuroscience/supplement/figures_pdf/FigS4_neck_models.pdf,2013,9968e54320331e95e03ba2c50026962023b659afd46ea8d2a3be2af8f882efa7
submission/nature_neuroscience/supplement/figures_pdf/FigS5_active_protocol_strength.pdf,1565,db8fe4ecadb4f709c3306d927c832b894ceb2c02c5e688225d128d453255bfe5
submission/nature_neuroscience/supplement/figures_pdf/FigS6_active_impedance.pdf,1551,05f6cee6607cf60f93ed7d885d370d7f856cd50b03c77832721a2a4b05ccdc43
submission/nature_neuroscience/supplement/figures_pdf/FigS7_smi_interval_width.pdf,1561,3e335abba329f39da346c41f9d0d38678068ca9271b0bb1323850b2afed8fb5b
submission/nature_neuroscience/supplement/figures_pdf/FigS8_phase06_smi_amplitude.pdf,2259,a9716e18af5d49960258b0247736b8760c09c000fdb8ba82f773136fea5f4bd8
submission/nature_neuroscience/supplement/figures_pdf/FigS9_phase06_uncertainty.pdf,1591,33dd3ca6072f650e68bd3cb8e07f52c293d10e577b50304614a927b5d73551c7
submission/nature_neuroscience/supplement/sections/active_mechanisms.tex,1691,3c423ce9c3ef578e205dcff6c556498e8e811c75b58b0b50d541d4d72e64af9d
submission/nature_neuroscience/supplement/sections/exploratory_phase06.tex,1621,4dd27f39bf8baf2e7b1424973e248c8bd6e52cf4ae0b9f1ba7fa374421de2e03
submission/nature_neuroscience/supplement/sections/extended_equations.tex,2494,068600e8f306eb9613dde2acef1254de076af6b9d8270ac74d7d99efc5db45e6
submission/nature_neuroscience/supplement/sections/extended_limitations.tex,1681,e3b65bbd67782c87f2278cdd0fbe2dab3fec4b8ce8724853328c49e0f648fa57
submission/nature_neuroscience/supplement/sections/numerical_validation.tex,3949,6b53fde0f1cb986ee69ca21d8187ba2ae496cda7c40e95912f963986f428a088
submission/nature_neuroscience/supplement/sections/reproducibility_commands.tex,1459,44faecee35f4190d45fd7a64ea4078f204e07dec80f9c32f80da03d4bdf2b6de
submission/nature_neuroscience/supplement/sections/uncertainty_identifiability.tex,2351,7e4a52b695a18feab9aeaf1017068ce72ff31ea4e041d90fa3a0af49070642c2
submission/nature_neuroscience/supplement/supplement.pdf,299209,4f269157bcd207a078e091629c0f4f1b9cf163557609d12deb5a237bb0a7564f
submission/nature_neuroscience/supplement/supplement.tex,728,94e81c76f388d6ddbfd1fe0f3d52d57e1d6666e6338750cee95870a6fcdf120d
submission/nature_neuroscience/supplement.pdf,299209,4f269157bcd207a078e091629c0f4f1b9cf163557609d12deb5a237bb0a7564f
submission/nature_neuroscience/TABLE_SOURCE_MANIFEST.csv,3031,5752f98c1915ec9ddd39c7a09c623ddc140b5f5173520fa926af43e0c8f493c0
submission/nature_neuroscience/tables/active_parameter_summary.tex,1373,7e77c8742cd757cee974a26387bca4a43a2124f3640b96018c4ae800f5e3591e
submission/nature_neuroscience/tables/claim_summary.tex,1927,80e302b8af9f7a250548120735420d4630f98675a5e791a518edc48aef47f7a5
submission/nature_neuroscience/tables/parameters.tex,1386,ef736d3edee5af8841381ff2d26bbe5c059ddbc5c5b9335b2a411efd5667bcc8
submission/nature_neuroscience/tables/predictor_summary.tex,1498,0eae22b0f3a19f2636ba712db0c3fabc4c14c93cfcffb16bc987c3176917410c
submission/nature_neuroscience/tables/validation_summary.tex,1831,fa0efbd9fdc254e088e0157ac22a3724544f455e2b054ffd1cdc57df4775296e
submission/nature_neuroscience/title_page.docx,37053,d74d24edd67e6f1baf2dcb1b12da9869a6f9417e602bfa58dcba5e08ca886501
submission/nature_neuroscience/WORD_COUNT_AND_DISPLAY_ITEM_AUDIT.md,602,7f5d165f35e3c6765681ba52b371036b53311f2fae6513bae3020f890a81bfaa
tests/test_config.py,760,820b813b8d707a9b32feae2f35d699684d7f96c30a138d2e6b0db0f7c9431f71
tests/test_import.py,164,78b67735ff3a56dfa1f8f6f398cd5940c62bd5ad9e4897fc9871a464f7a43bd1
tests/test_phase01_passive_core.py,7483,0204abcac10e20848ef2c26241476e9854b32f00347e77af37706f2ece1b60f5
tests/test_phase02_reproduction_outputs.py,2736,619d0e6cb489ef6fefaa8220077a110aae2e28f61ad96fc133aa115499fc2f33
tests/test_phase03_morphology_impedance.py,4612,d5551d9c812bfc34ae50fdc17f9028c03731180fda019720f656c160b3b1f298
tests/test_phase04_active_nonlinear.py,4580,d154f0c8ac61a817dbb65a45fcce6cda705083cd2eb427a69d2f552cfa43b025
tests/test_phase05_1_convergence_audit.py,4552,daa5d7ff94ebda1fb51960ef3133536f311b2b6180bb8b3d0d7ddcea9dfcc84a
tests/test_phase05_sensitivity_statistics.py,5608,39198fb2b6906fc016f3337c1fef76606f32e9ee2c2289d0739b8b8f09622101
tests/test_phase06_epilepsy_exploratory.py,4053,2b04d4cd2c8cb4641de8c1434b3b311f9551ebaf24fa6fabf3b1d99ee2a1d46d
tests/test_phase07_release_package.py,4332,3cce223a4a06f30064d15503d0dd95a3e33bc59d7c62556f5b78339ac615b4de
tests/test_phase08_manuscript_package.py,5100,ebfc373e50bcc5a4d67a3ad59ded52d0d416a4ad66516f5577c58d360939a8b0
tests/test_units.py,1027,63e1d4fd807b4846192c079f03298a3eaa1ac8262359f2e026c19cf404992a81
