parameter,output,baseline_parameter,low_parameter,high_parameter,baseline_output,low_output,high_output,normalized_sensitivity,abs_normalized_sensitivity
neck_radius_um,R_neck_Mohm,0.12,0.11399999999999999,0.126,16.578639905405762,18.36968410571276,15.037315106944002,-2.0100376253918015,2.0100376253918015
neck_radius_um,R_in_d_Mohm,0.12,0.11399999999999999,0.126,309.9272163134145,309.9272163134145,309.9272163134145,0.0,0.0
neck_radius_um,SMI,0.12,0.11399999999999999,0.126,0.053492042753162355,0.05927096149934888,0.048518859640056554,-2.0100376253918006,2.0100376253918006
neck_radius_um,Gamma_h_to_d,0.12,0.11399999999999999,0.126,0.9097310724695381,0.9008921728908135,0.9174346216488759,0.18183888908132612,0.18183888908132612
neck_radius_um,Gamma_h_to_s,0.12,0.11399999999999999,0.126,0.08356683751435459,0.082813271427912,0.08422325121859187,0.16872479952800198,0.16872479952800198
neck_radius_um,A_h_mV,0.12,0.11399999999999999,0.126,13.681660764325947,13.788953854883191,13.589627995535196,-0.14568835083802445,0.14568835083802445
neck_radius_um,local_voltage_isolation,0.12,0.11399999999999999,0.126,0.0902689275304619,0.09910782710918653,0.0825653783511241,-1.8325739776270247,1.8325739776270247
neck_radius_um,Zin_50Hz_Mohm,0.12,0.11399999999999999,0.126,166.104348925641,166.104348925641,166.104348925641,0.0,0.0
neck_radius_um,transfer_gain_50Hz,0.12,0.11399999999999999,0.126,0.0845404828474499,0.0845404828474499,0.0845404828474499,0.0,0.0
neck_radius_um,dynamic_SMI_abs_50Hz,0.12,0.11399999999999999,0.126,0.09980858425824499,0.11059122909500832,0.09052932812539227,-2.0100376253918015,2.0100376253918015
neck_radius_um,active_Gamma_h_to_d,0.12,0.11399999999999999,0.126,0.9102361021521511,0.9014986850278572,0.9179076000159089,0.18027097529151595,0.18027097529151595
neck_radius_um,active_Gamma_h_to_s,0.12,0.11399999999999999,0.126,0.08615702419831049,0.08538228487011273,0.08683536169828446,0.1686544819406862,0.1686544819406862
neck_radius_um,active_A_h_mV,0.12,0.11399999999999999,0.126,13.891694535969702,14.00242394094823,13.796207779165181,-0.1484456494843692,0.1484456494843692
neck_radius_um,active_Zin_50Hz_Mohm,0.12,0.11399999999999999,0.126,165.66902520272018,165.66902520272018,165.66902520272018,0.0,0.0
neck_radius_um,active_transfer_gain_50Hz,0.12,0.11399999999999999,0.126,0.08453693327121999,0.08453693327121999,0.08453693327121999,0.0,0.0
neck_length_um,R_neck_Mohm,0.75,0.7125,0.7875,16.578639905405762,15.749707910135475,17.40757190067605,0.9999999999999997,0.9999999999999997
neck_length_um,R_in_d_Mohm,0.75,0.7125,0.7875,309.9272163134145,309.9272163134145,309.9272163134145,0.0,0.0
neck_length_um,SMI,0.75,0.7125,0.7875,0.053492042753162355,0.05081744061550424,0.05616664489082047,0.9999999999999986,0.9999999999999986
neck_length_um,Gamma_h_to_d,0.75,0.7125,0.7875,0.9097310724695381,0.9138580296224569,0.9056313707588879,-0.09042956883111698,0.09042956883111698
neck_length_um,Gamma_h_to_s,0.75,0.7125,0.7875,0.08356683751435459,0.08391850183652552,0.08321740987685493,-0.08389595448675022,0.08389595448675022
neck_length_um,A_h_mV,0.75,0.7125,0.7875,13.681660764325947,13.632202062156768,13.731179461224583,0.07234311738374055,0.07234311738374055
neck_length_um,local_voltage_isolation,0.75,0.7125,0.7875,0.0902689275304619,0.08614197037754312,0.09436862924111211,0.9113500169582553,0.9113500169582553
neck_length_um,Zin_50Hz_Mohm,0.75,0.7125,0.7875,166.104348925641,166.104348925641,166.104348925641,0.0,0.0
neck_length_um,transfer_gain_50Hz,0.75,0.7125,0.7875,0.0845404828474499,0.0845404828474499,0.0845404828474499,0.0,0.0
neck_length_um,dynamic_SMI_abs_50Hz,0.75,0.7125,0.7875,0.09980858425824499,0.09481815504533274,0.10479901347115722,0.999999999999999,0.999999999999999
neck_length_um,active_Gamma_h_to_d,0.75,0.7125,0.7875,0.9102361021521511,0.9143453832265441,0.9061716535392529,-0.08979790702615928,0.08979790702615928
neck_length_um,active_Gamma_h_to_s,0.75,0.7125,0.7875,0.08615702419831049,0.08652048276522298,0.08579667801487355,-0.08400995241936686,0.08400995241936686
neck_length_um,active_A_h_mV,0.75,0.7125,0.7875,13.891694535969702,13.840364074921451,13.942972502620645,0.07386314710096019,0.07386314710096019
neck_length_um,active_Zin_50Hz_Mohm,0.75,0.7125,0.7875,165.66902520272018,165.66902520272018,165.66902520272018,0.0,0.0
neck_length_um,active_transfer_gain_50Hz,0.75,0.7125,0.7875,0.08453693327121999,0.08453693327121999,0.08453693327121999,0.0,0.0
intracellular_resistivity_ohm_cm,R_neck_Mohm,100.0,95.0,105.0,16.578639905405762,15.749707910135474,17.40757190067605,1.0000000000000002,1.0000000000000002
intracellular_resistivity_ohm_cm,R_in_d_Mohm,100.0,95.0,105.0,309.9272163134145,309.9272163134145,309.9272163134145,0.0,0.0
intracellular_resistivity_ohm_cm,SMI,100.0,95.0,105.0,0.053492042753162355,0.050817440615504236,0.05616664489082047,0.9999999999999992,0.9999999999999992
intracellular_resistivity_ohm_cm,Gamma_h_to_d,100.0,95.0,105.0,0.9097310724695381,0.9138580296224565,0.9056313707588879,-0.09042956883111326,0.09042956883111326
intracellular_resistivity_ohm_cm,Gamma_h_to_s,100.0,95.0,105.0,0.08356683751435459,0.0839185018365254,0.08321740987685493,-0.08389595448673522,0.08389595448673522
intracellular_resistivity_ohm_cm,A_h_mV,100.0,95.0,105.0,13.681660764325947,13.63220206215679,13.731179461224583,0.07234311738372493,0.07234311738372493
intracellular_resistivity_ohm_cm,local_voltage_isolation,100.0,95.0,105.0,0.0902689275304619,0.08614197037754345,0.09436862924111211,0.9113500169582178,0.9113500169582178
intracellular_resistivity_ohm_cm,Zin_50Hz_Mohm,100.0,95.0,105.0,166.104348925641,166.104348925641,166.104348925641,0.0,0.0
intracellular_resistivity_ohm_cm,transfer_gain_50Hz,100.0,95.0,105.0,0.0845404828474499,0.0845404828474499,0.0845404828474499,0.0,0.0
intracellular_resistivity_ohm_cm,dynamic_SMI_abs_50Hz,100.0,95.0,105.0,0.09980858425824499,0.09481815504533272,0.10479901347115722,0.9999999999999998,0.9999999999999998
intracellular_resistivity_ohm_cm,active_Gamma_h_to_d,100.0,95.0,105.0,0.9102361021521511,0.9143453832265463,0.9061716535392529,-0.08979790702618361,0.08979790702618361
intracellular_resistivity_ohm_cm,active_Gamma_h_to_s,100.0,95.0,105.0,0.08615702419831049,0.08652048276522176,0.08579667801487355,-0.08400995241922506,0.08400995241922506
intracellular_resistivity_ohm_cm,active_A_h_mV,100.0,95.0,105.0,13.891694535969702,13.840364074921647,13.942972502620645,0.07386314710081947,0.07386314710081947
intracellular_resistivity_ohm_cm,active_Zin_50Hz_Mohm,100.0,95.0,105.0,165.66902520272018,165.66902520272018,165.66902520272018,0.0,0.0
intracellular_resistivity_ohm_cm,active_transfer_gain_50Hz,100.0,95.0,105.0,0.08453693327121999,0.08453693327121999,0.08453693327121999,0.0,0.0
head_diameter_um,R_neck_Mohm,0.7,0.6649999999999999,0.735,16.578639905405762,16.578639905405762,16.578639905405762,0.0,0.0
head_diameter_um,R_in_d_Mohm,0.7,0.6649999999999999,0.735,309.9272163134145,309.9272163134145,309.9272163134145,0.0,0.0
head_diameter_um,SMI,0.7,0.6649999999999999,0.735,0.053492042753162355,0.053492042753162355,0.053492042753162355,0.0,0.0
head_diameter_um,Gamma_h_to_d,0.7,0.6649999999999999,0.735,0.9097310724695381,0.9097370650927687,0.9097247714729795,-0.00013513465859641338,0.00013513465859641338
head_diameter_um,Gamma_h_to_s,0.7,0.6649999999999999,0.735,0.08356683751435459,0.083562323417528,0.08357159285752633,0.0011092246965465808,0.0011092246965465808
head_diameter_um,A_h_mV,0.7,0.6649999999999999,0.735,13.681660764325947,13.682400666546322,13.680881417206837,-0.001110427575755688,0.001110427575755688
head_diameter_um,local_voltage_isolation,0.7,0.6649999999999999,0.735,0.0902689275304619,0.09026293490723125,0.09027522852702052,0.0013618883181173759,0.0013618883181173759
head_diameter_um,Zin_50Hz_Mohm,0.7,0.6649999999999999,0.735,166.104348925641,166.104348925641,166.104348925641,0.0,0.0
head_diameter_um,transfer_gain_50Hz,0.7,0.6649999999999999,0.735,0.0845404828474499,0.0845404828474499,0.0845404828474499,0.0,0.0
head_diameter_um,dynamic_SMI_abs_50Hz,0.7,0.6649999999999999,0.735,0.09980858425824499,0.09980858425824499,0.09980858425824499,0.0,0.0
head_diameter_um,active_Gamma_h_to_d,0.7,0.6649999999999999,0.735,0.9102361021521511,0.910240011013462,0.9102376388265181,-2.6061226733028474e-05,2.6061226733028474e-05
head_diameter_um,active_Gamma_h_to_s,0.7,0.6649999999999999,0.735,0.08615702419831049,0.08615214307118266,0.0861621648024758,0.0011631937600431444,0.0011631937600431444
head_diameter_um,active_A_h_mV,0.7,0.6649999999999999,0.735,13.891694535969702,13.892477349924624,13.890870200746711,-0.0011569137039050333,0.0011569137039050333
head_diameter_um,active_Zin_50Hz_Mohm,0.7,0.6649999999999999,0.735,165.66902520272018,165.66902520272018,165.66902520272018,0.0,0.0
head_diameter_um,active_transfer_gain_50Hz,0.7,0.6649999999999999,0.735,0.08453693327121999,0.08453693327121999,0.08453693327121999,0.0,0.0
dendritic_area_scale,R_neck_Mohm,1.0,0.95,1.05,16.578639905405762,16.578639905405762,16.578639905405762,0.0,0.0
dendritic_area_scale,R_in_d_Mohm,1.0,0.95,1.05,309.9272163134145,309.930937746274,309.92349498116533,-0.00024014557989530068,0.00024014557989530068
dendritic_area_scale,SMI,1.0,0.95,1.05,0.053492042753162355,0.05349140045831088,0.053492685046073324,0.00024014557985282958,0.00024014557985282958
dendritic_area_scale,Gamma_h_to_d,1.0,0.95,1.05,0.9097310724695381,0.909774079399908,0.9096000343741242,-0.0019131480835464505,0.0019131480835464505
dendritic_area_scale,Gamma_h_to_s,1.0,0.95,1.05,0.08356683751435459,0.08323651473175202,0.08388297507672282,0.07735847905692947,0.07735847905692947
dendritic_area_scale,A_h_mV,1.0,0.95,1.05,13.681660764325947,13.743105372249369,13.623010432241816,-0.08777804250248067,0.08777804250248067
dendritic_area_scale,local_voltage_isolation,1.0,0.95,1.05,0.0902689275304619,0.09022592060009205,0.09039996562587582,0.019280723782282964,0.019280723782282964
dendritic_area_scale,Zin_50Hz_Mohm,1.0,0.95,1.05,166.104348925641,166.29278250995668,165.9126555083928,-0.022884831373925132,0.022884831373925132
dendritic_area_scale,transfer_gain_50Hz,1.0,0.95,1.05,0.0845404828474499,0.08456823529838924,0.08451262745720325,-0.006577658337523736,0.006577658337523736
dendritic_area_scale,dynamic_SMI_abs_50Hz,1.0,0.95,1.05,0.09980858425824499,0.09969548681051822,0.09992390185429298,0.0228853104642538,0.0228853104642538
dendritic_area_scale,active_Gamma_h_to_d,1.0,0.95,1.05,0.9102361021521511,0.9103672578345713,0.910192245166087,-0.0019227172825874506,0.0019227172825874506
dendritic_area_scale,active_Gamma_h_to_s,1.0,0.95,1.05,0.08615702419831049,0.08581917061044622,0.0864890870247519,0.07775528699363038,0.07775528699363038
dendritic_area_scale,active_A_h_mV,1.0,0.95,1.05,13.891694535969702,13.953368149234146,13.831441441259432,-0.08776949972446438,0.08776949972446438
dendritic_area_scale,active_Zin_50Hz_Mohm,1.0,0.95,1.05,165.66902520272018,165.85615673188954,165.47865490790667,-0.022786506018306042,0.022786506018306042
dendritic_area_scale,active_transfer_gain_50Hz,1.0,0.95,1.05,0.08453693327121999,0.08456468260498082,0.0845090809910418,-0.006577197892976112,0.006577197892976112
membrane_capacitance_scale,R_neck_Mohm,1.0,0.95,1.05,16.578639905405762,16.578639905405762,16.578639905405762,0.0,0.0
membrane_capacitance_scale,R_in_d_Mohm,1.0,0.95,1.05,309.9272163134145,309.9272163134145,309.9272163134145,0.0,0.0
membrane_capacitance_scale,SMI,1.0,0.95,1.05,0.053492042753162355,0.053492042753162355,0.053492042753162355,0.0,0.0
membrane_capacitance_scale,Gamma_h_to_d,1.0,0.95,1.05,0.9097310724695381,0.9098515659453659,0.9095313343155723,-0.003520069166421457,0.003520069166421457
membrane_capacitance_scale,Gamma_h_to_s,1.0,0.95,1.05,0.08356683751435459,0.08669144855908266,0.08067957763523192,-0.7194086916138291,0.7194086916138291
membrane_capacitance_scale,A_h_mV,1.0,0.95,1.05,13.681660764325947,13.748434755545498,13.618319200570419,-0.09510216428867103,0.09510216428867103
membrane_capacitance_scale,local_voltage_isolation,1.0,0.95,1.05,0.0902689275304619,0.09014843405463413,0.09046866568442768,0.03547528906726958,0.03547528906726958
membrane_capacitance_scale,Zin_50Hz_Mohm,1.0,0.95,1.05,166.104348925641,166.39352901705928,165.84090918078786,-0.03326943814811291,0.03326943814811291
membrane_capacitance_scale,transfer_gain_50Hz,1.0,0.95,1.05,0.0845404828474499,0.08883087303578388,0.08063885880748242,-0.9690049018389959,0.9690049018389959
membrane_capacitance_scale,dynamic_SMI_abs_50Hz,1.0,0.95,1.05,0.09980858425824499,0.09963512405404934,0.09996713107338864,0.033264375184429734,0.033264375184429734
membrane_capacitance_scale,active_Gamma_h_to_d,1.0,0.95,1.05,0.9102361021521511,0.9104498368554107,0.9101190374807335,-0.00363421505579742,0.00363421505579742
membrane_capacitance_scale,active_Gamma_h_to_s,1.0,0.95,1.05,0.08615702419831049,0.08929997998979396,0.08325927037569773,-0.7011279312748913,0.7011279312748913
membrane_capacitance_scale,active_A_h_mV,1.0,0.95,1.05,13.891694535969702,13.959023096928709,13.82647416235578,-0.09541595824017055,0.09541595824017055
membrane_capacitance_scale,active_Zin_50Hz_Mohm,1.0,0.95,1.05,165.66902520272018,165.95701268569428,165.40671150505042,-0.033216902192216215,0.033216902192216215
membrane_capacitance_scale,active_transfer_gain_50Hz,1.0,0.95,1.05,0.08453693327121999,0.08882675559783298,0.0806357780011232,-0.9689229641712512,0.9689229641712512
membrane_leak_scale,R_neck_Mohm,1.0,0.95,1.05,16.578639905405762,16.578639905405762,16.578639905405762,0.0,0.0
membrane_leak_scale,R_in_d_Mohm,1.0,0.95,1.05,309.9272163134145,317.44529231964486,303.12508126611226,-0.4620507751423563,0.4620507751423563
membrane_leak_scale,SMI,1.0,0.95,1.05,0.053492042753162355,0.05222518747801196,0.05469240564376606,0.4612308744945506,0.4612308744945506
membrane_leak_scale,Gamma_h_to_d,1.0,0.95,1.05,0.9097310724695381,0.9097318422598799,0.90973030305214,-1.6919370861466894e-05,1.6919370861466894e-05
membrane_leak_scale,Gamma_h_to_s,1.0,0.95,1.05,0.08356683751435459,0.08430130893971322,0.08285324111898106,-0.17328259197117743,0.17328259197117743
membrane_leak_scale,A_h_mV,1.0,0.95,1.05,13.681660764325947,13.681754211293702,13.681567363713537,-0.00013656790895780622,0.00013656790895780622
membrane_leak_scale,local_voltage_isolation,1.0,0.95,1.05,0.0902689275304619,0.09026815774012009,0.09026969694786002,0.00017051357339011212,0.00017051357339011212
membrane_leak_scale,Zin_50Hz_Mohm,1.0,0.95,1.05,166.104348925641,166.03647381684735,166.1720693693247,0.008163275275715753,0.008163275275715753
membrane_leak_scale,transfer_gain_50Hz,1.0,0.95,1.05,0.0845404828474499,0.08461649068045676,0.08446261524526663,-0.018201390624630564,0.018201390624630564
membrane_leak_scale,dynamic_SMI_abs_50Hz,1.0,0.95,1.05,0.09980858425824499,0.09984938564579154,0.09976790906153434,-0.008163284236794327,0.008163284236794327
membrane_leak_scale,active_Gamma_h_to_d,1.0,0.95,1.05,0.9102361021521511,0.9102382832075693,0.9102339430516893,-4.768164951665687e-05,4.768164951665687e-05
membrane_leak_scale,active_Gamma_h_to_s,1.0,0.95,1.05,0.08615702419831049,0.08699063316001741,0.0853508017565103,-0.19033055270486768,0.19033055270486768
membrane_leak_scale,active_A_h_mV,1.0,0.95,1.05,13.891694535969702,13.891752995668986,13.891635967463477,-8.424329026635117e-05,8.424329026635117e-05
membrane_leak_scale,active_Zin_50Hz_Mohm,1.0,0.95,1.05,165.66902520272018,165.60151865909765,165.73637701327578,0.008140227421095539,0.008140227421095539
membrane_leak_scale,active_transfer_gain_50Hz,1.0,0.95,1.05,0.08453693327121999,0.0846130273730285,0.08445898013843453,-0.01822247728099427,0.01822247728099427
synaptic_conductance_scale,R_neck_Mohm,1.0,0.95,1.05,16.578639905405762,16.578639905405762,16.578639905405762,0.0,0.0
synaptic_conductance_scale,R_in_d_Mohm,1.0,0.95,1.05,309.9272163134145,309.9272163134145,309.9272163134145,0.0,0.0
synaptic_conductance_scale,SMI,1.0,0.95,1.05,0.053492042753162355,0.053492042753162355,0.053492042753162355,0.0,0.0
synaptic_conductance_scale,Gamma_h_to_d,1.0,0.95,1.05,0.9097310724695381,0.909683137747016,0.9097490695330982,0.0007247393001888534,0.0007247393001888534
synaptic_conductance_scale,Gamma_h_to_s,1.0,0.95,1.05,0.08356683751435459,0.08333669117676568,0.08379343047731298,0.05465556842076867,0.05465556842076867
synaptic_conductance_scale,A_h_mV,1.0,0.95,1.05,13.681660764325947,13.120146388045102,14.233094575964257,0.8134598621397595,0.8134598621397595
synaptic_conductance_scale,local_voltage_isolation,1.0,0.95,1.05,0.0902689275304619,0.09031686225298396,0.0902509304669018,-0.007303929257375265,0.007303929257375265
synaptic_conductance_scale,Zin_50Hz_Mohm,1.0,0.95,1.05,166.104348925641,166.104348925641,166.104348925641,0.0,0.0
synaptic_conductance_scale,transfer_gain_50Hz,1.0,0.95,1.05,0.0845404828474499,0.0845404828474499,0.0845404828474499,0.0,0.0
synaptic_conductance_scale,dynamic_SMI_abs_50Hz,1.0,0.95,1.05,0.09980858425824499,0.09980858425824499,0.09980858425824499,0.0,0.0
synaptic_conductance_scale,active_Gamma_h_to_d,1.0,0.95,1.05,0.9102361021521511,0.910186972058569,0.9103390795437359,0.0016710772601446796,0.0016710772601446796
synaptic_conductance_scale,active_Gamma_h_to_s,1.0,0.95,1.05,0.08615702419831049,0.0859628630477435,0.08635375316772032,0.045369501049280204,0.045369501049280204
synaptic_conductance_scale,active_A_h_mV,1.0,0.95,1.05,13.891694535969702,13.304929915363397,14.470244231995874,0.8388568533630889,0.8388568533630889
synaptic_conductance_scale,active_Zin_50Hz_Mohm,1.0,0.95,1.05,165.66902520272018,165.66902520272018,165.66902520272018,0.0,0.0
synaptic_conductance_scale,active_transfer_gain_50Hz,1.0,0.95,1.05,0.08453693327121999,0.08453693327121999,0.08453693327121999,0.0,0.0
nmda_fraction,R_neck_Mohm,0.35,0.33249999999999996,0.3675,16.578639905405762,16.578639905405762,16.578639905405762,0.0,0.0
nmda_fraction,R_in_d_Mohm,0.35,0.33249999999999996,0.3675,309.9272163134145,309.9272163134145,309.9272163134145,0.0,0.0
nmda_fraction,SMI,0.35,0.33249999999999996,0.3675,0.053492042753162355,0.053492042753162355,0.053492042753162355,0.0,0.0
nmda_fraction,Gamma_h_to_d,0.35,0.33249999999999996,0.3675,0.9097310724695381,0.9097310724695381,0.9097310724695381,0.0,0.0
nmda_fraction,Gamma_h_to_s,0.35,0.33249999999999996,0.3675,0.08356683751435459,0.08356683751435459,0.08356683751435459,0.0,0.0
nmda_fraction,A_h_mV,0.35,0.33249999999999996,0.3675,13.681660764325947,13.681660764325947,13.681660764325947,0.0,0.0
nmda_fraction,local_voltage_isolation,0.35,0.33249999999999996,0.3675,0.0902689275304619,0.0902689275304619,0.0902689275304619,0.0,0.0
nmda_fraction,Zin_50Hz_Mohm,0.35,0.33249999999999996,0.3675,166.104348925641,166.104348925641,166.104348925641,0.0,0.0
nmda_fraction,transfer_gain_50Hz,0.35,0.33249999999999996,0.3675,0.0845404828474499,0.0845404828474499,0.0845404828474499,0.0,0.0
nmda_fraction,dynamic_SMI_abs_50Hz,0.35,0.33249999999999996,0.3675,0.09980858425824499,0.09980858425824499,0.09980858425824499,0.0,0.0
nmda_fraction,active_Gamma_h_to_d,0.35,0.33249999999999996,0.3675,0.9102361021521511,0.9102471072387198,0.9102447203166507,-2.6223109185243362e-05,2.6223109185243362e-05
nmda_fraction,active_Gamma_h_to_s,0.35,0.33249999999999996,0.3675,0.08615702419831049,0.08601207666588319,0.08630273866805444,0.03373630935792533,0.03373630935792533
nmda_fraction,active_A_h_mV,0.35,0.33249999999999996,0.3675,13.891694535969702,13.883029601753694,13.900364336052947,0.012478487958663149,0.012478487958663149
nmda_fraction,active_Zin_50Hz_Mohm,0.35,0.33249999999999996,0.3675,165.66902520272018,165.66902520272018,165.66902520272018,0.0,0.0
nmda_fraction,active_transfer_gain_50Hz,0.35,0.33249999999999996,0.3675,0.08453693327121999,0.08453693327121999,0.08453693327121999,0.0,0.0
hcn_density_scale,R_neck_Mohm,1.0,0.95,1.05,16.578639905405762,16.578639905405762,16.578639905405762,0.0,0.0
hcn_density_scale,R_in_d_Mohm,1.0,0.95,1.05,309.9272163134145,309.9272163134145,309.9272163134145,0.0,0.0
hcn_density_scale,SMI,1.0,0.95,1.05,0.053492042753162355,0.053492042753162355,0.053492042753162355,0.0,0.0
hcn_density_scale,Gamma_h_to_d,1.0,0.95,1.05,0.9097310724695381,0.9097310724695381,0.9097310724695381,0.0,0.0
hcn_density_scale,Gamma_h_to_s,1.0,0.95,1.05,0.08356683751435459,0.08356683751435459,0.08356683751435459,0.0,0.0
hcn_density_scale,A_h_mV,1.0,0.95,1.05,13.681660764325947,13.681660764325947,13.681660764325947,0.0,0.0
hcn_density_scale,local_voltage_isolation,1.0,0.95,1.05,0.0902689275304619,0.0902689275304619,0.0902689275304619,0.0,0.0
hcn_density_scale,Zin_50Hz_Mohm,1.0,0.95,1.05,166.104348925641,166.104348925641,166.104348925641,0.0,0.0
hcn_density_scale,transfer_gain_50Hz,1.0,0.95,1.05,0.0845404828474499,0.0845404828474499,0.0845404828474499,0.0,0.0
hcn_density_scale,dynamic_SMI_abs_50Hz,1.0,0.95,1.05,0.09980858425824499,0.09980858425824499,0.09980858425824499,0.0,0.0
hcn_density_scale,active_Gamma_h_to_d,1.0,0.95,1.05,0.9102361021521511,0.9102402235413306,0.9102319827366124,-9.053480408752425e-05,9.053480408752425e-05
hcn_density_scale,active_Gamma_h_to_s,1.0,0.95,1.05,0.08615702419831049,0.08609075897328941,0.0862233675193172,0.015391495616486846,0.015391495616486846
hcn_density_scale,active_A_h_mV,1.0,0.95,1.05,13.891694535969702,13.894858560030448,13.888532823382981,-0.004553610526842303,0.004553610526842303
hcn_density_scale,active_Zin_50Hz_Mohm,1.0,0.95,1.05,165.66902520272018,165.6812730445776,165.6567791436731,-0.0014784840361395726,0.0014784840361395726
hcn_density_scale,active_transfer_gain_50Hz,1.0,0.95,1.05,0.08453693327121999,0.08453703344408492,0.08453683309519824,-2.3699568806515108e-05,2.3699568806515108e-05
na_density_scale,R_neck_Mohm,1.0,0.95,1.05,16.578639905405762,16.578639905405762,16.578639905405762,0.0,0.0
na_density_scale,R_in_d_Mohm,1.0,0.95,1.05,309.9272163134145,309.9272163134145,309.9272163134145,0.0,0.0
na_density_scale,SMI,1.0,0.95,1.05,0.053492042753162355,0.053492042753162355,0.053492042753162355,0.0,0.0
na_density_scale,Gamma_h_to_d,1.0,0.95,1.05,0.9097310724695381,0.9097310724695381,0.9097310724695381,0.0,0.0
na_density_scale,Gamma_h_to_s,1.0,0.95,1.05,0.08356683751435459,0.08356683751435459,0.08356683751435459,0.0,0.0
na_density_scale,A_h_mV,1.0,0.95,1.05,13.681660764325947,13.681660764325947,13.681660764325947,0.0,0.0
na_density_scale,local_voltage_isolation,1.0,0.95,1.05,0.0902689275304619,0.0902689275304619,0.0902689275304619,0.0,0.0
na_density_scale,Zin_50Hz_Mohm,1.0,0.95,1.05,166.104348925641,166.104348925641,166.104348925641,0.0,0.0
na_density_scale,transfer_gain_50Hz,1.0,0.95,1.05,0.0845404828474499,0.0845404828474499,0.0845404828474499,0.0,0.0
na_density_scale,dynamic_SMI_abs_50Hz,1.0,0.95,1.05,0.09980858425824499,0.09980858425824499,0.09980858425824499,0.0,0.0
na_density_scale,active_Gamma_h_to_d,1.0,0.95,1.05,0.9102361021521511,0.910223324759628,0.9102859201228797,0.0006876827133499247,0.0006876827133499247
na_density_scale,active_Gamma_h_to_s,1.0,0.95,1.05,0.08615702419831049,0.08615499216994764,0.08615919824666429,0.0004881873249210937,0.0004881873249210937
na_density_scale,active_A_h_mV,1.0,0.95,1.05,13.891694535969702,13.883405417832972,13.900001141688247,0.011946507902476347,0.011946507902476347
na_density_scale,active_Zin_50Hz_Mohm,1.0,0.95,1.05,165.66902520272018,165.66917192099885,165.66887848469725,-1.7712200650952765e-05,1.7712200650952765e-05
na_density_scale,active_transfer_gain_50Hz,1.0,0.95,1.05,0.08453693327121999,0.0845369344713069,0.08453693207113254,-2.839202076462122e-07,2.839202076462122e-07
kdr_density_scale,R_neck_Mohm,1.0,0.95,1.05,16.578639905405762,16.578639905405762,16.578639905405762,0.0,0.0
kdr_density_scale,R_in_d_Mohm,1.0,0.95,1.05,309.9272163134145,309.9272163134145,309.9272163134145,0.0,0.0
kdr_density_scale,SMI,1.0,0.95,1.05,0.053492042753162355,0.053492042753162355,0.053492042753162355,0.0,0.0
kdr_density_scale,Gamma_h_to_d,1.0,0.95,1.05,0.9097310724695381,0.9097310724695381,0.9097310724695381,0.0,0.0
kdr_density_scale,Gamma_h_to_s,1.0,0.95,1.05,0.08356683751435459,0.08356683751435459,0.08356683751435459,0.0,0.0
kdr_density_scale,A_h_mV,1.0,0.95,1.05,13.681660764325947,13.681660764325947,13.681660764325947,0.0,0.0
kdr_density_scale,local_voltage_isolation,1.0,0.95,1.05,0.0902689275304619,0.0902689275304619,0.0902689275304619,0.0,0.0
kdr_density_scale,Zin_50Hz_Mohm,1.0,0.95,1.05,166.104348925641,166.104348925641,166.104348925641,0.0,0.0
kdr_density_scale,transfer_gain_50Hz,1.0,0.95,1.05,0.0845404828474499,0.0845404828474499,0.0845404828474499,0.0,0.0
kdr_density_scale,dynamic_SMI_abs_50Hz,1.0,0.95,1.05,0.09980858425824499,0.09980858425824499,0.09980858425824499,0.0,0.0
kdr_density_scale,active_Gamma_h_to_d,1.0,0.95,1.05,0.9102361021521511,0.9102488622898786,0.9102287740138374,-0.00022069302671765155,0.00022069302671765155
kdr_density_scale,active_Gamma_h_to_s,1.0,0.95,1.05,0.08615702419831049,0.08623525168662433,0.08607918405852025,-0.01811432434630661,0.01811432434630661
kdr_density_scale,active_A_h_mV,1.0,0.95,1.05,13.891694535969702,13.893409809515388,13.889981926821983,-0.002467577072421999,0.002467577072421999
kdr_density_scale,active_Zin_50Hz_Mohm,1.0,0.95,1.05,165.66902520272018,165.67623316484722,165.66181785809354,-0.0008701268529851652,0.0008701268529851652
kdr_density_scale,active_transfer_gain_50Hz,1.0,0.95,1.05,0.08453693327121999,0.08453699222597563,0.08453687431537094,-1.3947821399953978e-05,1.3947821399953978e-05
a_type_density_scale,R_neck_Mohm,1.0,0.95,1.05,16.578639905405762,16.578639905405762,16.578639905405762,0.0,0.0
a_type_density_scale,R_in_d_Mohm,1.0,0.95,1.05,309.9272163134145,309.9272163134145,309.9272163134145,0.0,0.0
a_type_density_scale,SMI,1.0,0.95,1.05,0.053492042753162355,0.053492042753162355,0.053492042753162355,0.0,0.0
a_type_density_scale,Gamma_h_to_d,1.0,0.95,1.05,0.9097310724695381,0.9097310724695381,0.9097310724695381,0.0,0.0
a_type_density_scale,Gamma_h_to_s,1.0,0.95,1.05,0.08356683751435459,0.08356683751435459,0.08356683751435459,0.0,0.0
a_type_density_scale,A_h_mV,1.0,0.95,1.05,13.681660764325947,13.681660764325947,13.681660764325947,0.0,0.0
a_type_density_scale,local_voltage_isolation,1.0,0.95,1.05,0.0902689275304619,0.0902689275304619,0.0902689275304619,0.0,0.0
a_type_density_scale,Zin_50Hz_Mohm,1.0,0.95,1.05,166.104348925641,166.104348925641,166.104348925641,0.0,0.0
a_type_density_scale,transfer_gain_50Hz,1.0,0.95,1.05,0.0845404828474499,0.0845404828474499,0.0845404828474499,0.0,0.0
a_type_density_scale,dynamic_SMI_abs_50Hz,1.0,0.95,1.05,0.09980858425824499,0.09980858425824499,0.09980858425824499,0.0,0.0
a_type_density_scale,active_Gamma_h_to_d,1.0,0.95,1.05,0.9102361021521511,0.910239739256971,0.9102326684820555,-7.768066877093734e-05,7.768066877093734e-05
a_type_density_scale,active_Gamma_h_to_s,1.0,0.95,1.05,0.08615702419831049,0.08617050595506087,0.0861435467624847,-0.0031290765700214304,0.0031290765700214304
a_type_density_scale,active_A_h_mV,1.0,0.95,1.05,13.891694535969702,13.892200250494042,13.89118892900508,-0.0007280044103641629,0.0007280044103641629
a_type_density_scale,active_Zin_50Hz_Mohm,1.0,0.95,1.05,165.66902520272018,165.67109992632285,165.66695053028093,-0.00025046299613625135,0.00025046299613625135
a_type_density_scale,active_transfer_gain_50Hz,1.0,0.95,1.05,0.08453693327121999,0.08453695024125399,0.08453691630109533,-4.014832019855153e-06,4.014832019855153e-06
calcium_density_scale,R_neck_Mohm,1.0,0.95,1.05,16.578639905405762,16.578639905405762,16.578639905405762,0.0,0.0
calcium_density_scale,R_in_d_Mohm,1.0,0.95,1.05,309.9272163134145,309.9272163134145,309.9272163134145,0.0,0.0
calcium_density_scale,SMI,1.0,0.95,1.05,0.053492042753162355,0.053492042753162355,0.053492042753162355,0.0,0.0
calcium_density_scale,Gamma_h_to_d,1.0,0.95,1.05,0.9097310724695381,0.9097310724695381,0.9097310724695381,0.0,0.0
calcium_density_scale,Gamma_h_to_s,1.0,0.95,1.05,0.08356683751435459,0.08356683751435459,0.08356683751435459,0.0,0.0
calcium_density_scale,A_h_mV,1.0,0.95,1.05,13.681660764325947,13.681660764325947,13.681660764325947,0.0,0.0
calcium_density_scale,local_voltage_isolation,1.0,0.95,1.05,0.0902689275304619,0.0902689275304619,0.0902689275304619,0.0,0.0
calcium_density_scale,Zin_50Hz_Mohm,1.0,0.95,1.05,166.104348925641,166.104348925641,166.104348925641,0.0,0.0
calcium_density_scale,transfer_gain_50Hz,1.0,0.95,1.05,0.0845404828474499,0.0845404828474499,0.0845404828474499,0.0,0.0
calcium_density_scale,dynamic_SMI_abs_50Hz,1.0,0.95,1.05,0.09980858425824499,0.09980858425824499,0.09980858425824499,0.0,0.0
calcium_density_scale,active_Gamma_h_to_d,1.0,0.95,1.05,0.9102361021521511,0.9102356122691868,0.9102365920486485,1.0764014516204706e-05,1.0764014516204706e-05
calcium_density_scale,active_Gamma_h_to_s,1.0,0.95,1.05,0.08615702419831049,0.08615259913061031,0.08616144975116656,0.0010272662778925824,0.0010272662778925824
calcium_density_scale,active_A_h_mV,1.0,0.95,1.05,13.891694535969702,13.891650820371103,13.89173825278696,6.293862539968531e-05,6.293862539968531e-05
calcium_density_scale,active_Zin_50Hz_Mohm,1.0,0.95,1.05,165.66902520272018,165.6690592028785,165.6689912025758,-4.104587602108714e-06,4.104587602108714e-06
calcium_density_scale,active_transfer_gain_50Hz,1.0,0.95,1.05,0.08453693327121999,0.08453693354932561,0.08453693299311427,-6.579506960462371e-08,6.579506960462371e-08
