group,target,predictor,pearson,spearman,abs_spearman,bootstrap_abs_spearman_p05,bootstrap_abs_spearman_p95,cv_rmse,n,model
passive,Gamma_h_to_d,R_neck_Mohm,-0.995039506151414,-0.9995794899620184,0.9995794899620184,0.9986231837536723,0.9997842452149577,0.006374733847959403,96,univariate_linear
passive,Gamma_h_to_d,R_in_d_Mohm,0.04366686517290161,0.022314161692892024,0.022314161692892024,0.005703420161745748,0.20389528890440092,0.06036878220623787,96,univariate_linear
passive,Gamma_h_to_d,SMI,-0.9356517816728743,-0.9155453065653826,0.9155453065653826,0.871190990774843,0.9439767349750088,0.02151466398962795,96,univariate_linear
passive,Gamma_h_to_d,Zin_50Hz_Mohm,0.07074347709048712,0.06995387954422137,0.06995387954422137,0.008221885319314426,0.21542005391279875,0.06038372523168897,96,univariate_linear
passive,Gamma_h_to_d,Ztransfer_50Hz_Mohm,0.06525938802108495,0.08132121540965817,0.08132121540965817,0.008049333096148067,0.24888673767424466,0.06174747792856722,96,univariate_linear
passive,Gamma_h_to_d,transfer_gain_50Hz,0.06344275716614609,0.07798426478567552,0.07798426478567552,0.008004391042708508,0.24846504868176095,0.061828004278797775,96,univariate_linear
passive,Gamma_h_to_d,electrotonic_distance_50Hz,-0.06647110669068963,-0.07798426478567552,0.07798426478567552,0.008004391042708508,0.24846504868176095,0.061753313810019,96,univariate_linear
passive,Gamma_h_to_d,dynamic_SMI_abs_50Hz,-0.9949723574956859,-0.9997693977211068,0.9997693977211068,0.9990627962458559,0.9998921233393941,0.006448814867372024,96,univariate_linear
passive,Gamma_h_to_d,neck_radius_um,0.5897114997407318,0.5594004340748779,0.5594004340748779,0.39325907980557473,0.6615471388479918,0.04878500031484145,96,univariate_linear
passive,Gamma_h_to_d,neck_length_um,-0.6631078043656902,-0.70427292457949,0.70427292457949,0.5900789203005188,0.8045857400610056,0.04542658788573311,96,univariate_linear
passive,Gamma_h_to_d,head_diameter_um,0.05137302244847683,0.05202116115029843,0.05202116115029843,0.00920999929632881,0.22170345855345708,0.06108853867509028,96,univariate_linear
passive,Gamma_h_to_d,dendritic_area_scale,-0.06069514961426758,-0.0435973955507325,0.0435973955507325,0.008869353062832439,0.22453674396782677,0.06107448518565387,96,univariate_linear
passive,Gamma_h_to_d,membrane_capacitance_scale,-0.06638757606950717,-0.08615029842647856,0.08615029842647856,0.006973622160433645,0.2569325070351491,0.06177041129250174,96,univariate_linear
passive,Gamma_h_to_d,membrane_leak_scale,-0.039101791425372914,-0.022314161692892024,0.022314161692892024,0.005703420161745748,0.20389528890440092,0.060496373274432816,96,univariate_linear
passive,Gamma_h_to_d,synaptic_conductance_scale,0.03168173934801026,0.02894736842105263,0.02894736842105263,0.009713203672515748,0.22171214917243476,0.06082580421485677,96,univariate_linear
passive,Gamma_h_to_d,nmda_fraction,0.19034344996678063,0.19087086272381987,0.19087086272381987,0.03278542171059895,0.3486424878895409,0.06014814382057191,96,univariate_linear
passive,Gamma_h_to_d,hcn_density_scale,0.05125805406240093,-0.009088442756375475,0.009088442756375475,0.007574340624396943,0.20780099464890825,0.06076263177273539,96,univariate_linear
passive,Gamma_h_to_d,na_density_scale,0.08535831838712328,0.038510580575149216,0.038510580575149216,0.010473586346640928,0.24343724443189274,0.06034650921942843,96,univariate_linear
passive,Gamma_h_to_d,kdr_density_scale,-0.06577307288716,-0.1008410200759631,0.1008410200759631,0.008711827800051412,0.2770620933531634,0.060390312887255757,96,univariate_linear
passive,Gamma_h_to_d,a_type_density_scale,-0.059569955557523,-0.12569180683667933,0.12569180683667933,0.01076600267612855,0.28505892931479593,0.0601800942111483,96,univariate_linear
passive,Gamma_h_to_d,calcium_density_scale,-0.04393750411951963,-0.045781334780249594,0.045781334780249594,0.004309366955526613,0.24234153481286325,0.060850011213714965,96,univariate_linear
passive,Gamma_h_to_d,active_Zin_50Hz_Mohm,0.07067562518440283,0.0833288117200217,0.0833288117200217,0.006532417005308301,0.23316797226949343,0.0603610626636349,96,univariate_linear
passive,Gamma_h_to_d,active_transfer_gain_50Hz,0.06344050827041055,0.07798426478567552,0.07798426478567552,0.008004391042708508,0.24846504868176095,0.06182821022691776,96,univariate_linear
passive,Gamma_h_to_d,active_dynamic_SMI_abs_50Hz,-0.9950478186465133,-0.9997287032013022,0.9997287032013022,0.9989263790502748,0.9998927947821395,0.006395101356568452,96,univariate_linear
passive,Gamma_h_to_s,R_neck_Mohm,-0.5418258660528141,-0.5189636462289745,0.5189636462289745,0.3358018091344251,0.6475161821765536,0.009031953468496506,96,univariate_linear
passive,Gamma_h_to_s,R_in_d_Mohm,0.5185458737665768,0.47373846988605534,0.47373846988605534,0.33817588669436616,0.6047551516876757,0.009101765106436847,96,univariate_linear
passive,Gamma_h_to_s,SMI,-0.6550842986223693,-0.6442078133478025,0.6442078133478025,0.5322959656695344,0.7385043940533913,0.008119774669154957,96,univariate_linear
passive,Gamma_h_to_s,Zin_50Hz_Mohm,0.024881989143981258,0.030073250135648398,0.030073250135648398,0.006643670965512142,0.21460769213029196,0.01060296214786372,96,univariate_linear
passive,Gamma_h_to_s,Ztransfer_50Hz_Mohm,0.621144045557378,0.5799782962561042,0.5799782962561042,0.4572163941473139,0.6912481898229904,0.008387399571304514,96,univariate_linear
passive,Gamma_h_to_s,transfer_gain_50Hz,0.6461002404611622,0.5964867064568639,0.5964867064568639,0.4734777162862227,0.7122100773043444,0.008185458895522852,96,univariate_linear
passive,Gamma_h_to_s,electrotonic_distance_50Hz,-0.6468497431767672,-0.5964867064568639,0.5964867064568639,0.4734777162862227,0.7122100773043444,0.0081737501399705,96,univariate_linear
passive,Gamma_h_to_s,dynamic_SMI_abs_50Hz,-0.5424712159488507,-0.5210255018990776,0.5210255018990776,0.337889072966694,0.648957536200061,0.009026540476313816,96,univariate_linear
passive,Gamma_h_to_s,neck_radius_um,0.3378623863240134,0.3150705371676614,0.3150705371676614,0.13875214441552336,0.4952414264841937,0.010007056799198992,96,univariate_linear
passive,Gamma_h_to_s,neck_length_um,-0.40477522163314755,-0.3753526858383071,0.3753526858383071,0.1978160936682812,0.5323887875545584,0.009809143201407583,96,univariate_linear
passive,Gamma_h_to_s,head_diameter_um,-0.1478296354994992,-0.1481958762886598,0.1481958762886598,0.02599004588431088,0.31992195308598725,0.01057301755089769,96,univariate_linear
passive,Gamma_h_to_s,dendritic_area_scale,0.12988053549684253,0.12963917525773197,0.12963917525773197,0.010416372652276802,0.29253149193649053,0.010564501476015158,96,univariate_linear
passive,Gamma_h_to_s,membrane_capacitance_scale,-0.6049330547708002,-0.5704286489419425,0.5704286489419425,0.4447354033956096,0.6924060281848438,0.008528664527664981,96,univariate_linear
passive,Gamma_h_to_s,membrane_leak_scale,-0.48754800874067883,-0.47373846988605534,0.47373846988605534,0.33817588669436616,0.6047551516876757,0.009262512398690312,96,univariate_linear
passive,Gamma_h_to_s,synaptic_conductance_scale,0.14755950844201773,0.22683125339121,0.22683125339121,0.06792838092490643,0.3842141522276099,0.010454823129473954,96,univariate_linear
passive,Gamma_h_to_s,nmda_fraction,-0.09016691973190023,-0.08270482908301682,0.08270482908301682,0.013073747633631973,0.22671007049178074,0.01060996879985405,96,univariate_linear
passive,Gamma_h_to_s,hcn_density_scale,0.12500592253551307,0.1634291915355399,0.1634291915355399,0.029183694749377244,0.30725755154983964,0.010509866974240674,96,univariate_linear
passive,Gamma_h_to_s,na_density_scale,-0.01861669988599599,-0.014568638090070538,0.014568638090070538,0.007065459959896735,0.21066123037223206,0.010642861966683008,96,univariate_linear
passive,Gamma_h_to_s,kdr_density_scale,-0.12058072952241075,-0.07084915897992404,0.07084915897992404,0.0052008752354933884,0.2146951896601509,0.010558629733228596,96,univariate_linear
passive,Gamma_h_to_s,a_type_density_scale,-0.06858730993796515,-0.05817959848073793,0.05817959848073793,0.0051643381227314536,0.23682346698045637,0.010654282484980451,96,univariate_linear
passive,Gamma_h_to_s,calcium_density_scale,0.12635755618638755,0.12676342919153555,0.12676342919153555,0.014862643634918621,0.31150795535502257,0.010546946338381026,96,univariate_linear
passive,Gamma_h_to_s,active_Zin_50Hz_Mohm,0.020503528131969293,0.01112316874660879,0.01112316874660879,0.005606849969533057,0.2082503682166743,0.0105927613617519,96,univariate_linear
passive,Gamma_h_to_s,active_transfer_gain_50Hz,0.6461542499891887,0.5964867064568639,0.5964867064568639,0.4734777162862227,0.7122100773043444,0.008185025168127196,96,univariate_linear
passive,Gamma_h_to_s,active_dynamic_SMI_abs_50Hz,-0.5424567019003955,-0.5204150841020075,0.5204150841020075,0.33586558110810255,0.6476347362685976,0.009025989918551714,96,univariate_linear
passive,A_h_mV,R_neck_Mohm,0.14130933063839368,0.12424036896364622,0.12424036896364622,0.013583348186976749,0.27770287521703135,4.705094819120206,96,univariate_linear
passive,A_h_mV,R_in_d_Mohm,-0.0070784201452193975,0.031795984807379274,0.031795984807379274,0.006968372474396503,0.23063409040164898,4.714512505913112,96,univariate_linear
passive,A_h_mV,SMI,0.14804047583299865,0.09921323928377646,0.09921323928377646,0.009824425814539092,0.2753208750711494,4.69977734433473,96,univariate_linear
passive,A_h_mV,Zin_50Hz_Mohm,0.010297599911020312,0.045103092783505154,0.045103092783505154,0.012052710658715606,0.23616877502997063,4.7053874697697,96,univariate_linear
passive,A_h_mV,Ztransfer_50Hz_Mohm,-0.03757952787912674,-0.027794357026587085,0.027794357026587085,0.010527726828021746,0.20248051733721734,4.693086777850017,96,univariate_linear
passive,A_h_mV,transfer_gain_50Hz,-0.03904380843679818,-0.03221649484536082,0.03221649484536082,0.005207626543246305,0.20256178829788674,4.6927798865724135,96,univariate_linear
passive,A_h_mV,electrotonic_distance_50Hz,0.03508027911047766,0.03221649484536082,0.03221649484536082,0.005207626543246305,0.20256178829788674,4.694928246213862,96,univariate_linear
passive,A_h_mV,dynamic_SMI_abs_50Hz,0.1402121240217851,0.12303309820944112,0.12303309820944112,0.017047355706128867,0.2790702011741648,4.7046941874253285,96,univariate_linear
passive,A_h_mV,neck_radius_um,-0.050949724874747186,-0.04327183939229517,0.04327183939229517,0.0068935929894562925,0.19419845780803377,4.725768391786446,96,univariate_linear
passive,A_h_mV,neck_length_um,0.09125701951839456,0.08243353228431904,0.08243353228431904,0.010853107563072457,0.25849802927369886,4.798279386048195,96,univariate_linear
passive,A_h_mV,head_diameter_um,-0.14068826714498966,-0.1475718936516549,0.1475718936516549,0.012788494481615991,0.29599052082841926,4.705936382168775,96,univariate_linear
passive,A_h_mV,dendritic_area_scale,-0.059168509891013514,-0.051465002712967986,0.051465002712967986,0.012014980552699592,0.21743885794202025,4.701909419162054,96,univariate_linear
passive,A_h_mV,membrane_capacitance_scale,0.035408321542699475,0.03267769940314704,0.03267769940314704,0.004901280804465636,0.20009685954530726,4.694601608502281,96,univariate_linear
passive,A_h_mV,membrane_leak_scale,-0.03856170596453829,-0.031795984807379274,0.031795984807379274,0.006968372474396503,0.23063409040164898,4.732092591328817,96,univariate_linear
passive,A_h_mV,synaptic_conductance_scale,0.9788513178002117,0.9836950623982637,0.9836950623982637,0.9726555238333882,0.9866503507398467,0.9661991531323796,96,univariate_linear
passive,A_h_mV,nmda_fraction,-0.1914006203104513,-0.19985078676071621,0.19985078676071621,0.04411590655836682,0.3114034871718387,4.626300791859542,96,univariate_linear
passive,A_h_mV,hcn_density_scale,0.0721899742863184,0.07577319587628865,0.07577319587628865,0.008048442532335028,0.24193379299565346,4.731203720557477,96,univariate_linear
passive,A_h_mV,na_density_scale,-0.1383083828737811,-0.1269397721106891,0.1269397721106891,0.012480600076340144,0.27166175760694505,4.646371991870557,96,univariate_linear
passive,A_h_mV,kdr_density_scale,0.06004424439863287,0.07061855670103093,0.07061855670103093,0.012727133310839843,0.24746890653214518,4.737915096856566,96,univariate_linear
passive,A_h_mV,a_type_density_scale,-0.21678025230788933,-0.21295442213781876,0.21295442213781876,0.05850582303542377,0.38121180985850095,4.7181255269430356,96,univariate_linear
passive,A_h_mV,calcium_density_scale,0.0657726189376552,0.06762072707542051,0.06762072707542051,0.0034395642497399314,0.23250573353608614,4.690586653241053,96,univariate_linear
passive,A_h_mV,active_Zin_50Hz_Mohm,0.002552097689877312,0.024593054801953337,0.024593054801953337,0.008569498153111149,0.2258470866551745,4.694599439058156,96,univariate_linear
passive,A_h_mV,active_transfer_gain_50Hz,-0.03905607889197012,-0.03221649484536082,0.03221649484536082,0.005207626543246305,0.20256178829788674,4.692774262762806,96,univariate_linear
passive,A_h_mV,active_dynamic_SMI_abs_50Hz,0.14029044014678316,0.12304666304937602,0.12304666304937602,0.017047355706128867,0.2774845581304357,4.704684587573985,96,univariate_linear
passive,local_voltage_isolation,R_neck_Mohm,0.995039506151414,0.9995794899620184,0.9995794899620184,0.9986231837536723,0.9997842452149577,0.006374733847959396,96,univariate_linear
passive,local_voltage_isolation,R_in_d_Mohm,-0.04366686517290161,-0.022314161692892024,0.022314161692892024,0.005703420161745748,0.20389528890440092,0.06036878220623785,96,univariate_linear
passive,local_voltage_isolation,SMI,0.9356517816728743,0.9155453065653826,0.9155453065653826,0.871190990774843,0.9439767349750088,0.02151466398962796,96,univariate_linear
passive,local_voltage_isolation,Zin_50Hz_Mohm,-0.07074347709048712,-0.06995387954422137,0.06995387954422137,0.008221885319314426,0.21542005391279875,0.060383725231688994,96,univariate_linear
passive,local_voltage_isolation,Ztransfer_50Hz_Mohm,-0.06525938802108495,-0.08132121540965817,0.08132121540965817,0.008049333096148067,0.24888673767424466,0.06174747792856723,96,univariate_linear
passive,local_voltage_isolation,transfer_gain_50Hz,-0.06344275716614609,-0.07798426478567552,0.07798426478567552,0.008004391042708508,0.24846504868176095,0.06182800427879779,96,univariate_linear
passive,local_voltage_isolation,electrotonic_distance_50Hz,0.06647110669068963,0.07798426478567552,0.07798426478567552,0.008004391042708508,0.24846504868176095,0.061753313810019014,96,univariate_linear
passive,local_voltage_isolation,dynamic_SMI_abs_50Hz,0.9949723574956859,0.9997693977211068,0.9997693977211068,0.9990627962458559,0.9998921233393941,0.006448814867372088,96,univariate_linear
passive,local_voltage_isolation,neck_radius_um,-0.5897114997407318,-0.5594004340748779,0.5594004340748779,0.39325907980557473,0.6615471388479918,0.04878500031484145,96,univariate_linear
passive,local_voltage_isolation,neck_length_um,0.6631078043656902,0.70427292457949,0.70427292457949,0.5900789203005188,0.8045857400610056,0.04542658788573309,96,univariate_linear
passive,local_voltage_isolation,head_diameter_um,-0.05137302244847683,-0.05202116115029843,0.05202116115029843,0.00920999929632881,0.22170345855345708,0.06108853867509031,96,univariate_linear
passive,local_voltage_isolation,dendritic_area_scale,0.06069514961426758,0.0435973955507325,0.0435973955507325,0.008869353062832439,0.22453674396782677,0.06107448518565387,96,univariate_linear
passive,local_voltage_isolation,membrane_capacitance_scale,0.06638757606950717,0.08615029842647856,0.08615029842647856,0.006973622160433645,0.2569325070351491,0.06177041129250176,96,univariate_linear
passive,local_voltage_isolation,membrane_leak_scale,0.039101791425372914,0.022314161692892024,0.022314161692892024,0.005703420161745748,0.20389528890440092,0.060496373274432844,96,univariate_linear
passive,local_voltage_isolation,synaptic_conductance_scale,-0.03168173934801026,-0.02894736842105263,0.02894736842105263,0.009713203672515748,0.22171214917243476,0.060825804214856755,96,univariate_linear
passive,local_voltage_isolation,nmda_fraction,-0.19034344996678063,-0.19087086272381987,0.19087086272381987,0.03278542171059895,0.3486424878895409,0.060148143820571924,96,univariate_linear
passive,local_voltage_isolation,hcn_density_scale,-0.05125805406240093,0.009088442756375475,0.009088442756375475,0.007574340624396943,0.20780099464890825,0.0607626317727354,96,univariate_linear
passive,local_voltage_isolation,na_density_scale,-0.08535831838712328,-0.038510580575149216,0.038510580575149216,0.010473586346640928,0.24343724443189274,0.06034650921942844,96,univariate_linear
passive,local_voltage_isolation,kdr_density_scale,0.06577307288716,0.1008410200759631,0.1008410200759631,0.008711827800051412,0.2770620933531634,0.06039031288725576,96,univariate_linear
passive,local_voltage_isolation,a_type_density_scale,0.059569955557523,0.12569180683667933,0.12569180683667933,0.01076600267612855,0.28505892931479593,0.0601800942111483,96,univariate_linear
passive,local_voltage_isolation,calcium_density_scale,0.04393750411951963,0.045781334780249594,0.045781334780249594,0.004309366955526613,0.24234153481286325,0.060850011213714944,96,univariate_linear
passive,local_voltage_isolation,active_Zin_50Hz_Mohm,-0.07067562518440283,-0.0833288117200217,0.0833288117200217,0.006532417005308301,0.23316797226949343,0.06036106266363493,96,univariate_linear
passive,local_voltage_isolation,active_transfer_gain_50Hz,-0.06344050827041055,-0.07798426478567552,0.07798426478567552,0.008004391042708508,0.24846504868176095,0.06182821022691776,96,univariate_linear
passive,local_voltage_isolation,active_dynamic_SMI_abs_50Hz,0.9950478186465133,0.9997287032013022,0.9997287032013022,0.9989263790502748,0.9998927947821395,0.006395101356568445,96,univariate_linear
active,active_Gamma_h_to_d,R_neck_Mohm,-0.9948109372843617,-0.9979924036896365,0.9979924036896365,0.9940761968088516,0.9991050148023137,0.006395143896161691,96,univariate_linear
active,active_Gamma_h_to_d,R_in_d_Mohm,0.039592119171689415,0.020740640260444927,0.020740640260444927,0.006078614192371746,0.20473209633837441,0.060182181899222115,96,univariate_linear
active,active_Gamma_h_to_d,SMI,-0.9335424660562687,-0.9140124796527401,0.9140124796527401,0.8679304483518844,0.941634566734902,0.021764042373873475,96,univariate_linear
active,active_Gamma_h_to_d,Zin_50Hz_Mohm,0.07263596350437085,0.07219207813347803,0.07219207813347803,0.0062819109244091976,0.21958709192225087,0.06019922935391118,96,univariate_linear
active,active_Gamma_h_to_d,Ztransfer_50Hz_Mohm,0.06415451939252458,0.07909658166033641,0.07909658166033641,0.00998584306360078,0.24327209589726123,0.06155849145895549,96,univariate_linear
active,active_Gamma_h_to_d,transfer_gain_50Hz,0.06216616770032786,0.07532555615843733,0.07532555615843733,0.008504565114695509,0.2450424155798577,0.06163694634124904,96,univariate_linear
active,active_Gamma_h_to_d,electrotonic_distance_50Hz,-0.0652221275260477,-0.07532555615843733,0.07532555615843733,0.008504565114695509,0.2450424155798577,0.06156379377775965,96,univariate_linear
active,active_Gamma_h_to_d,dynamic_SMI_abs_50Hz,-0.9948132359457366,-0.9979788388497016,0.9979788388497016,0.9943812104415486,0.9989287046077241,0.006424176519959951,96,univariate_linear
active,active_Gamma_h_to_d,neck_radius_um,0.591686428018655,0.5586001085187194,0.5586001085187194,0.39262799520136704,0.6588086854351753,0.048551811595339715,96,univariate_linear
active,active_Gamma_h_to_d,neck_length_um,-0.6639645740299004,-0.7056565382528486,0.7056565382528486,0.5917941166765535,0.8016642311771004,0.04519832395570323,96,univariate_linear
active,active_Gamma_h_to_d,head_diameter_um,0.052114646715235684,0.05375746066196419,0.05375746066196419,0.009188764633190454,0.21767833768137718,0.060880619165197686,96,univariate_linear
active,active_Gamma_h_to_d,dendritic_area_scale,-0.06162022651093601,-0.047002170374389585,0.047002170374389585,0.008006155771601265,0.2388460651132493,0.0608742613185527,96,univariate_linear
active,active_Gamma_h_to_d,membrane_capacitance_scale,-0.06542171202200159,-0.08373575691806837,0.08373575691806837,0.005608202955977212,0.24882275185821084,0.061585521110337174,96,univariate_linear
active,active_Gamma_h_to_d,membrane_leak_scale,-0.03579149318975844,-0.020740640260444927,0.020740640260444927,0.006078614192371746,0.20473209633837441,0.060315996207410204,96,univariate_linear
active,active_Gamma_h_to_d,synaptic_conductance_scale,0.05464513530752698,0.05043407487791644,0.05043407487791644,0.008349775632829633,0.23904144040271502,0.060518662177720256,96,univariate_linear
active,active_Gamma_h_to_d,nmda_fraction,0.19292162295433318,0.1939365165491047,0.1939365165491047,0.039257598477886464,0.35073953495467564,0.059921536079518736,96,univariate_linear
active,active_Gamma_h_to_d,hcn_density_scale,0.0517828564659363,-0.0010851871947911015,0.0010851871947911015,0.006786130325520654,0.19207295473674743,0.06049245572289916,96,univariate_linear
active,active_Gamma_h_to_d,na_density_scale,0.10027359513692141,0.05477482365708085,0.05477482365708085,0.007335400312868504,0.2558426120854109,0.06005482842715006,96,univariate_linear
active,active_Gamma_h_to_d,kdr_density_scale,-0.06641732529055787,-0.10535811177428106,0.10535811177428106,0.009371620864017462,0.27408515637956926,0.060190331041627354,96,univariate_linear
active,active_Gamma_h_to_d,a_type_density_scale,-0.0631643533709254,-0.12664134563212154,0.12664134563212154,0.012386239532190571,0.2846445366369828,0.059952297312912094,96,univariate_linear
active,active_Gamma_h_to_d,calcium_density_scale,-0.0459902145895445,-0.0415491047205643,0.0415491047205643,0.005072113286041823,0.2390621942641084,0.06064173370490922,96,univariate_linear
active,active_Gamma_h_to_d,active_Zin_50Hz_Mohm,0.07260279587862987,0.08437330439500813,0.08437330439500813,0.006962724107965995,0.2336224552769496,0.0601722439966323,96,univariate_linear
active,active_Gamma_h_to_d,active_transfer_gain_50Hz,0.062163314776191116,0.07532555615843733,0.07532555615843733,0.008504565114695509,0.2450424155798577,0.06163714120321752,96,univariate_linear
active,active_Gamma_h_to_d,active_dynamic_SMI_abs_50Hz,-0.994891768545727,-0.9979110146500272,0.9979110146500272,0.994373583026878,0.9989558333037183,0.006370892139260706,96,univariate_linear
active,active_Gamma_h_to_s,R_neck_Mohm,-0.5613765208479677,-0.5652061855670103,0.5652061855670103,0.4149675394584105,0.6908384607802951,0.009609898106307555,96,univariate_linear
active,active_Gamma_h_to_s,R_in_d_Mohm,0.5337859802959503,0.4955507325013565,0.4955507325013565,0.37506913610903386,0.610893050274589,0.009741102769385897,96,univariate_linear
active,active_Gamma_h_to_s,SMI,-0.6773452440817466,-0.6964324470971243,0.6964324470971243,0.5884364525833243,0.7774443771788598,0.008547146212522921,96,univariate_linear
active,active_Gamma_h_to_s,Zin_50Hz_Mohm,-0.007714708974421591,-0.004069451980466631,0.004069451980466631,0.009332066229420705,0.1983977215471033,0.011508657923114788,96,univariate_linear
active,active_Gamma_h_to_s,Ztransfer_50Hz_Mohm,0.5683795923886074,0.5174308193163321,0.5174308193163321,0.36613177401396285,0.6502394983510968,0.009537251399496363,96,univariate_linear
active,active_Gamma_h_to_s,transfer_gain_50Hz,0.5937598917354466,0.5343190450352686,0.5343190450352686,0.3820530061940523,0.6674301055925339,0.00934185936371389,96,univariate_linear
active,active_Gamma_h_to_s,electrotonic_distance_50Hz,-0.5957879602347762,-0.5343190450352686,0.5343190450352686,0.3820530061940523,0.6674301055925339,0.009319130232822898,96,univariate_linear
active,active_Gamma_h_to_s,dynamic_SMI_abs_50Hz,-0.5614595177535459,-0.565491047205643,0.565491047205643,0.4170493977799572,0.691312062259275,0.009608290184986327,96,univariate_linear
active,active_Gamma_h_to_s,neck_radius_um,0.3403010618754191,0.334875203472599,0.334875203472599,0.16285797328044507,0.4998200132640275,0.010834484505304661,96,univariate_linear
active,active_Gamma_h_to_s,neck_length_um,-0.42128912848053285,-0.42832338578404777,0.42832338578404777,0.2647843521770707,0.5774640305773207,0.010549167321631529,96,univariate_linear
active,active_Gamma_h_to_s,head_diameter_um,-0.12991835333307164,-0.12225990233315247,0.12225990233315247,0.016475429743801492,0.2943498675310598,0.011479997864056095,96,univariate_linear
active,active_Gamma_h_to_s,dendritic_area_scale,0.11613291617934976,0.10028486163863266,0.10028486163863266,0.007714163363031741,0.2709785005383193,0.011469193684480947,96,univariate_linear
active,active_Gamma_h_to_s,membrane_capacitance_scale,-0.5538446318896755,-0.5065518176885513,0.5065518176885513,0.3501940988908843,0.640380798815781,0.009659913296761635,96,univariate_linear
active,active_Gamma_h_to_s,membrane_leak_scale,-0.5042744589029498,-0.4955507325013565,0.4955507325013565,0.37506913610903386,0.610893050274589,0.00993004538843628,96,univariate_linear
active,active_Gamma_h_to_s,synaptic_conductance_scale,0.10370722790913127,0.15515463917525774,0.15515463917525774,0.028841224387014364,0.3187910061009945,0.011413171850603353,96,univariate_linear
active,active_Gamma_h_to_s,nmda_fraction,0.05803165908745602,0.09234943027672274,0.09234943027672274,0.008264152357697622,0.2323094386522594,0.011501670564653736,96,univariate_linear
active,active_Gamma_h_to_s,hcn_density_scale,0.155953815205444,0.17437601736299513,0.17437601736299513,0.015678725042604418,0.3268748008984458,0.011335961518742435,96,univariate_linear
active,active_Gamma_h_to_s,na_density_scale,0.014223720074274752,0.033016820401519265,0.033016820401519265,0.018900997930435284,0.2034675606041491,0.011536155385142079,96,univariate_linear
active,active_Gamma_h_to_s,kdr_density_scale,-0.19554377883387059,-0.13893109061313078,0.13893109061313078,0.011078457929898372,0.2802627643083125,0.011344359781475646,96,univariate_linear
active,active_Gamma_h_to_s,a_type_density_scale,-0.06371417218185611,-0.05638903960933261,0.05638903960933261,0.008137626952593579,0.24157056080854183,0.011528917880223814,96,univariate_linear
active,active_Gamma_h_to_s,calcium_density_scale,0.09834457577438468,0.1141209983722192,0.1141209983722192,0.007334713755092827,0.2807216281419276,0.011456337729094353,96,univariate_linear
active,active_Gamma_h_to_s,active_Zin_50Hz_Mohm,-0.010943958700526338,-0.017878459034183395,0.017878459034183395,0.008496205592418088,0.19713206940260383,0.011501067043772656,96,univariate_linear
active,active_Gamma_h_to_s,active_transfer_gain_50Hz,0.5938175443163435,0.5343190450352686,0.5343190450352686,0.3820530061940523,0.6674301055925339,0.009341418350518866,96,univariate_linear
active,active_Gamma_h_to_s,active_dynamic_SMI_abs_50Hz,-0.5614782386548246,-0.5645550732501357,0.5645550732501357,0.4169489820473326,0.6899880919441412,0.009607549446369,96,univariate_linear
active,active_A_h_mV,R_neck_Mohm,0.12874624807631635,0.11459576776994032,0.11459576776994032,0.011831264036408214,0.27133280934062887,5.057456466202804,96,univariate_linear
active,active_A_h_mV,R_in_d_Mohm,-0.019385132650187792,0.02774009766684753,0.02774009766684753,0.008100801229584025,0.2296006841711496,5.057743982805724,96,univariate_linear
active,active_A_h_mV,SMI,0.14120304991836466,0.09313619099294629,0.09313619099294629,0.008422812874022698,0.2705949602155645,5.052269727097025,96,univariate_linear
active,active_A_h_mV,Zin_50Hz_Mohm,0.015088012101844172,0.04437059142702116,0.04437059142702116,0.008897738349398571,0.23115976443768996,5.055724767835845,96,univariate_linear
active,active_A_h_mV,Ztransfer_50Hz_Mohm,-0.04448758950042309,-0.04042322300596853,0.04042322300596853,0.005137236837442269,0.21219667714705326,5.0329111635778805,96,univariate_linear
active,active_A_h_mV,transfer_gain_50Hz,-0.04662807180140686,-0.04526587086272382,0.04526587086272382,0.006530458109637453,0.20109052722859383,5.0323242150743965,96,univariate_linear
active,active_A_h_mV,electrotonic_distance_50Hz,0.04288027136633927,0.04526587086272382,0.04526587086272382,0.006530458109637453,0.20109052722859383,5.034771023080332,96,univariate_linear
active,active_A_h_mV,dynamic_SMI_abs_50Hz,0.12758317827685062,0.11337493217580033,0.11337493217580033,0.009172854553318247,0.272246153106263,5.057109056561853,96,univariate_linear
active,active_A_h_mV,neck_radius_um,-0.03793556064349025,-0.0388903960933261,0.0388903960933261,0.007892212315669743,0.1910677318313645,5.07892519572979,96,univariate_linear
active,active_A_h_mV,neck_length_um,0.07872552146105674,0.06928920238741183,0.06928920238741183,0.010744131873467188,0.2470807856948526,5.149306300870755,96,univariate_linear
active,active_A_h_mV,head_diameter_um,-0.13375077661844179,-0.149023331524688,0.149023331524688,0.01183926766962714,0.298124768308811,5.052805792722239,96,univariate_linear
active,active_A_h_mV,dendritic_area_scale,-0.061744240353704065,-0.05816603364080304,0.05816603364080304,0.01153657391026136,0.22629133604162846,5.0525669930859625,96,univariate_linear
active,active_A_h_mV,membrane_capacitance_scale,0.04223349792879269,0.04530656538252849,0.04530656538252849,0.00805279446352346,0.2124406689331484,5.035295932749569,96,univariate_linear
active,active_A_h_mV,membrane_leak_scale,-0.02490204642290211,-0.02774009766684753,0.02774009766684753,0.008100801229584025,0.2296006841711496,5.080132652840529,96,univariate_linear
active,active_A_h_mV,synaptic_conductance_scale,0.9804558279807902,0.9848209441128595,0.9848209441128595,0.9748087931558699,0.9867198439717004,0.9980536765513164,96,univariate_linear
active,active_A_h_mV,nmda_fraction,-0.15438839615108524,-0.16562669560499185,0.16562669560499185,0.022856054241528416,0.2797508101435723,4.996538474938534,96,univariate_linear
active,active_A_h_mV,hcn_density_scale,0.060210894875926804,0.06572164948453608,0.06572164948453608,0.010276754475915854,0.23692964580409523,5.088057579331103,96,univariate_linear
active,active_A_h_mV,na_density_scale,-0.09781264353476961,-0.0952794357026587,0.0952794357026587,0.009906991028607554,0.2419365769499565,5.012929342649718,96,univariate_linear
active,active_A_h_mV,kdr_density_scale,0.06335707696450919,0.07192078133478025,0.07192078133478025,0.007513455172056885,0.24565570899077346,5.0901162006368255,96,univariate_linear
active,active_A_h_mV,a_type_density_scale,-0.21419636275605597,-0.2132799782962561,0.2132799782962561,0.04679894229345044,0.37863700848223086,5.075066756017516,96,univariate_linear
active,active_A_h_mV,calcium_density_scale,0.055029588467889995,0.056904503526858385,0.056904503526858385,0.0065390852371283665,0.2280009297080977,5.039197441352897,96,univariate_linear
active,active_A_h_mV,active_Zin_50Hz_Mohm,0.00834884903657462,0.024932175800325557,0.024932175800325557,0.0077859757199768695,0.23037892247005892,5.042478949218042,96,univariate_linear
active,active_A_h_mV,active_transfer_gain_50Hz,-0.04664157128044904,-0.04526587086272382,0.04526587086272382,0.006530458109637453,0.20109052722859383,5.032317365109963,96,univariate_linear
active,active_A_h_mV,active_dynamic_SMI_abs_50Hz,0.1276353078544868,0.1134020618556701,0.1134020618556701,0.009172854553318247,0.27228075846941574,5.057074613577906,96,univariate_linear
active,active_local_voltage_isolation,R_neck_Mohm,0.994810937284361,0.9979924036896365,0.9979924036896365,0.9940761968088516,0.9991050148023137,0.006395143896161666,96,univariate_linear
active,active_local_voltage_isolation,R_in_d_Mohm,-0.039592119171689456,-0.020740640260444927,0.020740640260444927,0.006078614192371746,0.20473209633837441,0.06018218189922208,96,univariate_linear
active,active_local_voltage_isolation,SMI,0.9335424660562684,0.9140124796527401,0.9140124796527401,0.8679304483518844,0.941634566734902,0.02176404237387347,96,univariate_linear
active,active_local_voltage_isolation,Zin_50Hz_Mohm,-0.0726359635043708,-0.07219207813347803,0.07219207813347803,0.0062819109244091976,0.21958709192225087,0.0601992293539112,96,univariate_linear
active,active_local_voltage_isolation,Ztransfer_50Hz_Mohm,-0.06415451939252455,-0.07909658166033641,0.07909658166033641,0.00998584306360078,0.24327209589726123,0.061558491458955505,96,univariate_linear
active,active_local_voltage_isolation,transfer_gain_50Hz,-0.06216616770032784,-0.07532555615843733,0.07532555615843733,0.008504565114695509,0.2450424155798577,0.06163694634124904,96,univariate_linear
active,active_local_voltage_isolation,electrotonic_distance_50Hz,0.06522212752604765,0.07532555615843733,0.07532555615843733,0.008504565114695509,0.2450424155798577,0.06156379377775965,96,univariate_linear
active,active_local_voltage_isolation,dynamic_SMI_abs_50Hz,0.9948132359457365,0.9979788388497016,0.9979788388497016,0.9943812104415486,0.9989287046077241,0.006424176519959978,96,univariate_linear
active,active_local_voltage_isolation,neck_radius_um,-0.5916864280186546,-0.5586001085187194,0.5586001085187194,0.39262799520136704,0.6588086854351753,0.0485518115953397,96,univariate_linear
active,active_local_voltage_isolation,neck_length_um,0.6639645740298998,0.7056565382528486,0.7056565382528486,0.5917941166765535,0.8016642311771004,0.04519832395570323,96,univariate_linear
active,active_local_voltage_isolation,head_diameter_um,-0.05211464671523564,-0.05375746066196419,0.05375746066196419,0.009188764633190454,0.21767833768137718,0.0608806191651977,96,univariate_linear
active,active_local_voltage_isolation,dendritic_area_scale,0.061620226510936044,0.047002170374389585,0.047002170374389585,0.008006155771601265,0.2388460651132493,0.06087426131855272,96,univariate_linear
active,active_local_voltage_isolation,membrane_capacitance_scale,0.06542171202200157,0.08373575691806837,0.08373575691806837,0.005608202955977212,0.24882275185821084,0.061585521110337195,96,univariate_linear
active,active_local_voltage_isolation,membrane_leak_scale,0.03579149318975841,0.020740640260444927,0.020740640260444927,0.006078614192371746,0.20473209633837441,0.06031599620741022,96,univariate_linear
active,active_local_voltage_isolation,synaptic_conductance_scale,-0.054645135307526946,-0.05043407487791644,0.05043407487791644,0.008349775632829633,0.23904144040271502,0.060518662177720214,96,univariate_linear
active,active_local_voltage_isolation,nmda_fraction,-0.19292162295433327,-0.1939365165491047,0.1939365165491047,0.039257598477886464,0.35073953495467564,0.05992153607951875,96,univariate_linear
active,active_local_voltage_isolation,hcn_density_scale,-0.051782856465936306,0.0010851871947911015,0.0010851871947911015,0.006786130325520654,0.19207295473674743,0.06049245572289916,96,univariate_linear
active,active_local_voltage_isolation,na_density_scale,-0.10027359513692152,-0.05477482365708085,0.05477482365708085,0.007335400312868504,0.2558426120854109,0.06005482842715005,96,univariate_linear
active,active_local_voltage_isolation,kdr_density_scale,0.0664173252905579,0.10535811177428106,0.10535811177428106,0.009371620864017462,0.27408515637956926,0.060190331041627354,96,univariate_linear
active,active_local_voltage_isolation,a_type_density_scale,0.0631643533709254,0.12664134563212154,0.12664134563212154,0.012386239532190571,0.2846445366369828,0.05995229731291208,96,univariate_linear
active,active_local_voltage_isolation,calcium_density_scale,0.04599021458954447,0.0415491047205643,0.0415491047205643,0.005072113286041823,0.2390621942641084,0.06064173370490919,96,univariate_linear
active,active_local_voltage_isolation,active_Zin_50Hz_Mohm,-0.07260279587862985,-0.08437330439500813,0.08437330439500813,0.006962724107965995,0.2336224552769496,0.060172243996632305,96,univariate_linear
active,active_local_voltage_isolation,active_transfer_gain_50Hz,-0.06216331477619108,-0.07532555615843733,0.07532555615843733,0.008504565114695509,0.2450424155798577,0.06163714120321752,96,univariate_linear
active,active_local_voltage_isolation,active_dynamic_SMI_abs_50Hz,0.9948917685457265,0.9979110146500272,0.9979110146500272,0.994373583026878,0.9989558333037183,0.006370892139260695,96,univariate_linear
passive,Gamma_h_to_d,SMI_plus_transfer_gain,,,,,,0.021691881363138613,96,fixed_multivariable_linear
passive,Gamma_h_to_d,SMI_plus_impedance_active_state,,,,,,0.020360628172513322,96,fixed_multivariable_linear
passive,Gamma_h_to_d,morphology_neck_load,,,,,,0.006386744362028272,96,fixed_multivariable_linear
passive,Gamma_h_to_s,SMI_plus_transfer_gain,,,,,,0.004620027219854923,96,fixed_multivariable_linear
passive,Gamma_h_to_s,SMI_plus_impedance_active_state,,,,,,0.004127012611110886,96,fixed_multivariable_linear
passive,Gamma_h_to_s,morphology_neck_load,,,,,,0.007640256027060013,96,fixed_multivariable_linear
passive,A_h_mV,SMI_plus_transfer_gain,,,,,,4.719125113103191,96,fixed_multivariable_linear
passive,A_h_mV,SMI_plus_impedance_active_state,,,,,,4.775648816256176,96,fixed_multivariable_linear
passive,A_h_mV,morphology_neck_load,,,,,,4.774788781401195,96,fixed_multivariable_linear
active,active_Gamma_h_to_d,SMI_plus_transfer_gain,,,,,,0.02194967587412098,96,fixed_multivariable_linear
active,active_Gamma_h_to_d,SMI_plus_impedance_active_state,,,,,,0.020497429414649146,96,fixed_multivariable_linear
active,active_Gamma_h_to_d,morphology_neck_load,,,,,,0.006431064545262158,96,fixed_multivariable_linear
active,active_Gamma_h_to_s,SMI_plus_transfer_gain,,,,,,0.005439084591807857,96,fixed_multivariable_linear
active,active_Gamma_h_to_s,SMI_plus_impedance_active_state,,,,,,0.0049503483788949304,96,fixed_multivariable_linear
active,active_Gamma_h_to_s,morphology_neck_load,,,,,,0.007863863243800404,96,fixed_multivariable_linear
active,active_A_h_mV,SMI_plus_transfer_gain,,,,,,5.070226541238754,96,fixed_multivariable_linear
active,active_A_h_mV,SMI_plus_impedance_active_state,,,,,,5.167605603530965,96,fixed_multivariable_linear
active,active_A_h_mV,morphology_neck_load,,,,,,5.1372233057814425,96,fixed_multivariable_linear
