target,regime,best_scalar_descriptor,best_scalar_abs_spearman,SMI_abs_spearman,Gamma_divider_abs_spearman,component_pair_log10_cv_rmse,component_pair_log10_cv_r2,best_descriptive_model,best_descriptive_model_cv_rmse,interpretation
A_h_mV,active_nonlinear_challenge,Zin_Mohm,0.7124265342587042,0.23640435500065868,0.23640435500065868,7.129167917256004,0.5268225025862601,component_pair_log10_OLS,7.129167917256004,Head amplitude requires conductance/load descriptors beyond the local ratio.
A_h_mV,all_nonexploratory,synaptic_conductance_scale,0.9823958636710142,0.1429204022242558,0.14292065930290135,5.185597430411683,0.32137942871655245,synaptic_plus_components_OLS,0.7533529016395549,Head amplitude requires conductance/load descriptors beyond the local ratio.
A_h_mV,baseline_reference_targets,SMI,1.0,1.0,1.0,,,SMI_linear,3.8646449284612756,Head amplitude requires conductance/load descriptors beyond the local ratio.
A_h_mV,exploratory_matched_baseline_comparisons,log10_R_in_d_Mohm,0.70290272158224,0.35404396500732044,0.35404396500732044,8.967014741952648,0.7766148134545767,log10_R_in_d_linear,8.611788317091243,Head amplitude requires conductance/load descriptors beyond the local ratio.
A_h_mV,exploratory_mechanistic_decomposition,Zin_Mohm,0.48197897496024894,0.3546040716334876,0.3546040716334876,,,SMI_linear,2.239035466666877,Head amplitude requires conductance/load descriptors beyond the local ratio.
A_h_mV,exploratory_scenario_uncertainty,synaptic_conductance_scale,0.9888095697472508,0.3570326065984952,0.3570326065984952,2.7728100498799266,0.04306019089955593,synaptic_plus_components_OLS,0.17534546373348658,Head amplitude requires conductance/load descriptors beyond the local ratio.
A_h_mV,exploratory_scenarios,transfer_gain,0.8221451475649413,0.35404396500732044,0.35404396500732044,8.967014741952648,0.7766148134545767,log10_R_in_d_linear,8.611788317091243,Head amplitude requires conductance/load descriptors beyond the local ratio.
A_h_mV,fixed_load_geometry_sweep,SMI,0.9999999999999999,0.9999999999999999,0.9999999999999999,3.076115954972899,0.6053137040973078,SMI_linear,0.6622399665183284,Head amplitude requires conductance/load descriptors beyond the local ratio.
A_h_mV,global_uncertainty_N96,synaptic_conductance_scale,0.9833803570123958,0.09667946239167216,0.09667946239167216,4.858421604041488,-0.009870161823662071,synaptic_plus_components_OLS,0.6557212839613404,Head amplitude requires conductance/load descriptors beyond the local ratio.
A_h_mV,matched_neck_heterogeneous_load,SMI,1.0,1.0,1.0,0.0025468134172563378,0.9147252611184212,SMI_linear,0.000251277632989502,Head amplitude requires conductance/load descriptors beyond the local ratio.
A_h_mV,passive_morphology_challenge,Zin_Mohm,0.7756003065880958,0.04761950204731752,0.05742005428760636,1.55992069877992,0.942852255208167,component_pair_log10_OLS,1.55992069877992,Head amplitude requires conductance/load descriptors beyond the local ratio.
A_h_mV,progressive_uncertainty_N192,synaptic_conductance_scale,0.9798923898549449,0.16406909636768044,0.16406909636768044,4.913274467691638,0.031901293314233414,synaptic_plus_components_OLS,0.7899918706755888,Head amplitude requires conductance/load descriptors beyond the local ratio.
A_h_mV,progressive_uncertainty_N384,synaptic_conductance_scale,0.9828692875757745,0.12207146568959056,0.12207146568959056,4.861617212450507,0.002653951852637615,synaptic_plus_components_OLS,0.7074172073563593,Head amplitude requires conductance/load descriptors beyond the local ratio.
A_h_mV,progressive_uncertainty_N768,synaptic_conductance_scale,0.9823911334581594,0.21811936232185777,0.21811936232185777,4.878558226559695,0.04414592185022859,synaptic_plus_components_OLS,0.7783316685499689,Head amplitude requires conductance/load descriptors beyond the local ratio.
A_h_mV,progressive_uncertainty_N96,synaptic_conductance_scale,0.9829395176538929,0.06601738947180195,0.06601738947180195,5.010002337148553,0.015689882673261768,synaptic_plus_components_OLS,0.7553184982269915,Head amplitude requires conductance/load descriptors beyond the local ratio.
A_h_mV,spatial_convergence,SMI,1.0,1.0,1.0,,,log10_R_in_d_linear,0.0009380307781732456,Head amplitude requires conductance/load descriptors beyond the local ratio.
A_h_mV,timestep_convergence_intermediate,SMI,,,,,,Gamma_divider_linear,0.0007351362321460699,Head amplitude requires conductance/load descriptors beyond the local ratio.
Gamma_h_to_s,active_nonlinear_challenge,Zin_Mohm,0.7642191103949166,0.3393689551761646,0.3393689551761646,0.007201410370669681,0.7456864066743987,component_pair_log10_OLS,0.007201410370669681,Somatic transfer depends on downstream filtering; local ratio alone is not sufficient.
Gamma_h_to_s,all_nonexploratory,transfer_gain,0.6353300954850283,0.5525750255102276,0.5525751177613593,0.040713916549738195,0.5762073054359567,dynamic_plus_transfer_gain_OLS,0.006632842883479308,Somatic transfer depends on downstream filtering; local ratio alone is not sufficient.
Gamma_h_to_s,baseline_reference_targets,SMI,1.0,1.0,1.0,,,Gamma_divider_linear,0.10787289408784798,Somatic transfer depends on downstream filtering; local ratio alone is not sufficient.
Gamma_h_to_s,exploratory_matched_baseline_comparisons,log10_R_in_d_Mohm,0.41804581506800875,0.10065010086039172,0.10065010086039172,0.013870977459595342,0.005590758788394656,log10_R_in_d_linear,0.013330639402989126,Somatic transfer depends on downstream filtering; local ratio alone is not sufficient.
Gamma_h_to_s,exploratory_mechanistic_decomposition,SMI,0.627376434428478,0.627376434428478,0.627376434428478,,,Gamma_divider_linear,0.0016709078454461522,Somatic transfer depends on downstream filtering; local ratio alone is not sufficient.
Gamma_h_to_s,exploratory_scenario_uncertainty,SMI,0.8087336806225482,0.8087336806225482,0.8087336806225482,0.0016407936560067144,0.6473163749385064,synaptic_plus_components_OLS,0.0013884161518276043,Somatic transfer depends on downstream filtering; local ratio alone is not sufficient.
Gamma_h_to_s,exploratory_scenarios,Zin_Mohm,0.41804581506800875,0.10065010086039172,0.10065010086039172,0.013870977459595342,0.005590758788394656,log10_R_in_d_linear,0.013330639402989126,Somatic transfer depends on downstream filtering; local ratio alone is not sufficient.
Gamma_h_to_s,fixed_load_geometry_sweep,SMI,0.9999999999999999,0.9999999999999999,0.9999999999999999,0.03416485248816954,0.8995740722928098,component_pair_log10_OLS,0.03416485248816954,Somatic transfer depends on downstream filtering; local ratio alone is not sufficient.
Gamma_h_to_s,global_uncertainty_N96,SMI,0.6640159792809716,0.6640159792809716,0.6640159792809716,0.007111266554196449,0.5791075982539542,dynamic_plus_transfer_gain_OLS,0.006636188888834124,Somatic transfer depends on downstream filtering; local ratio alone is not sufficient.
Gamma_h_to_s,matched_neck_heterogeneous_load,SMI,1.0,1.0,1.0,0.00025883445826421585,0.9996947586122471,log10_R_in_d_linear,0.0002588344582642117,Somatic transfer depends on downstream filtering; local ratio alone is not sufficient.
Gamma_h_to_s,passive_morphology_challenge,transfer_gain,0.8161232439547772,0.12101469786336654,0.13281127060415823,0.014027012471854138,0.5675267453399,component_pair_log10_OLS,0.014027012471854138,Somatic transfer depends on downstream filtering; local ratio alone is not sufficient.
Gamma_h_to_s,progressive_uncertainty_N192,SMI,0.6595159660844387,0.6595159660844387,0.6595159660844387,0.008007530311017285,0.5506397464762929,dynamic_plus_transfer_gain_OLS,0.006838762353970731,Somatic transfer depends on downstream filtering; local ratio alone is not sufficient.
Gamma_h_to_s,progressive_uncertainty_N384,SMI,0.632653533740643,0.632653533740643,0.632653533740643,0.007888733399389919,0.49498083687970607,dynamic_plus_transfer_gain_OLS,0.006697326932225915,Somatic transfer depends on downstream filtering; local ratio alone is not sufficient.
Gamma_h_to_s,progressive_uncertainty_N768,transfer_gain,0.639887706319839,0.6392001130318482,0.6392001130318482,0.00778831560236214,0.514441779400852,dynamic_plus_transfer_gain_OLS,0.0065272639893214825,Somatic transfer depends on downstream filtering; local ratio alone is not sufficient.
Gamma_h_to_s,progressive_uncertainty_N96,SMI,0.619948998790625,0.619948998790625,0.619948998790625,0.007652669044698034,0.5155362038165046,dynamic_plus_transfer_gain_OLS,0.006924829445849268,Somatic transfer depends on downstream filtering; local ratio alone is not sufficient.
Gamma_h_to_s,spatial_convergence,SMI,1.0,1.0,1.0,,,SMI_linear,0.0001137930709097275,Somatic transfer depends on downstream filtering; local ratio alone is not sufficient.
Gamma_h_to_s,timestep_convergence_intermediate,SMI,,,,,,SMI_linear,0.0001607230857051333,Somatic transfer depends on downstream filtering; local ratio alone is not sufficient.
absolute_residual,active_nonlinear_challenge,Zin_Mohm,0.7653922151771637,0.5044673658024068,0.5044673658024068,0.03306330881838343,0.4968703374993517,impedance_pair_OLS,0.025403165971724897,"Residual departures are not a raw-ratio discovery target; compare components, conductance, and impedance descriptors."
absolute_residual,all_nonexploratory,dynamic_SMI_abs,0.853168249141717,0.7045260130400622,0.7045246675524733,0.05260364733912803,0.4868494831571796,synaptic_plus_components_OLS,0.007012438885717424,"Residual departures are not a raw-ratio discovery target; compare components, conductance, and impedance descriptors."
absolute_residual,baseline_reference_targets,SMI,1.0,1.0,1.0,,,log10_R_neck_linear,0.04518773148581091,"Residual departures are not a raw-ratio discovery target; compare components, conductance, and impedance descriptors."
absolute_residual,exploratory_matched_baseline_comparisons,SMI,0.8891294852363679,0.8891294852363679,0.8891294852363679,0.0028595043566561167,0.9267063156480377,component_pair_raw_OLS,0.002702155946963539,"Residual departures are not a raw-ratio discovery target; compare components, conductance, and impedance descriptors."
absolute_residual,exploratory_mechanistic_decomposition,SMI,0.7637626158259734,0.7637626158259734,0.7637626158259734,,,Gamma_divider_linear,0.0006509743099104113,"Residual departures are not a raw-ratio discovery target; compare components, conductance, and impedance descriptors."
absolute_residual,exploratory_scenario_uncertainty,SMI,0.9971380796192681,0.9971380796192681,0.9971380796192681,0.0016427071273267032,0.9784844572345807,Gamma_divider_linear,0.0009439762769871521,"Residual departures are not a raw-ratio discovery target; compare components, conductance, and impedance descriptors."
absolute_residual,exploratory_scenarios,dynamic_SMI_abs,0.9277173833298088,0.8891294852363679,0.8891294852363679,0.0028595043566561167,0.9267063156480377,dynamic_plus_transfer_gain_OLS,0.002183169459629911,"Residual departures are not a raw-ratio discovery target; compare components, conductance, and impedance descriptors."
absolute_residual,fixed_load_geometry_sweep,SMI,0.9526145163407271,0.9526145163407271,0.9526145163407271,0.07791143970480045,0.708446957271718,component_pair_log10_OLS,0.07791143970480045,"Residual departures are not a raw-ratio discovery target; compare components, conductance, and impedance descriptors."
absolute_residual,global_uncertainty_N96,dynamic_SMI_abs,0.8595248437050147,0.6019220600998455,0.6019220600998455,0.0066644442372742465,0.9347190358885067,component_pair_raw_OLS,0.0063648582582978164,"Residual departures are not a raw-ratio discovery target; compare components, conductance, and impedance descriptors."
absolute_residual,matched_neck_heterogeneous_load,SMI,1.0,1.0,1.0,0.006610734339099636,0.9970114969092584,Gamma_divider_linear,0.003056448938481777,"Residual departures are not a raw-ratio discovery target; compare components, conductance, and impedance descriptors."
absolute_residual,passive_morphology_challenge,transfer_gain,0.8527246067375862,0.5928409566808246,0.5706939746752938,0.06207977801908501,0.47491956123831724,component_pair_log10_OLS,0.06207977801908501,"Residual departures are not a raw-ratio discovery target; compare components, conductance, and impedance descriptors."
absolute_residual,progressive_uncertainty_N192,dynamic_SMI_abs,0.8651672392082983,0.642540699304542,0.642540699304542,0.007794416106111478,0.9247871636479131,component_pair_raw_OLS,0.006978164161167461,"Residual departures are not a raw-ratio discovery target; compare components, conductance, and impedance descriptors."
absolute_residual,progressive_uncertainty_N384,dynamic_SMI_abs,0.8466594342553042,0.6147592428407112,0.6147592428407112,0.006709352399495751,0.9283261270567138,synaptic_plus_components_OLS,0.0066737514050671095,"Residual departures are not a raw-ratio discovery target; compare components, conductance, and impedance descriptors."
absolute_residual,progressive_uncertainty_N768,dynamic_SMI_abs,0.8553648581663993,0.6315321064336848,0.6315321064336848,0.007276711761010168,0.9237595011396096,synaptic_plus_components_OLS,0.00721197829843224,"Residual departures are not a raw-ratio discovery target; compare components, conductance, and impedance descriptors."
absolute_residual,progressive_uncertainty_N96,dynamic_SMI_abs,0.832952403603256,0.5854075395159295,0.5854075395159295,0.006064547090430494,0.9306186914405408,synaptic_plus_components_OLS,0.005969395781898201,"Residual departures are not a raw-ratio discovery target; compare components, conductance, and impedance descriptors."
absolute_residual,spatial_convergence,SMI,1.0,1.0,1.0,,,SMI_linear,0.0001220544472392481,"Residual departures are not a raw-ratio discovery target; compare components, conductance, and impedance descriptors."
absolute_residual,timestep_convergence_intermediate,SMI,,,,,,SMI_linear,0.0004468555794421682,"Residual departures are not a raw-ratio discovery target; compare components, conductance, and impedance descriptors."
observed_Gamma_h_to_d,active_nonlinear_challenge,SMI,0.9249061498523895,0.9249061498523895,0.9249061498523895,0.03812272979729553,0.9347063315398186,component_pair_log10_OLS,0.03812272979729553,Analytic divider transform is the appropriate first-order local-transfer coordinate.
observed_Gamma_h_to_d,all_nonexploratory,dynamic_SMI_abs,0.9991379526954228,0.948575698179522,0.9485756522457683,0.07181518064204939,0.77051698430128,dynamic_plus_transfer_gain_OLS,0.00608976100675607,"Raw SMI retains local-transfer ordering, but interpretation should stay tied to the divider relation."
observed_Gamma_h_to_d,baseline_reference_targets,SMI,1.0,1.0,1.0,,,Gamma_divider_linear,0.30021024348892844,Analytic divider transform is the appropriate first-order local-transfer coordinate.
observed_Gamma_h_to_d,exploratory_matched_baseline_comparisons,log10_R_in_d_Mohm,0.8535247333498628,0.8444318366114655,0.8444318366114655,0.01018183554034064,0.9324327937151098,component_pair_log10_OLS,0.01018183554034064,Analytic divider transform is the appropriate first-order local-transfer coordinate.
observed_Gamma_h_to_d,exploratory_mechanistic_decomposition,SMI,0.8455943246644705,0.8455943246644705,0.8455943246644705,,,Gamma_divider_linear,0.0006509743099104314,Analytic divider transform is the appropriate first-order local-transfer coordinate.
observed_Gamma_h_to_d,exploratory_scenario_uncertainty,SMI,0.9995498102771884,0.9995498102771884,0.9995498102771884,0.0043108109257706285,0.9766692842395751,Gamma_divider_linear,0.0009439762769872186,Analytic divider transform is the appropriate first-order local-transfer coordinate.
observed_Gamma_h_to_d,exploratory_scenarios,dynamic_SMI_abs,0.8945961041329386,0.8444318366114655,0.8444318366114655,0.01018183554034064,0.9324327937151098,dynamic_plus_transfer_gain_OLS,0.007654083163864715,Analytic divider transform is the appropriate first-order local-transfer coordinate.
observed_Gamma_h_to_d,fixed_load_geometry_sweep,SMI,0.9999999999999999,0.9999999999999999,0.9999999999999999,0.0942773028926375,0.8998280504853067,component_pair_log10_OLS,0.0942773028926375,Analytic divider transform is the appropriate first-order local-transfer coordinate.
observed_Gamma_h_to_d,global_uncertainty_N96,dynamic_SMI_abs,0.9987385220482387,0.9145144670702673,0.9145144670702673,0.014429206201852257,0.9418238698352509,dynamic_plus_transfer_gain_OLS,0.006221662787373449,Analytic divider transform is the appropriate first-order local-transfer coordinate.
observed_Gamma_h_to_d,matched_neck_heterogeneous_load,SMI,1.0,1.0,1.0,0.0025258910520432223,0.9889143761928589,component_pair_log10_OLS,0.0025258910520432223,Analytic divider transform is the appropriate first-order local-transfer coordinate.
observed_Gamma_h_to_d,passive_morphology_challenge,SMI,0.9423418891382008,0.9423418891382008,0.9380069937059361,0.06739154814819209,0.8315754906667574,component_pair_log10_OLS,0.06739154814819209,"Raw SMI retains local-transfer ordering, but interpretation should stay tied to the divider relation."
observed_Gamma_h_to_d,progressive_uncertainty_N192,dynamic_SMI_abs,0.9992264511023722,0.9331496879159836,0.9331496879159836,0.015163377188173715,0.9409876889427815,component_pair_raw_OLS,0.006997317893976929,Analytic divider transform is the appropriate first-order local-transfer coordinate.
observed_Gamma_h_to_d,progressive_uncertainty_N384,dynamic_SMI_abs,0.9990747200668432,0.9364966773876269,0.9364966773876269,0.012714725039099976,0.9508152236263905,component_pair_raw_OLS,0.005504144812483973,Analytic divider transform is the appropriate first-order local-transfer coordinate.
observed_Gamma_h_to_d,progressive_uncertainty_N768,dynamic_SMI_abs,0.9991071016071024,0.9373234376097958,0.9373234376097958,0.01314493955401164,0.9505215505154523,dynamic_plus_transfer_gain_OLS,0.005955911276968469,Analytic divider transform is the appropriate first-order local-transfer coordinate.
observed_Gamma_h_to_d,progressive_uncertainty_N96,dynamic_SMI_abs,0.9967988288708259,0.9229039791697762,0.9229039791697762,0.014470960431582067,0.938960403879752,dynamic_plus_transfer_gain_OLS,0.007384754414575007,Analytic divider transform is the appropriate first-order local-transfer coordinate.
observed_Gamma_h_to_d,spatial_convergence,SMI,1.0,1.0,1.0,,,SMI_linear,0.00011908311292661455,Analytic divider transform is the appropriate first-order local-transfer coordinate.
observed_Gamma_h_to_d,timestep_convergence_intermediate,SMI,,,,,,Gamma_divider_linear,0.0004468555794421786,"Raw SMI retains local-transfer ordering, but interpretation should stay tied to the divider relation."
residual,active_nonlinear_challenge,Zin_Mohm,0.7663306990029615,0.5052958166084167,0.5052958166084167,0.03525091038280138,0.48899094688045097,impedance_pair_OLS,0.028299446783042463,"Residual departures are not a raw-ratio discovery target; compare components, conductance, and impedance descriptors."
residual,all_nonexploratory,dynamic_SMI_abs,0.853168249141717,0.7042189868178999,0.7042176413256893,0.0526301992729211,0.4865757987500614,synaptic_plus_components_OLS,0.007013852015468511,"Residual departures are not a raw-ratio discovery target; compare components, conductance, and impedance descriptors."
residual,baseline_reference_targets,SMI,1.0,1.0,1.0,,,log10_R_neck_linear,0.04518773148581091,"Residual departures are not a raw-ratio discovery target; compare components, conductance, and impedance descriptors."
residual,exploratory_matched_baseline_comparisons,log10_R_in_d_Mohm,0.6903508872682713,0.16206917199245188,0.16206917199245188,0.008432799461180297,0.9283184866002616,log10_R_in_d_linear,0.00739852768983588,"Residual departures are not a raw-ratio discovery target; compare components, conductance, and impedance descriptors."
residual,exploratory_mechanistic_decomposition,SMI,0.7637626158259734,0.7637626158259734,0.7637626158259734,,,Gamma_divider_linear,0.0006509743099104113,"Residual departures are not a raw-ratio discovery target; compare components, conductance, and impedance descriptors."
residual,exploratory_scenario_uncertainty,SMI,0.9971380796192681,0.9971380796192681,0.9971380796192681,0.0016427071273267032,0.9784844572345807,Gamma_divider_linear,0.0009439762769871521,"Residual departures are not a raw-ratio discovery target; compare components, conductance, and impedance descriptors."
residual,exploratory_scenarios,transfer_gain,0.8346969818789098,0.16206917199245188,0.16206917199245188,0.008432799461180297,0.9283184866002616,log10_R_in_d_linear,0.00739852768983588,"Residual departures are not a raw-ratio discovery target; compare components, conductance, and impedance descriptors."
residual,fixed_load_geometry_sweep,SMI,0.9526145163407271,0.9526145163407271,0.9526145163407271,0.07791143970480045,0.708446957271718,component_pair_log10_OLS,0.07791143970480045,"Residual departures are not a raw-ratio discovery target; compare components, conductance, and impedance descriptors."
residual,global_uncertainty_N96,dynamic_SMI_abs,0.8595248437050147,0.6019220600998455,0.6019220600998455,0.0066644442372742465,0.9347190358885067,component_pair_raw_OLS,0.0063648582582978164,"Residual departures are not a raw-ratio discovery target; compare components, conductance, and impedance descriptors."
residual,matched_neck_heterogeneous_load,SMI,1.0,1.0,1.0,0.006610734339099636,0.9970114969092584,Gamma_divider_linear,0.003056448938481777,"Residual departures are not a raw-ratio discovery target; compare components, conductance, and impedance descriptors."
residual,passive_morphology_challenge,transfer_gain,0.8527246067375862,0.5928409566808246,0.5706939746752938,0.06207977801908501,0.47491956123831724,component_pair_log10_OLS,0.06207977801908501,"Residual departures are not a raw-ratio discovery target; compare components, conductance, and impedance descriptors."
residual,progressive_uncertainty_N192,dynamic_SMI_abs,0.8651672392082983,0.642540699304542,0.642540699304542,0.007794416106111478,0.9247871636479131,component_pair_raw_OLS,0.006978164161167461,"Residual departures are not a raw-ratio discovery target; compare components, conductance, and impedance descriptors."
residual,progressive_uncertainty_N384,dynamic_SMI_abs,0.8466594342553042,0.6147592428407112,0.6147592428407112,0.006709352399495751,0.9283261270567138,synaptic_plus_components_OLS,0.0066737514050671095,"Residual departures are not a raw-ratio discovery target; compare components, conductance, and impedance descriptors."
residual,progressive_uncertainty_N768,dynamic_SMI_abs,0.8553648581663993,0.6315321064336848,0.6315321064336848,0.007280114563690208,0.9237086252846388,synaptic_plus_components_OLS,0.0072149926919282455,"Residual departures are not a raw-ratio discovery target; compare components, conductance, and impedance descriptors."
residual,progressive_uncertainty_N96,dynamic_SMI_abs,0.832952403603256,0.5854075395159295,0.5854075395159295,0.006064547090430494,0.9306186914405408,synaptic_plus_components_OLS,0.005969395781898201,"Residual departures are not a raw-ratio discovery target; compare components, conductance, and impedance descriptors."
residual,spatial_convergence,SMI,1.0,1.0,1.0,,,SMI_linear,0.0001220544472392481,"Residual departures are not a raw-ratio discovery target; compare components, conductance, and impedance descriptors."
residual,timestep_convergence_intermediate,SMI,,,,,,SMI_linear,0.0004468555794421682,"Residual departures are not a raw-ratio discovery target; compare components, conductance, and impedance descriptors."
