n,group,target,rank,predictor,pearson,spearman,abs_spearman,bootstrap_abs_spearman_p05,bootstrap_abs_spearman_p95,cv_rmse,model
96,passive,Gamma_h_to_d,1,dynamic_SMI_abs_50Hz,-0.9940378091986876,-0.9998100922409116,0.9998100922409116,0.9991830177780918,0.9999592933598647,0.007679700088031324,univariate_linear
96,passive,Gamma_h_to_d,2,active_dynamic_SMI_abs_50Hz,-0.9940293617762528,-0.9996744438415627,0.9996744438415627,0.9984367361400016,0.9999192657671091,0.007696263872456514,univariate_linear
96,passive,Gamma_h_to_d,3,R_neck_Mohm,-0.9937838641351324,-0.999647314161693,0.999647314161693,0.9987339308123275,0.999783554949053,0.007843730361472163,univariate_linear
96,passive,Gamma_h_to_d,4,SMI,-0.9324719618876786,-0.9234807379272925,0.9234807379272925,0.8837781759887477,0.9499532715148546,0.022765974874082145,univariate_linear
96,passive,Gamma_h_to_d,5,neck_length_um,-0.6424713884850989,-0.6744845360824743,0.6744845360824743,0.573648250930958,0.7538245503604244,0.04608247465947316,univariate_linear
96,passive,Gamma_h_to_d,6,neck_radius_um,0.6216064437952739,0.5894465545306565,0.5894465545306565,0.46096973362911187,0.6847578275915367,0.04670154542691926,univariate_linear
96,passive,Gamma_h_to_d,7,dendritic_area_scale,-0.1582660435107962,-0.13868692349430276,0.13868692349430276,0.018605669187034917,0.30678700060049613,0.060029959226597575,univariate_linear
96,passive,Gamma_h_to_d,8,R_in_d_Mohm,0.16513282450621747,0.13024959305480197,0.13024959305480197,0.018909195041071122,0.2790935837568412,0.060276018111785845,univariate_linear
96,passive,Gamma_h_to_s,1,SMI,-0.65692028419707,-0.6484536082474227,0.6484536082474227,0.533493346225917,0.7707482204714279,0.008357485728154652,univariate_linear
96,passive,Gamma_h_to_s,2,transfer_gain_50Hz,0.5956960074583898,0.597680412371134,0.597680412371134,0.47968429074061814,0.7010431527067825,0.008688237584884045,univariate_linear
96,passive,Gamma_h_to_s,3,electrotonic_distance_50Hz,-0.6007600175240668,-0.597680412371134,0.597680412371134,0.47968429074061814,0.7010431527067825,0.008655558037826135,univariate_linear
96,passive,Gamma_h_to_s,4,active_transfer_gain_50Hz,0.5957399206122892,0.597680412371134,0.597680412371134,0.47968429074061814,0.7010431527067825,0.008687951578791792,univariate_linear
96,passive,Gamma_h_to_s,5,Ztransfer_50Hz_Mohm,0.5698001652308057,0.5818773738469886,0.5818773738469886,0.4588988283539834,0.685623527098314,0.008888874299036759,univariate_linear
96,passive,Gamma_h_to_s,6,R_in_d_Mohm,0.5598529864526652,0.5579489962018448,0.5579489962018448,0.41372879907489585,0.6668172951779251,0.00886369672896357,univariate_linear
96,passive,Gamma_h_to_s,7,membrane_leak_scale,-0.5598005990545599,-0.5579489962018448,0.5579489962018448,0.41372879907489585,0.6668172951779251,0.008890826307321596,univariate_linear
96,passive,Gamma_h_to_s,8,membrane_capacitance_scale,-0.5554722028713664,-0.5568638090070537,0.5568638090070537,0.4329923790258895,0.6663866771277809,0.009021327753698663,univariate_linear
96,passive,A_h_mV,1,synaptic_conductance_scale,0.9837010406284165,0.9837628865979381,0.9837628865979381,0.9710852811878755,0.9882767645042471,0.8561125661141128,univariate_linear
96,passive,A_h_mV,2,head_diameter_um,0.18360753966068244,0.19084373304395008,0.19084373304395008,0.03889691901596142,0.36213243072568635,4.719545718639292,univariate_linear
96,passive,A_h_mV,3,R_in_d_Mohm,0.16787626533295477,0.13354584915897993,0.13354584915897993,0.018844468736486587,0.29169804062798843,4.773969402400469,univariate_linear
96,passive,A_h_mV,4,membrane_leak_scale,-0.1321775819244366,-0.13354584915897993,0.13354584915897993,0.018844468736486587,0.29169804062798843,4.763346164581652,univariate_linear
96,passive,A_h_mV,5,a_type_density_scale,-0.12229308979347571,-0.12030656538252849,0.12030656538252849,0.01449300525560478,0.2697039039437305,4.733498484464802,univariate_linear
96,passive,A_h_mV,6,nmda_fraction,0.11690982351258615,0.11732230059685296,0.11732230059685296,0.023637213575755815,0.3087195281846484,4.759715064809146,univariate_linear
96,passive,A_h_mV,7,active_dynamic_SMI_abs_50Hz,0.1486240739617186,0.11342919153553987,0.11342919153553987,0.005073796267101562,0.29294601276001075,4.722729573059493,univariate_linear
96,passive,A_h_mV,8,dynamic_SMI_abs_50Hz,0.1483986441605915,0.11304937601736299,0.11304937601736299,0.004699554889759167,0.29112518388977354,4.7228981645415615,univariate_linear
96,passive,local_voltage_isolation,1,dynamic_SMI_abs_50Hz,0.9940378091986879,0.9998100922409116,0.9998100922409116,0.9991830177780918,0.9999592933598647,0.007679700088031328,univariate_linear
96,passive,local_voltage_isolation,2,active_dynamic_SMI_abs_50Hz,0.994029361776253,0.9996744438415627,0.9996744438415627,0.9984367361400016,0.9999192657671091,0.0076962638724565055,univariate_linear
96,passive,local_voltage_isolation,3,R_neck_Mohm,0.9937838641351322,0.999647314161693,0.999647314161693,0.9987339308123275,0.999783554949053,0.007843730361472082,univariate_linear
96,passive,local_voltage_isolation,4,SMI,0.9324719618876789,0.9234807379272925,0.9234807379272925,0.8837781759887477,0.9499532715148546,0.02276597487408214,univariate_linear
96,passive,local_voltage_isolation,5,neck_length_um,0.642471388485099,0.6744845360824743,0.6744845360824743,0.573648250930958,0.7538245503604244,0.046082474659473176,univariate_linear
96,passive,local_voltage_isolation,6,neck_radius_um,-0.6216064437952739,-0.5894465545306565,0.5894465545306565,0.46096973362911187,0.6847578275915367,0.046701545426919226,univariate_linear
96,passive,local_voltage_isolation,7,dendritic_area_scale,0.15826604351079618,0.13868692349430276,0.13868692349430276,0.018605669187034917,0.30678700060049613,0.06002995922659752,univariate_linear
96,passive,local_voltage_isolation,8,R_in_d_Mohm,-0.1651328245062175,-0.13024959305480197,0.13024959305480197,0.018909195041071122,0.2790935837568412,0.060276018111785824,univariate_linear
96,active,active_Gamma_h_to_d,1,R_neck_Mohm,-0.9914674492001422,-0.9945333695062398,0.9945333695062398,0.9862870893048628,0.9975720618700632,0.00893603232590268,univariate_linear
96,active,active_Gamma_h_to_d,2,dynamic_SMI_abs_50Hz,-0.9917853838493227,-0.994397721106891,0.994397721106891,0.9853157855967201,0.9975038335565866,0.008770841614075788,univariate_linear
96,active,active_Gamma_h_to_d,3,active_dynamic_SMI_abs_50Hz,-0.9917586543008554,-0.9941942485078676,0.9941942485078676,0.9849215001951022,0.9975198139027718,0.008794691384770308,univariate_linear
96,active,active_Gamma_h_to_d,4,SMI,-0.9347617925407655,-0.9222192078133478,0.9222192078133478,0.880557305186253,0.9492692986152056,0.022105985019046474,univariate_linear
96,active,active_Gamma_h_to_d,5,neck_length_um,-0.6409941594134356,-0.6723684210526316,0.6723684210526316,0.571444319046734,0.7547792173369167,0.0454434894412822,univariate_linear
96,active,active_Gamma_h_to_d,6,neck_radius_um,0.6197507140093144,0.585729788388497,0.585729788388497,0.46650047235163644,0.6793661761668519,0.046094365817271526,univariate_linear
96,active,active_Gamma_h_to_d,7,dendritic_area_scale,-0.16715157719733853,-0.15208898534997287,0.15208898534997287,0.016208613097121714,0.320096336375311,0.05911428242193663,univariate_linear
96,active,active_Gamma_h_to_d,8,R_in_d_Mohm,0.17414903230870438,0.13559413998914813,0.13559413998914813,0.02041840488663,0.28559044572954556,0.059251610707320365,univariate_linear
96,active,active_Gamma_h_to_s,1,SMI,-0.6390627014834714,-0.6103364080303852,0.6103364080303852,0.47594220000903653,0.7462193621562349,0.009301095460753571,univariate_linear
96,active,active_Gamma_h_to_s,2,transfer_gain_50Hz,0.5695330530072928,0.5783505154639176,0.5783505154639176,0.4568798969297976,0.6935536951094158,0.009655552883279243,univariate_linear
96,active,active_Gamma_h_to_s,3,electrotonic_distance_50Hz,-0.575693942743161,-0.5783505154639176,0.5783505154639176,0.4568798969297976,0.6935536951094158,0.009617645055723819,univariate_linear
96,active,active_Gamma_h_to_s,4,active_transfer_gain_50Hz,0.569578690147636,0.5783505154639176,0.5783505154639176,0.4568798969297976,0.6935536951094158,0.00965526193761529,univariate_linear
96,active,active_Gamma_h_to_s,5,R_in_d_Mohm,0.5828788885578196,0.5744302767227347,0.5744302767227347,0.44531972566980094,0.6768306617211884,0.009463132914921533,univariate_linear
96,active,active_Gamma_h_to_s,6,membrane_leak_scale,-0.5809749799170979,-0.5744302767227347,0.5744302767227347,0.44531972566980094,0.6768306617211884,0.009473495619050644,univariate_linear
96,active,active_Gamma_h_to_s,7,Ztransfer_50Hz_Mohm,0.5446299453324989,0.5622897449810093,0.5622897449810093,0.44566098249254343,0.6726470156236836,0.009845644629949092,univariate_linear
96,active,active_Gamma_h_to_s,8,membrane_capacitance_scale,-0.5301351067233896,-0.5371405317417255,0.5371405317417255,0.4069578020148263,0.6569078756731087,0.009983870647851193,univariate_linear
96,active,active_A_h_mV,1,synaptic_conductance_scale,0.9774559833698786,0.983057514921324,0.983057514921324,0.9686045668526817,0.9883733515456719,1.1526012855146235,univariate_linear
96,active,active_A_h_mV,2,head_diameter_um,0.1917723915340958,0.19472327726532826,0.19472327726532826,0.03634839352138303,0.3725579801920872,5.349246204795153,univariate_linear
96,active,active_A_h_mV,3,nmda_fraction,0.12096610735042389,0.13301682040151927,0.13301682040151927,0.021006906916799382,0.3212815454988922,5.390390512762293,univariate_linear
96,active,active_A_h_mV,4,R_in_d_Mohm,0.1595939941194157,0.13119913185024418,0.13119913185024418,0.016957215833584283,0.2915583186673853,5.416111166986621,univariate_linear
96,active,active_A_h_mV,5,membrane_leak_scale,-0.12962539748560054,-0.13119913185024418,0.13119913185024418,0.016957215833584283,0.2915583186673853,5.3973971215482885,univariate_linear
96,active,active_A_h_mV,6,a_type_density_scale,-0.13208113549582837,-0.12504069451980468,0.12504069451980468,0.01456592194017414,0.2675584909537872,5.351135425612203,univariate_linear
96,active,active_A_h_mV,7,active_dynamic_SMI_abs_50Hz,0.16456170634307107,0.11165219750406945,0.11165219750406945,0.007917628316168022,0.2789126674945903,5.331234264397896,univariate_linear
96,active,active_A_h_mV,8,dynamic_SMI_abs_50Hz,0.1643261191998103,0.1112452523060228,0.1112452523060228,0.00632352443043453,0.2778393213182924,5.331447333348804,univariate_linear
96,active,active_local_voltage_isolation,1,R_neck_Mohm,0.9914674492001424,0.9945333695062398,0.9945333695062398,0.9862870893048628,0.9975720618700632,0.008936032325902604,univariate_linear
96,active,active_local_voltage_isolation,2,dynamic_SMI_abs_50Hz,0.9917853838493231,0.994397721106891,0.994397721106891,0.9853157855967201,0.9975038335565866,0.00877084161407579,univariate_linear
96,active,active_local_voltage_isolation,3,active_dynamic_SMI_abs_50Hz,0.9917586543008555,0.9941942485078676,0.9941942485078676,0.9849215001951022,0.9975198139027718,0.008794691384770313,univariate_linear
96,active,active_local_voltage_isolation,4,SMI,0.9347617925407653,0.9222192078133478,0.9222192078133478,0.880557305186253,0.9492692986152056,0.02210598501904646,univariate_linear
96,active,active_local_voltage_isolation,5,neck_length_um,0.6409941594134358,0.6723684210526316,0.6723684210526316,0.571444319046734,0.7547792173369167,0.04544348944128223,univariate_linear
96,active,active_local_voltage_isolation,6,neck_radius_um,-0.6197507140093144,-0.585729788388497,0.585729788388497,0.46650047235163644,0.6793661761668519,0.046094365817271506,univariate_linear
96,active,active_local_voltage_isolation,7,dendritic_area_scale,0.1671515771973386,0.15208898534997287,0.15208898534997287,0.016208613097121714,0.320096336375311,0.05911428242193659,univariate_linear
96,active,active_local_voltage_isolation,8,R_in_d_Mohm,-0.1741490323087046,-0.13559413998914813,0.13559413998914813,0.02041840488663,0.28559044572954556,0.05925161070732036,univariate_linear
96,passive,Gamma_h_to_d,,SMI_plus_transfer_gain,,,,,,0.022707255973777388,fixed_multivariable_linear
96,passive,Gamma_h_to_d,,SMI_plus_impedance_active_state,,,,,,0.022554871842727347,fixed_multivariable_linear
96,passive,Gamma_h_to_d,,morphology_neck_load,,,,,,0.008161140654256006,fixed_multivariable_linear
96,passive,Gamma_h_to_s,,SMI_plus_transfer_gain,,,,,,0.004975893873156703,fixed_multivariable_linear
96,passive,Gamma_h_to_s,,SMI_plus_impedance_active_state,,,,,,0.005067625285592536,fixed_multivariable_linear
96,passive,Gamma_h_to_s,,morphology_neck_load,,,,,,0.00759501422309187,fixed_multivariable_linear
96,passive,A_h_mV,,SMI_plus_transfer_gain,,,,,,4.791608761489786,fixed_multivariable_linear
96,passive,A_h_mV,,SMI_plus_impedance_active_state,,,,,,4.831040150203191,fixed_multivariable_linear
96,passive,A_h_mV,,morphology_neck_load,,,,,,4.800932135047809,fixed_multivariable_linear
96,active,active_Gamma_h_to_d,,SMI_plus_transfer_gain,,,,,,0.022001678409560774,fixed_multivariable_linear
96,active,active_Gamma_h_to_d,,SMI_plus_impedance_active_state,,,,,,0.021702143773573657,fixed_multivariable_linear
96,active,active_Gamma_h_to_d,,morphology_neck_load,,,,,,0.009194142251352636,fixed_multivariable_linear
96,active,active_Gamma_h_to_s,,SMI_plus_transfer_gain,,,,,,0.0061031310201763705,fixed_multivariable_linear
96,active,active_Gamma_h_to_s,,SMI_plus_impedance_active_state,,,,,,0.005950079194723273,fixed_multivariable_linear
96,active,active_Gamma_h_to_s,,morphology_neck_load,,,,,,0.008336973016559737,fixed_multivariable_linear
96,active,active_A_h_mV,,SMI_plus_transfer_gain,,,,,,5.417338146195962,fixed_multivariable_linear
96,active,active_A_h_mV,,SMI_plus_impedance_active_state,,,,,,5.469618143180953,fixed_multivariable_linear
96,active,active_A_h_mV,,morphology_neck_load,,,,,,5.437554464075926,fixed_multivariable_linear
192,passive,Gamma_h_to_d,1,active_dynamic_SMI_abs_50Hz,-0.9945139742756978,-0.9998694490410439,0.9998694490410439,0.9996353484000645,0.9999067392150771,0.006757850214170746,univariate_linear
192,passive,Gamma_h_to_d,2,dynamic_SMI_abs_50Hz,-0.9945440061647769,-0.9998677535740444,0.9998677535740444,0.9996386578957976,0.9999016530552933,0.006737090311319282,univariate_linear
192,passive,Gamma_h_to_d,3,R_neck_Mohm,-0.9945534614847918,-0.9997880666250712,0.9997880666250712,0.9994675674385551,0.9998357776232015,0.006725551843529944,univariate_linear
192,passive,Gamma_h_to_d,4,SMI,-0.9290624978356666,-0.9337496269972602,0.9337496269972602,0.9104792867171668,0.9501819244267706,0.023517617351537894,univariate_linear
192,passive,Gamma_h_to_d,5,neck_radius_um,0.6766630239375957,0.6508948674822993,0.6508948674822993,0.5698352024859715,0.7142870099306944,0.046863416615253166,univariate_linear
192,passive,Gamma_h_to_d,6,neck_length_um,-0.6010391875910279,-0.6490485039199198,0.6490485039199198,0.5724394092948061,0.7277029267044144,0.05041223565251017,univariate_linear
192,passive,Gamma_h_to_d,7,na_density_scale,-0.059897193338083264,-0.08013624772807422,0.08013624772807422,0.00793372051940817,0.21221569430934198,0.06297548108578925,univariate_linear
192,passive,Gamma_h_to_d,8,membrane_capacitance_scale,-0.06505020566773459,-0.0745768114369422,0.0745768114369422,0.009750195889561093,0.19550716748399485,0.06309276039423233,univariate_linear
192,passive,Gamma_h_to_s,1,active_transfer_gain_50Hz,0.7093638963384753,0.678520806771017,0.678520806771017,0.5947375203581854,0.7367693821048289,0.007934862678972046,univariate_linear
192,passive,Gamma_h_to_s,2,transfer_gain_50Hz,0.7093223522264753,0.6783563464720722,0.6783563464720722,0.5947339145855405,0.7367693821048289,0.00793535500876591,univariate_linear
192,passive,Gamma_h_to_s,3,electrotonic_distance_50Hz,-0.7031583951334182,-0.6783563464720722,0.6783563464720722,0.5947339145855405,0.7367693821048289,0.008000620923160645,univariate_linear
192,passive,Gamma_h_to_s,4,SMI,-0.6405225092118207,-0.664092382605865,0.664092382605865,0.5829577815372888,0.7325848025658411,0.008718886774613967,univariate_linear
192,passive,Gamma_h_to_s,5,Ztransfer_50Hz_Mohm,0.6841127625020234,0.6564153080324444,0.6564153080324444,0.5760666586971949,0.7194013307517065,0.00821324043157313,univariate_linear
192,passive,Gamma_h_to_s,6,membrane_capacitance_scale,-0.6599052107389154,-0.6475547974934216,0.6475547974934216,0.5685355925938173,0.7129110795067939,0.008445840540680882,univariate_linear
192,passive,Gamma_h_to_s,7,R_in_d_Mohm,0.536709794593366,0.5314085261644468,0.5314085261644468,0.4353083805423745,0.5976591019880588,0.009613004343072313,univariate_linear
192,passive,Gamma_h_to_s,8,membrane_leak_scale,-0.5168369862863926,-0.5314085261644468,0.5314085261644468,0.4353083805423745,0.5976591019880588,0.009718164350858373,univariate_linear
192,passive,A_h_mV,1,synaptic_conductance_scale,0.9749526147741505,0.9815363643762037,0.9815363643762037,0.9750899825543514,0.9842605735705651,1.0613444213495906,univariate_linear
192,passive,A_h_mV,2,neck_radius_um,-0.19948912859558787,-0.1976931476005751,0.1976931476005751,0.08775860859677817,0.3147158960806382,4.694420014464264,univariate_linear
192,passive,A_h_mV,3,R_neck_Mohm,0.2330921465805731,0.1870540921791498,0.1870540921791498,0.06330621030672323,0.3092460047621554,4.672705098595839,univariate_linear
192,passive,A_h_mV,4,active_dynamic_SMI_abs_50Hz,0.23165033393133663,0.1864318557903589,0.1864318557903589,0.0618708263143719,0.3099637625225333,4.6745326879833,univariate_linear
192,passive,A_h_mV,5,dynamic_SMI_abs_50Hz,0.23163844139152526,0.18611480346146542,0.18611480346146542,0.06162188443785996,0.3083665696842483,4.674534649854351,univariate_linear
192,passive,A_h_mV,6,SMI,0.21024598689990148,0.16371768439899087,0.16371768439899087,0.05756047501749135,0.2824071012671523,4.701796427673165,univariate_linear
192,passive,A_h_mV,7,nmda_fraction,-0.13871601167138176,-0.1244964463011692,0.1244964463011692,0.026493051149112115,0.2501216522027097,4.799863742718791,univariate_linear
192,passive,A_h_mV,8,na_density_scale,-0.09012729405716027,-0.09997999348940673,0.09997999348940673,0.008471574426002468,0.20296291366314065,4.802521818268131,univariate_linear
192,passive,local_voltage_isolation,1,active_dynamic_SMI_abs_50Hz,0.9945139742756983,0.9998694490410439,0.9998694490410439,0.9996353484000645,0.9999067392150771,0.006757850214170768,univariate_linear
192,passive,local_voltage_isolation,2,dynamic_SMI_abs_50Hz,0.9945440061647776,0.9998677535740444,0.9998677535740444,0.9996386578957976,0.9999016530552933,0.006737090311319301,univariate_linear
192,passive,local_voltage_isolation,3,R_neck_Mohm,0.9945534614847922,0.9997880666250712,0.9997880666250712,0.9994675674385551,0.9998357776232015,0.006725551843529939,univariate_linear
192,passive,local_voltage_isolation,4,SMI,0.9290624978356667,0.9337496269972602,0.9337496269972602,0.9104792867171668,0.9501819244267706,0.023517617351537876,univariate_linear
192,passive,local_voltage_isolation,5,neck_radius_um,-0.6766630239375961,-0.6508948674822993,0.6508948674822993,0.5698352024859715,0.7142870099306944,0.04686341661525315,univariate_linear
192,passive,local_voltage_isolation,6,neck_length_um,0.6010391875910278,0.6490485039199198,0.6490485039199198,0.5724394092948061,0.7277029267044144,0.05041223565251016,univariate_linear
192,passive,local_voltage_isolation,7,na_density_scale,0.05989719333808325,0.08013624772807422,0.08013624772807422,0.00793372051940817,0.21221569430934198,0.06297548108578926,univariate_linear
192,passive,local_voltage_isolation,8,membrane_capacitance_scale,0.0650502056677346,0.0745768114369422,0.0745768114369422,0.009750195889561093,0.19550716748399485,0.06309276039423234,univariate_linear
192,active,active_Gamma_h_to_d,1,dynamic_SMI_abs_50Hz,-0.9932762259442067,-0.9987860456284079,0.9987860456284079,0.9975159505039273,0.9991674498671468,0.007325591261767614,univariate_linear
192,active,active_Gamma_h_to_d,2,active_dynamic_SMI_abs_50Hz,-0.9932469399942574,-0.9987724818924124,0.9987724818924124,0.9974931459601205,0.9991472719703677,0.007343351761186774,univariate_linear
192,active,active_Gamma_h_to_d,3,R_neck_Mohm,-0.9932371487225456,-0.9987267042834278,0.9987267042834278,0.9974488162867234,0.9991034355175546,0.007326295441786097,univariate_linear
192,active,active_Gamma_h_to_d,4,SMI,-0.9290896568419096,-0.9331884274204487,0.9331884274204487,0.9099708977670177,0.9488178281287925,0.023107899639321552,univariate_linear
192,active,active_Gamma_h_to_d,5,neck_length_um,-0.6002654101814535,-0.6515069310690936,0.6515069310690936,0.5747471190724608,0.7284682339860884,0.049664766679339736,univariate_linear
192,active,active_Gamma_h_to_d,6,neck_radius_um,0.6748344581449248,0.6492655236958468,0.6492655236958468,0.5702180398703129,0.7111409772816939,0.0462436689746373,univariate_linear
192,active,active_Gamma_h_to_d,7,membrane_capacitance_scale,-0.06182712947329454,-0.07308649594444294,0.07308649594444294,0.008761286327074621,0.19106815750118022,0.06210124670744266,univariate_linear
192,active,active_Gamma_h_to_d,8,dendritic_area_scale,0.059658961834709624,0.07150801616797331,0.07150801616797331,0.008971949471315977,0.17665722483619034,0.06202071897009038,univariate_linear
192,active,active_Gamma_h_to_s,1,SMI,-0.6349662701205445,-0.6620900360795378,0.6620900360795378,0.5795646582832585,0.7327641759888225,0.009790039750453781,univariate_linear
192,active,active_Gamma_h_to_s,2,active_transfer_gain_50Hz,0.6857069096127062,0.6457949027480129,0.6457949027480129,0.5628929944565317,0.7052524245930171,0.009140436884017583,univariate_linear
192,active,active_Gamma_h_to_s,3,transfer_gain_50Hz,0.685665075838067,0.6456609608550579,0.6456609608550579,0.5628929944565317,0.7052524245930171,0.009140944911456771,univariate_linear
192,active,active_Gamma_h_to_s,4,electrotonic_distance_50Hz,-0.678761293462357,-0.6456609608550579,0.6456609608550579,0.5628929944565317,0.7052524245930171,0.00921760434137132,univariate_linear
192,active,active_Gamma_h_to_s,5,Ztransfer_50Hz_Mohm,0.6604431760488453,0.6245523967121503,0.6245523967121503,0.5396871219269844,0.6868283090065337,0.00942943625100561,univariate_linear
192,active,active_Gamma_h_to_s,6,membrane_capacitance_scale,-0.6326924538834235,-0.6129859208420367,0.6129859208420367,0.5307082401795337,0.6727694750426982,0.009710288172923392,univariate_linear
192,active,active_Gamma_h_to_s,7,R_in_d_Mohm,0.5707525231628905,0.5606553319046198,0.5606553319046198,0.4680415580076495,0.6215517113632147,0.010435733477312437,univariate_linear
192,active,active_Gamma_h_to_s,8,membrane_leak_scale,-0.5414522333305448,-0.5606553319046198,0.5606553319046198,0.4680415580076495,0.6215517113632147,0.010660624798482761,univariate_linear
192,active,active_A_h_mV,1,synaptic_conductance_scale,0.9693047533331512,0.9802376366546401,0.9802376366546401,0.9740364330844804,0.9833924986657012,1.292940504757398,univariate_linear
192,active,active_A_h_mV,2,neck_radius_um,-0.20217534806246795,-0.2001702248867428,0.2001702248867428,0.09147731738686134,0.316399011134851,5.151728941795987,univariate_linear
192,active,active_A_h_mV,3,R_neck_Mohm,0.23850124457142816,0.18889028293953286,0.18889028293953286,0.06233618536354494,0.3090515783289119,5.1251436763291585,univariate_linear
192,active,active_A_h_mV,4,active_dynamic_SMI_abs_50Hz,0.23700087210492585,0.18835790630171173,0.18835790630171173,0.06160821295191491,0.3101450198170994,5.127194585496757,univariate_linear
192,active,active_A_h_mV,5,dynamic_SMI_abs_50Hz,0.23699598840025213,0.18803407210482057,0.18803407210482057,0.061522837970488915,0.30956197748422226,5.127199862495678,univariate_linear
192,active,active_A_h_mV,6,SMI,0.21313626043141043,0.16492655236958467,0.16492655236958467,0.05412228696497778,0.2847832157558068,5.161719851733366,univariate_linear
192,active,active_A_h_mV,7,nmda_fraction,-0.1264706588628559,-0.1074993896318802,0.1074993896318802,0.014910086859634209,0.22739272424249524,5.282204356268808,univariate_linear
192,active,active_A_h_mV,8,hcn_density_scale,-0.06149347125425292,-0.07966490790223259,0.07966490790223259,0.009129997044146241,0.18534046068809013,5.301592493059408,univariate_linear
192,active,active_local_voltage_isolation,1,dynamic_SMI_abs_50Hz,0.9932762259442067,0.9987860456284079,0.9987860456284079,0.9975159505039273,0.9991674498671468,0.00732559126176762,univariate_linear
192,active,active_local_voltage_isolation,2,active_dynamic_SMI_abs_50Hz,0.9932469399942574,0.9987724818924124,0.9987724818924124,0.9974931459601205,0.9991472719703677,0.007343351761186803,univariate_linear
192,active,active_local_voltage_isolation,3,R_neck_Mohm,0.9932371487225453,0.9987267042834278,0.9987267042834278,0.9974488162867234,0.9991034355175546,0.007326295441786114,univariate_linear
192,active,active_local_voltage_isolation,4,SMI,0.9290896568419098,0.9331884274204487,0.9331884274204487,0.9099708977670177,0.9488178281287925,0.02310789963932155,univariate_linear
192,active,active_local_voltage_isolation,5,neck_length_um,0.6002654101814536,0.6515069310690936,0.6515069310690936,0.5747471190724608,0.7284682339860884,0.04966476667933972,univariate_linear
192,active,active_local_voltage_isolation,6,neck_radius_um,-0.6748344581449249,-0.6492655236958468,0.6492655236958468,0.5702180398703129,0.7111409772816939,0.046243668974637296,univariate_linear
192,active,active_local_voltage_isolation,7,membrane_capacitance_scale,0.0618271294732945,0.07308649594444294,0.07308649594444294,0.008761286327074621,0.19106815750118022,0.06210124670744268,univariate_linear
192,active,active_local_voltage_isolation,8,dendritic_area_scale,-0.059658961834709624,-0.07150801616797331,0.07150801616797331,0.008971949471315977,0.17665722483619034,0.062020718970090385,univariate_linear
192,passive,Gamma_h_to_d,,SMI_plus_transfer_gain,,,,,,0.023563575709635045,fixed_multivariable_linear
192,passive,Gamma_h_to_d,,SMI_plus_impedance_active_state,,,,,,0.02174136224488075,fixed_multivariable_linear
192,passive,Gamma_h_to_d,,morphology_neck_load,,,,,,0.006870288122854556,fixed_multivariable_linear
192,passive,Gamma_h_to_s,,SMI_plus_transfer_gain,,,,,,0.004549476603735016,fixed_multivariable_linear
192,passive,Gamma_h_to_s,,SMI_plus_impedance_active_state,,,,,,0.004311357184067812,fixed_multivariable_linear
192,passive,Gamma_h_to_s,,morphology_neck_load,,,,,,0.007566220140737273,fixed_multivariable_linear
192,passive,A_h_mV,,SMI_plus_transfer_gain,,,,,,4.711720717686705,fixed_multivariable_linear
192,passive,A_h_mV,,SMI_plus_impedance_active_state,,,,,,4.725188617146815,fixed_multivariable_linear
192,passive,A_h_mV,,morphology_neck_load,,,,,,4.693619259019269,fixed_multivariable_linear
192,active,active_Gamma_h_to_d,,SMI_plus_transfer_gain,,,,,,0.023140110604356407,fixed_multivariable_linear
192,active,active_Gamma_h_to_d,,SMI_plus_impedance_active_state,,,,,,0.021441729853935627,fixed_multivariable_linear
192,active,active_Gamma_h_to_d,,morphology_neck_load,,,,,,0.007538517325725575,fixed_multivariable_linear
192,active,active_Gamma_h_to_s,,SMI_plus_transfer_gain,,,,,,0.005623855305788029,fixed_multivariable_linear
192,active,active_Gamma_h_to_s,,SMI_plus_impedance_active_state,,,,,,0.005192726724946928,fixed_multivariable_linear
192,active,active_Gamma_h_to_s,,morphology_neck_load,,,,,,0.008155758563848354,fixed_multivariable_linear
192,active,active_A_h_mV,,SMI_plus_transfer_gain,,,,,,5.176035251613773,fixed_multivariable_linear
192,active,active_A_h_mV,,SMI_plus_impedance_active_state,,,,,,5.199633499199919,fixed_multivariable_linear
192,active,active_A_h_mV,,morphology_neck_load,,,,,,5.139692957266011,fixed_multivariable_linear
384,passive,Gamma_h_to_d,1,dynamic_SMI_abs_50Hz,-0.9962658186592049,-0.9999145925875691,0.9999145925875691,0.9998159341535765,0.9999158935417022,0.005197990969876002,univariate_linear
384,passive,Gamma_h_to_d,2,active_dynamic_SMI_abs_50Hz,-0.9962586821315018,-0.9999084466447391,0.9999084466447391,0.9998078493455448,0.9999058693813735,0.005201500107682349,univariate_linear
384,passive,Gamma_h_to_d,3,R_neck_Mohm,-0.9963195769786601,-0.999794004950663,0.999794004950663,0.9996260077941511,0.9997985133285281,0.005150983360198143,univariate_linear
384,passive,Gamma_h_to_d,4,SMI,-0.9274848201296843,-0.9371946102200671,0.9371946102200671,0.9252037417599214,0.9448231244956777,0.021720589281179866,univariate_linear
384,passive,Gamma_h_to_d,5,neck_radius_um,0.6070025143375722,0.6044405496592181,0.6044405496592181,0.5524553459908419,0.6618525469736288,0.046087332226891216,univariate_linear
384,passive,Gamma_h_to_d,6,neck_length_um,-0.5797806259899787,-0.5967430741582178,0.5967430741582178,0.5310145938055045,0.6468309031586384,0.047184919187480606,univariate_linear
384,passive,Gamma_h_to_d,7,R_in_d_Mohm,0.08558410646698512,0.08034103624834696,0.08034103624834696,0.0060298622181181325,0.15513016441545927,0.05769935704117353,univariate_linear
384,passive,Gamma_h_to_d,8,membrane_leak_scale,-0.07457992091471517,-0.08034103624834696,0.08034103624834696,0.0060298622181181325,0.15513016441545927,0.05771486228240184,univariate_linear
384,passive,Gamma_h_to_s,1,active_transfer_gain_50Hz,0.6684338241256275,0.6464548506323963,0.6464548506323963,0.5997605786062212,0.7014891699762178,0.007898502780029997,univariate_linear
384,passive,Gamma_h_to_s,2,transfer_gain_50Hz,0.6683806622574461,0.6463609660574412,0.6463609660574412,0.5997378061381605,0.7014291501635818,0.007899006842805327,univariate_linear
384,passive,Gamma_h_to_s,3,electrotonic_distance_50Hz,-0.6644434959471761,-0.6463609660574412,0.6463609660574412,0.5997378061381605,0.7014291501635818,0.007937558525084118,univariate_linear
384,passive,Gamma_h_to_s,4,SMI,-0.6525122036653404,-0.6380986996032688,0.6380986996032688,0.5853450333780852,0.6847070935823191,0.008067379993058638,univariate_linear
384,passive,Gamma_h_to_s,5,Ztransfer_50Hz_Mohm,0.6433467223420652,0.6247609440168187,0.6247609440168187,0.5736393235624049,0.6808703074676671,0.008131426348280632,univariate_linear
384,passive,Gamma_h_to_s,6,membrane_capacitance_scale,-0.6185582457113659,-0.6097027482960903,0.6097027482960903,0.5585575537925824,0.667604771945685,0.008342479479155309,univariate_linear
384,passive,Gamma_h_to_s,7,R_neck_Mohm,-0.5455337787589913,-0.5230051117290021,0.5230051117290021,0.4573612504107388,0.5790073882736437,0.008930290320266652,univariate_linear
384,passive,Gamma_h_to_s,8,dynamic_SMI_abs_50Hz,-0.5451949016093366,-0.5216898799633787,0.5216898799633787,0.4549982020118535,0.5766113987373618,0.008931650279433555,univariate_linear
384,passive,A_h_mV,1,synaptic_conductance_scale,0.9799264836387,0.9845009918280153,0.9845009918280153,0.9806693046045396,0.9862285759108678,0.9296754899598814,univariate_linear
384,passive,A_h_mV,2,SMI,0.1163201493649265,0.12193169102438033,0.12193169102438033,0.04752128889476777,0.19542838369449364,4.628193702874011,univariate_linear
384,passive,A_h_mV,3,R_neck_Mohm,0.11433503748458083,0.11634057848157064,0.11634057848157064,0.04377273050654516,0.192627485749393,4.628650010216269,univariate_linear
384,passive,A_h_mV,4,dynamic_SMI_abs_50Hz,0.11263907223826926,0.11584190939608695,0.11584190939608695,0.044483994573265795,0.18990100112861025,4.6296399878580985,univariate_linear
384,passive,A_h_mV,5,active_dynamic_SMI_abs_50Hz,0.1125656232096104,0.11549773659760605,0.11549773659760605,0.04444595244035033,0.18974600223690885,4.62969108821607,univariate_linear
384,passive,A_h_mV,6,neck_length_um,0.09697617596563293,0.09978044149062426,0.09978044149062426,0.01910874647827586,0.17983676224865697,4.638466745240995,univariate_linear
384,passive,A_h_mV,7,calcium_density_scale,-0.10113727375684825,-0.09944813671967719,0.09944813671967719,0.016619750635425666,0.18476764842124208,4.642977431683675,univariate_linear
384,passive,A_h_mV,8,Ztransfer_50Hz_Mohm,0.08294337847698888,0.0863924587162185,0.0863924587162185,0.01260276300653272,0.16436282396989568,4.662550276227171,univariate_linear
384,passive,local_voltage_isolation,1,dynamic_SMI_abs_50Hz,0.9962658186592047,0.9999145925875691,0.9999145925875691,0.9998159341535765,0.9999158935417022,0.005197990969875974,univariate_linear
384,passive,local_voltage_isolation,2,active_dynamic_SMI_abs_50Hz,0.9962586821315015,0.9999084466447391,0.9999084466447391,0.9998078493455448,0.9999058693813735,0.005201500107682368,univariate_linear
384,passive,local_voltage_isolation,3,R_neck_Mohm,0.9963195769786598,0.999794004950663,0.999794004950663,0.9996260077941511,0.9997985133285281,0.005150983360198095,univariate_linear
384,passive,local_voltage_isolation,4,SMI,0.9274848201296847,0.9371946102200671,0.9371946102200671,0.9252037417599214,0.9448231244956777,0.021720589281179842,univariate_linear
384,passive,local_voltage_isolation,5,neck_radius_um,-0.6070025143375724,-0.6044405496592181,0.6044405496592181,0.5524553459908419,0.6618525469736288,0.04608733222689123,univariate_linear
384,passive,local_voltage_isolation,6,neck_length_um,0.5797806259899789,0.5967430741582178,0.5967430741582178,0.5310145938055045,0.6468309031586384,0.047184919187480634,univariate_linear
384,passive,local_voltage_isolation,7,R_in_d_Mohm,-0.08558410646698508,-0.08034103624834696,0.08034103624834696,0.0060298622181181325,0.15513016441545927,0.05769935704117353,univariate_linear
384,passive,local_voltage_isolation,8,membrane_leak_scale,0.0745799209147152,0.08034103624834696,0.08034103624834696,0.0060298622181181325,0.15513016441545927,0.05771486228240184,univariate_linear
384,active,active_Gamma_h_to_d,1,active_dynamic_SMI_abs_50Hz,-0.9948109419408194,-0.9984974229425927,0.9984974229425927,0.9977680800113701,0.9988776686188188,0.006061826213983868,univariate_linear
384,active,active_Gamma_h_to_d,2,dynamic_SMI_abs_50Hz,-0.9948075625502274,-0.9984842833406802,0.9984842833406802,0.9977938676989451,0.9988607646957115,0.00606368593119807,univariate_linear
384,active,active_Gamma_h_to_d,3,R_neck_Mohm,-0.994819096948665,-0.9984226119833169,0.9984226119833169,0.9976547912596996,0.9987697835216804,0.006044802380530705,univariate_linear
384,active,active_Gamma_h_to_d,4,SMI,-0.9259915601491654,-0.9360516767827473,0.9360516767827473,0.9238219233630937,0.9441293966487847,0.02174225718636059,univariate_linear
384,active,active_Gamma_h_to_d,5,neck_radius_um,0.6072422856022962,0.6052242633345767,0.6052242633345767,0.5537267930144678,0.6615993878644953,0.04557781233444958,univariate_linear
384,active,active_Gamma_h_to_d,6,neck_length_um,-0.5762153124278184,-0.5936133057542979,0.5936133057542979,0.5262932637618056,0.6436873267571167,0.046822931266807886,univariate_linear
384,active,active_Gamma_h_to_d,7,R_in_d_Mohm,0.08535577121833185,0.080121053880845,0.080121053880845,0.006293313477084102,0.15358986809779224,0.057086166971981656,univariate_linear
384,active,active_Gamma_h_to_d,8,membrane_leak_scale,-0.07428676737737029,-0.080121053880845,0.080121053880845,0.006293313477084102,0.15358986809779224,0.05709897526603705,univariate_linear
384,active,active_Gamma_h_to_s,1,SMI,-0.6466456326491481,-0.6398848377471092,0.6398848377471092,0.5773007713134259,0.684728410582357,0.008730528097483384,univariate_linear
384,active,active_Gamma_h_to_s,2,active_transfer_gain_50Hz,0.6186091950337401,0.5902688532094538,0.5902688532094538,0.5374655759152964,0.6522181609851343,0.008997003697381968,univariate_linear
384,active,active_Gamma_h_to_s,3,transfer_gain_50Hz,0.6185490733719268,0.5901982808314401,0.5901982808314401,0.5374270885780017,0.6522380510925613,0.008997543571893939,univariate_linear
384,active,active_Gamma_h_to_s,4,electrotonic_distance_50Hz,-0.6154474846172615,-0.5901982808314401,0.5901982808314401,0.5374270885780017,0.6522380510925613,0.009027555892148511,univariate_linear
384,active,active_Gamma_h_to_s,5,Ztransfer_50Hz_Mohm,0.5929628208846682,0.567932801532671,0.567932801532671,0.5109138673256428,0.6313515177276778,0.009221227010508423,univariate_linear
384,active,active_Gamma_h_to_s,6,R_in_d_Mohm,0.5386568323675717,0.5563623224034451,0.5563623224034451,0.5001607146626327,0.6031395630178594,0.009657374642918746,univariate_linear
384,active,active_Gamma_h_to_s,7,membrane_leak_scale,-0.5497518255429656,-0.5563623224034451,0.5563623224034451,0.5001607146626327,0.6031395630178594,0.0095823098877698,univariate_linear
384,active,active_Gamma_h_to_s,8,membrane_capacitance_scale,-0.5669523517556673,-0.5495189210267539,0.5495189210267539,0.49226574015644,0.6152106906100914,0.009429132276788843,univariate_linear
384,active,active_A_h_mV,1,synaptic_conductance_scale,0.9756608738727702,0.9829382269166864,0.9829382269166864,0.979299632974818,0.9848536601636445,1.1195400149601749,univariate_linear
384,active,active_A_h_mV,2,SMI,0.12083851634466578,0.12257871045403683,0.12257871045403683,0.048277018950668674,0.19389673297576673,5.064191400270943,univariate_linear
384,active,active_A_h_mV,3,R_neck_Mohm,0.12016333004702902,0.11770730900952833,0.11770730900952833,0.04510973392672293,0.19308299537519347,5.063806095200322,univariate_linear
384,active,active_A_h_mV,4,dynamic_SMI_abs_50Hz,0.11848526448445848,0.11728747753551931,0.11728747753551931,0.04426847638039803,0.19125728080455404,5.064889982855855,univariate_linear
384,active,active_A_h_mV,5,active_dynamic_SMI_abs_50Hz,0.11838640426747862,0.11693864229765014,0.11693864229765014,0.04388106875149894,0.19099449194422988,5.0649651895921775,univariate_linear
384,active,active_A_h_mV,6,neck_length_um,0.10171562287488631,0.10276631006069649,0.10276631006069649,0.019800890944653166,0.18217278647186644,5.075033837230813,univariate_linear
384,active,active_A_h_mV,7,calcium_density_scale,-0.09439244573719206,-0.09703553626530127,0.09703553626530127,0.015638835204643348,0.18170878569906349,5.084549256780633,univariate_linear
384,active,active_A_h_mV,8,Ztransfer_50Hz_Mohm,0.08693659155556703,0.08448488521921942,0.08448488521921942,0.010322246235066404,0.16242035962570436,5.101342753559237,univariate_linear
384,active,active_local_voltage_isolation,1,active_dynamic_SMI_abs_50Hz,0.9948109419408196,0.9984974229425927,0.9984974229425927,0.9977680800113701,0.9988776686188188,0.006061826213983867,univariate_linear
384,active,active_local_voltage_isolation,2,dynamic_SMI_abs_50Hz,0.9948075625502275,0.9984842833406802,0.9984842833406802,0.9977938676989451,0.9988607646957115,0.006063685931198039,univariate_linear
384,active,active_local_voltage_isolation,3,R_neck_Mohm,0.9948190969486654,0.9984226119833169,0.9984226119833169,0.9976547912596996,0.9987697835216804,0.00604480238053063,univariate_linear
384,active,active_local_voltage_isolation,4,SMI,0.9259915601491655,0.9360516767827473,0.9360516767827473,0.9238219233630937,0.9441293966487847,0.021742257186360574,univariate_linear
384,active,active_local_voltage_isolation,5,neck_radius_um,-0.6072422856022964,-0.6052242633345767,0.6052242633345767,0.5537267930144678,0.6615993878644953,0.045577812334449595,univariate_linear
384,active,active_local_voltage_isolation,6,neck_length_um,0.5762153124278183,0.5936133057542979,0.5936133057542979,0.5262932637618056,0.6436873267571167,0.0468229312668079,univariate_linear
384,active,active_local_voltage_isolation,7,R_in_d_Mohm,-0.08535577121833184,-0.080121053880845,0.080121053880845,0.006293313477084102,0.15358986809779224,0.057086166971981656,univariate_linear
384,active,active_local_voltage_isolation,8,membrane_leak_scale,0.07428676737737028,0.080121053880845,0.080121053880845,0.006293313477084102,0.15358986809779224,0.05709897526603705,univariate_linear
384,passive,Gamma_h_to_d,,SMI_plus_transfer_gain,,,,,,0.021764398451082325,fixed_multivariable_linear
384,passive,Gamma_h_to_d,,SMI_plus_impedance_active_state,,,,,,0.02011009956370244,fixed_multivariable_linear
384,passive,Gamma_h_to_d,,morphology_neck_load,,,,,,0.00517269033829856,fixed_multivariable_linear
384,passive,Gamma_h_to_s,,SMI_plus_transfer_gain,,,,,,0.004331040326906422,fixed_multivariable_linear
384,passive,Gamma_h_to_s,,SMI_plus_impedance_active_state,,,,,,0.00402887552741985,fixed_multivariable_linear
384,passive,Gamma_h_to_s,,morphology_neck_load,,,,,,0.007455860778873059,fixed_multivariable_linear
384,passive,A_h_mV,,SMI_plus_transfer_gain,,,,,,4.629332579134592,fixed_multivariable_linear
384,passive,A_h_mV,,SMI_plus_impedance_active_state,,,,,,4.634067263613049,fixed_multivariable_linear
384,passive,A_h_mV,,morphology_neck_load,,,,,,4.650127120043496,fixed_multivariable_linear
384,active,active_Gamma_h_to_d,,SMI_plus_transfer_gain,,,,,,0.021762317956417324,fixed_multivariable_linear
384,active,active_Gamma_h_to_d,,SMI_plus_impedance_active_state,,,,,,0.020239834689928207,fixed_multivariable_linear
384,active,active_Gamma_h_to_d,,morphology_neck_load,,,,,,0.00605776762807746,fixed_multivariable_linear
384,active,active_Gamma_h_to_s,,SMI_plus_transfer_gain,,,,,,0.0055649332342696325,fixed_multivariable_linear
384,active,active_Gamma_h_to_s,,SMI_plus_impedance_active_state,,,,,,0.00481754230803959,fixed_multivariable_linear
384,active,active_Gamma_h_to_s,,morphology_neck_load,,,,,,0.007799995692023382,fixed_multivariable_linear
384,active,active_A_h_mV,,SMI_plus_transfer_gain,,,,,,5.063351209082756,fixed_multivariable_linear
384,active,active_A_h_mV,,SMI_plus_impedance_active_state,,,,,,5.063527438407064,fixed_multivariable_linear
384,active,active_A_h_mV,,morphology_neck_load,,,,,,5.089018937847117,fixed_multivariable_linear
768,passive,Gamma_h_to_d,1,dynamic_SMI_abs_50Hz,-0.9957429957777024,-0.9999562368710613,0.9999562368710613,0.9999239940979372,0.9999507171404154,0.005507540041648529,univariate_linear
768,passive,Gamma_h_to_d,2,active_dynamic_SMI_abs_50Hz,-0.995739215257996,-0.99995311093328,0.99995311093328,0.9999207013693908,0.9999483104098953,0.005509892217977266,univariate_linear
768,passive,Gamma_h_to_d,3,R_neck_Mohm,-0.9955567347355949,-0.9998450011698424,0.9998450011698424,0.9997734474514623,0.999839270046673,0.005627889815295995,univariate_linear
768,passive,Gamma_h_to_d,4,SMI,-0.9259686829911314,-0.9384077670334999,0.9384077670334999,0.9327005486015125,0.9442650907711106,0.02251737032500952,univariate_linear
768,passive,Gamma_h_to_d,5,neck_length_um,-0.6182160851361674,-0.6471552429711964,0.6471552429711964,0.6135165131366215,0.6846244826523967,0.04675366778287136,univariate_linear
768,passive,Gamma_h_to_d,6,neck_radius_um,0.5972829428565372,0.5741279322356029,0.5741279322356029,0.5271892222592138,0.6186115157175014,0.04773445152419281,univariate_linear
768,passive,Gamma_h_to_d,7,a_type_density_scale,0.05121965666308488,0.05679675300895353,0.05679675300895353,0.01224324615658436,0.12147071952390937,0.05941380936376496,univariate_linear
768,passive,Gamma_h_to_d,8,kdr_density_scale,-0.04637340574546504,-0.050024408805692554,0.050024408805692554,0.009447943561498185,0.10054258979656681,0.05940341388958598,univariate_linear
768,passive,Gamma_h_to_s,1,active_transfer_gain_50Hz,0.691828638584956,0.6711342852008145,0.6711342852008145,0.6305898492657251,0.7086485025258844,0.007639798676597949,univariate_linear
768,passive,Gamma_h_to_s,2,transfer_gain_50Hz,0.691782619665729,0.6711206158457707,0.6711206158457707,0.6305730273667468,0.7086746096052042,0.007640268102013897,univariate_linear
768,passive,Gamma_h_to_s,3,electrotonic_distance_50Hz,-0.6876804740932783,-0.6711206158457707,0.6711206158457707,0.6305730273667468,0.7086746096052042,0.0076821227127554246,univariate_linear
768,passive,Gamma_h_to_s,4,Ztransfer_50Hz_Mohm,0.667612465726031,0.648351285046531,0.648351285046531,0.604920131224046,0.6862461467355608,0.007879708196345626,univariate_linear
768,passive,Gamma_h_to_s,5,SMI,-0.6421658915966401,-0.6456772042205882,0.6456772042205882,0.6086854324479017,0.6777400710667727,0.008108181371512107,univariate_linear
768,passive,Gamma_h_to_s,6,membrane_capacitance_scale,-0.6450605562448758,-0.6357259932216953,0.6357259932216953,0.5920232879854405,0.6747530978555006,0.008089379384616168,univariate_linear
768,passive,Gamma_h_to_s,7,membrane_leak_scale,-0.5251142455665571,-0.5228617314007762,0.5228617314007762,0.4757718996897095,0.5728466181349335,0.00900230074787819,univariate_linear
768,passive,Gamma_h_to_s,8,R_in_d_Mohm,0.5091412854016508,0.5228507641275434,0.5228507641275434,0.4757718996897095,0.5727850857508788,0.009102301190299818,univariate_linear
768,passive,A_h_mV,1,synaptic_conductance_scale,0.9782101526339279,0.9835271556043084,0.9835271556043084,0.9813865204049899,0.98514959844245,0.9837304245189399,univariate_linear
768,passive,A_h_mV,2,SMI,0.23557703211139103,0.2199705727396185,0.2199705727396185,0.16507563371308992,0.28393480831363693,4.6108550630567935,univariate_linear
768,passive,A_h_mV,3,R_neck_Mohm,0.21209186738218652,0.20169734712786716,0.20169734712786716,0.1475844225124606,0.26414934322488204,4.635633853874889,univariate_linear
768,passive,A_h_mV,4,active_dynamic_SMI_abs_50Hz,0.21014447314892934,0.1998502887730726,0.1998502887730726,0.14643493122603293,0.26216274043173166,4.637508591091194,univariate_linear
768,passive,A_h_mV,5,dynamic_SMI_abs_50Hz,0.2101857888484225,0.19978668388652188,0.19978668388652188,0.1462916484724653,0.2617864186420994,4.637496823945607,univariate_linear
768,passive,A_h_mV,6,active_Zin_50Hz_Mohm,0.12626800146458772,0.13505052575094562,0.13505052575094562,0.07135351801116088,0.19276983878643617,4.718212630162684,univariate_linear
768,passive,A_h_mV,7,Zin_50Hz_Mohm,0.12523121067033793,0.13199047108200257,0.13199047108200257,0.06253434920586397,0.18719295673424183,4.718808973882102,univariate_linear
768,passive,A_h_mV,8,neck_radius_um,-0.12265800142712059,-0.1277428249661339,0.1277428249661339,0.06756807467778538,0.18700074969043046,4.705466511587526,univariate_linear
768,passive,local_voltage_isolation,1,dynamic_SMI_abs_50Hz,0.9957429957777024,0.9999562368710613,0.9999562368710613,0.9999239940979372,0.9999507171404154,0.005507540041648528,univariate_linear
768,passive,local_voltage_isolation,2,active_dynamic_SMI_abs_50Hz,0.995739215257996,0.99995311093328,0.99995311093328,0.9999207013693908,0.9999483104098953,0.0055098922179772645,univariate_linear
768,passive,local_voltage_isolation,3,R_neck_Mohm,0.9955567347355949,0.9998450011698424,0.9998450011698424,0.9997734474514623,0.999839270046673,0.005627889815296002,univariate_linear
768,passive,local_voltage_isolation,4,SMI,0.9259686829911314,0.9384077670334999,0.9384077670334999,0.9327005486015125,0.9442650907711106,0.022517370325009528,univariate_linear
768,passive,local_voltage_isolation,5,neck_length_um,0.6182160851361674,0.6471552429711964,0.6471552429711964,0.6135165131366215,0.6846244826523967,0.04675366778287137,univariate_linear
768,passive,local_voltage_isolation,6,neck_radius_um,-0.5972829428565372,-0.5741279322356029,0.5741279322356029,0.5271892222592138,0.6186115157175014,0.04773445152419281,univariate_linear
768,passive,local_voltage_isolation,7,a_type_density_scale,-0.05121965666308488,-0.05679675300895353,0.05679675300895353,0.01224324615658436,0.12147071952390937,0.05941380936376497,univariate_linear
768,passive,local_voltage_isolation,8,kdr_density_scale,0.04637340574546504,0.050024408805692554,0.050024408805692554,0.009447943561498185,0.10054258979656681,0.05940341388958599,univariate_linear
768,active,active_Gamma_h_to_d,1,dynamic_SMI_abs_50Hz,-0.9944057703481309,-0.9985160007748087,0.9985160007748087,0.9979039385167079,0.9989073070182088,0.006233548186860439,univariate_linear
768,active,active_Gamma_h_to_d,2,active_dynamic_SMI_abs_50Hz,-0.9944063493788645,-0.9985109409941627,0.9985109409941627,0.9978836526824222,0.9988987885214123,0.006233144326108185,univariate_linear
768,active,active_Gamma_h_to_d,3,R_neck_Mohm,-0.9941815706341323,-0.9983759163766079,0.9983759163766079,0.9976741976235128,0.998781904474086,0.006358212741336361,univariate_linear
768,active,active_Gamma_h_to_d,4,SMI,-0.9236328356849175,-0.9362839837120628,0.9362839837120628,0.930238416312715,0.9424667544858325,0.02258509195427483,univariate_linear
768,active,active_Gamma_h_to_d,5,neck_length_um,-0.6181757906378587,-0.6462506283664761,0.6462506283664761,0.612093198220414,0.6855896456585535,0.0462089335162132,univariate_linear
768,active,active_Gamma_h_to_d,6,neck_radius_um,0.5942236825289703,0.572704253013192,0.572704253013192,0.525196226890427,0.6178119210622474,0.047304053836232436,univariate_linear
768,active,active_Gamma_h_to_d,7,a_type_density_scale,0.04904095118993656,0.05346651664991023,0.05346651664991023,0.01105118035985351,0.11520023490251155,0.05872304652634895,univariate_linear
768,active,active_Gamma_h_to_d,8,kdr_density_scale,-0.04928346577811235,-0.0517165213123259,0.0517165213123259,0.012552261258576322,0.10311085190055781,0.05869846698190201,univariate_linear
768,active,active_Gamma_h_to_s,1,SMI,-0.6388685566035597,-0.6448388965842295,0.6448388965842295,0.6117826164037821,0.6776522104173203,0.008910569525200128,univariate_linear
768,active,active_Gamma_h_to_s,2,active_transfer_gain_50Hz,0.644305743887925,0.6218330541535342,0.6218330541535342,0.5781009941794487,0.6604527813818396,0.00885239113190102,univariate_linear
768,active,active_Gamma_h_to_s,3,transfer_gain_50Hz,0.6442581407309582,0.6218199411094515,0.6218199411094515,0.5781560176856041,0.6604808766318035,0.008852856880459394,univariate_linear
768,active,active_Gamma_h_to_s,4,electrotonic_distance_50Hz,-0.640258174393323,-0.6218199411094515,0.6218199411094515,0.5781560176856041,0.6604808766318035,0.008892558342797561,univariate_linear
768,active,active_Gamma_h_to_s,5,Ztransfer_50Hz_Mohm,0.6185794763640798,0.597552650328997,0.597552650328997,0.551568718733487,0.637685841838811,0.009097712576810439,univariate_linear
768,active,active_Gamma_h_to_s,6,membrane_capacitance_scale,-0.595062422203144,-0.5835602375627943,0.5835602375627943,0.5391305602457288,0.6269749886858462,0.009308156713723962,univariate_linear
768,active,active_Gamma_h_to_s,7,membrane_leak_scale,-0.5625469236305674,-0.5642136231971286,0.5642136231971286,0.5190345038059655,0.6085158225967423,0.009573806544381277,univariate_linear
768,active,active_Gamma_h_to_s,8,R_in_d_Mohm,0.5489739959290352,0.5642014638289792,0.5642014638289792,0.5190345038059655,0.6084696166281136,0.009682598535338215,univariate_linear
768,active,active_A_h_mV,1,synaptic_conductance_scale,0.9730806612141876,0.9828406148963333,0.9828406148963333,0.9806990518244074,0.9845099611132295,1.2056483395608606,univariate_linear
768,active,active_A_h_mV,2,SMI,0.23393399613255272,0.21736197766109494,0.21736197766109494,0.16062478457425597,0.2811751145925879,5.098406615842771,univariate_linear
768,active,active_A_h_mV,3,R_neck_Mohm,0.21050454682217043,0.19937726551016152,0.19937726551016152,0.14362238153291387,0.2622722624124075,5.125404416297548,univariate_linear
768,active,active_A_h_mV,4,active_dynamic_SMI_abs_50Hz,0.20854123816291917,0.19754758525015131,0.19754758525015131,0.14250837091952154,0.26045081052099467,5.127483170389217,univariate_linear
768,active,active_A_h_mV,5,dynamic_SMI_abs_50Hz,0.20859122154890167,0.19749841795759066,0.19749841795759066,0.14224096375921627,0.26046719132337454,5.127457057207725,univariate_linear
768,active,active_A_h_mV,6,active_Zin_50Hz_Mohm,0.12923820321993734,0.1327897044960946,0.1327897044960946,0.06909291905628721,0.19028809585999404,5.210734563921656,univariate_linear
768,active,active_A_h_mV,7,Zin_50Hz_Mohm,0.1270920902982551,0.12871144182237723,0.12871144182237723,0.05857809411320818,0.18342251232938167,5.212293998478131,univariate_linear
768,active,active_A_h_mV,8,neck_radius_um,-0.1261979737582383,-0.1278437556690736,0.1278437556690736,0.0700819224574185,0.18657783435827077,5.198268355886131,univariate_linear
768,active,active_local_voltage_isolation,1,dynamic_SMI_abs_50Hz,0.9944057703481309,0.9985160007748087,0.9985160007748087,0.9979039385167079,0.9989073070182088,0.006233548186860428,univariate_linear
768,active,active_local_voltage_isolation,2,active_dynamic_SMI_abs_50Hz,0.9944063493788645,0.9985109409941627,0.9985109409941627,0.9978836526824222,0.9988987885214123,0.00623314432610818,univariate_linear
768,active,active_local_voltage_isolation,3,R_neck_Mohm,0.9941815706341323,0.9983759163766079,0.9983759163766079,0.9976741976235128,0.998781904474086,0.006358212741336355,univariate_linear
768,active,active_local_voltage_isolation,4,SMI,0.9236328356849175,0.9362839837120628,0.9362839837120628,0.930238416312715,0.9424667544858325,0.022585091954274824,univariate_linear
768,active,active_local_voltage_isolation,5,neck_length_um,0.6181757906378587,0.6462506283664761,0.6462506283664761,0.612093198220414,0.6855896456585535,0.046208933516213205,univariate_linear
768,active,active_local_voltage_isolation,6,neck_radius_um,-0.5942236825289703,-0.572704253013192,0.572704253013192,0.525196226890427,0.6178119210622474,0.047304053836232436,univariate_linear
768,active,active_local_voltage_isolation,7,a_type_density_scale,-0.04904095118993656,-0.05346651664991023,0.05346651664991023,0.01105118035985351,0.11520023490251155,0.05872304652634896,univariate_linear
768,active,active_local_voltage_isolation,8,kdr_density_scale,0.04928346577811235,0.0517165213123259,0.0517165213123259,0.012552261258576322,0.10311085190055781,0.058698466981902016,univariate_linear
768,passive,Gamma_h_to_d,,SMI_plus_transfer_gain,,,,,,0.02257927877060454,fixed_multivariable_linear
768,passive,Gamma_h_to_d,,SMI_plus_impedance_active_state,,,,,,0.02098379323157798,fixed_multivariable_linear
768,passive,Gamma_h_to_d,,morphology_neck_load,,,,,,0.005639269373789094,fixed_multivariable_linear
768,passive,Gamma_h_to_s,,SMI_plus_transfer_gain,,,,,,0.004196108174021253,fixed_multivariable_linear
768,passive,Gamma_h_to_s,,SMI_plus_impedance_active_state,,,,,,0.003917805601716808,fixed_multivariable_linear
768,passive,Gamma_h_to_s,,morphology_neck_load,,,,,,0.007249536396786503,fixed_multivariable_linear
768,passive,A_h_mV,,SMI_plus_transfer_gain,,,,,,4.610335057050638,fixed_multivariable_linear
768,passive,A_h_mV,,SMI_plus_impedance_active_state,,,,,,4.618650734191878,fixed_multivariable_linear
768,passive,A_h_mV,,morphology_neck_load,,,,,,4.626027546956322,fixed_multivariable_linear
768,active,active_Gamma_h_to_d,,SMI_plus_transfer_gain,,,,,,0.02265229438431916,fixed_multivariable_linear
768,active,active_Gamma_h_to_d,,SMI_plus_impedance_active_state,,,,,,0.021137955476058703,fixed_multivariable_linear
768,active,active_Gamma_h_to_d,,morphology_neck_load,,,,,,0.006369998147314348,fixed_multivariable_linear
768,active,active_Gamma_h_to_s,,SMI_plus_transfer_gain,,,,,,0.005453766366729716,fixed_multivariable_linear
768,active,active_Gamma_h_to_s,,SMI_plus_impedance_active_state,,,,,,0.0047293758717240186,fixed_multivariable_linear
768,active,active_Gamma_h_to_s,,morphology_neck_load,,,,,,0.007723328126493667,fixed_multivariable_linear
768,active,active_A_h_mV,,SMI_plus_transfer_gain,,,,,,5.096930408232456,fixed_multivariable_linear
768,active,active_A_h_mV,,SMI_plus_impedance_active_state,,,,,,5.104477507365309,fixed_multivariable_linear
768,active,active_A_h_mV,,morphology_neck_load,,,,,,5.115549465496405,fixed_multivariable_linear
