name,evidence_grade,rationale,reference_ids,neck_length_scale,neck_radius_scale,head_radius_scale,dendritic_leak_scale,synaptic_g_scale,nmda_fraction,na_scale,kdr_scale,hcn_scale,ka_scale,cat_scale,cluster_spine_count
matched_baseline,control,Internal exploratory comparator with Phase 04 active mechanisms and AMPA+NMDA synapse; not a disease state.,LondonHausser2005;Magee1998HCN,1.0,1.0,1.0,1.0,1.0,0.35,1.0,1.0,1.0,1.0,1.0,1
morphology_dominant,limited_conflicting,Perturb spine-neck/head geometry to ask whether SMI-dominated morphology changes are sufficient.,Wong2005SpinesEpilepsy;Isokawa1998SpineRemodeling;PilocarpineSpineLoss2008,1.2,0.85,1.1,1.0,1.0,0.35,1.0,1.0,1.0,1.0,1.0,1
hcn_reduction,conflicting,Reduce HCN/Ih as a restrained channelopathy scenario while preserving literature conflict.,Kole2007HCN1Loss;Nava2014HCN1;Bender2003HCN,1.0,1.0,1.0,1.0,1.0,0.35,1.0,1.0,0.4,1.0,1.0,1
potassium_loss_of_function,moderate,Reduce A-type and delayed-rectifier potassium availability to increase dendritic excitability.,Bernard2004DendriticChannelopathy;VillaCombi2016PotassiumChannels,1.0,1.0,1.0,1.0,1.0,0.35,1.0,0.8,1.0,0.5,1.0,1
increased_exc_synaptic_strength,limited,Increase excitatory synaptic conductance without changing morphology.,Hanada2020GlutamateEpilepsy,1.0,1.0,1.0,1.0,1.5,0.35,1.0,1.0,1.0,1.0,1.0,1
increased_nmda_contribution,limited,Increase NMDA contribution while retaining magnesium block and active-extension validation limits.,Hanada2020GlutamateEpilepsy,1.0,1.0,1.0,1.0,1.0,0.65,1.0,1.0,1.0,1.0,1.0,1
increased_clustering_synchrony,limited,Use clustered synchronous inputs to challenge scalar SMI under correlated synaptic drive.,LondonHausser2005;Losonczy2008CompartmentalizedPlasticity;Major2008DendriticSpikes,1.0,1.0,1.0,1.0,1.25,0.35,1.0,1.0,1.0,1.0,1.0,3
combined_restrained_epileptogenesis,compound_uncertain,"Combine restrained morphology, leak, active, and synaptic perturbations as a stress test, not a calibrated disease model.",Wong2005SpinesEpilepsy;Bernard2004DendriticChannelopathy;Kole2007HCN1Loss;Hanada2020GlutamateEpilepsy,1.15,0.9,1.08,1.3,1.3,0.55,1.0,0.85,0.5,0.65,1.0,3
alternative_direction_conflicting,conflicting,Opposite-direction HCN and morphology scenario to preserve contradictory literature rather than force one disease direction.,Bender2003HCN;Wong2005SpinesEpilepsy,0.9,1.1,1.0,1.0,0.9,0.35,1.0,1.0,1.5,1.0,1.0,1
