relative_path,status,before_sha256,after_sha256,before_size_bytes,after_size_bytes
configs/active_extension/baseline.toml,unchanged,61a4444201e0bb60b815d87d70442bbe7b3d7aff9be3358bc5f95700557d5075,61a4444201e0bb60b815d87d70442bbe7b3d7aff9be3358bc5f95700557d5075,978,978
configs/epilepsy_exploratory/baseline.toml,unchanged,9db6e3424c5c146fb16c79623e3ef925375a7235b57bcf42e2f4e4a411928d00,9db6e3424c5c146fb16c79623e3ef925375a7235b57bcf42e2f4e4a411928d00,907,907
configs/epilepsy_exploratory/scenarios.toml,unchanged,bab13ab79516270826c43706be4f8711ced5cf75462d99bcd574ca290b2441bf,bab13ab79516270826c43706be4f8711ced5cf75462d99bcd574ca290b2441bf,1957,1957
configs/manuscript_faithful/baseline.toml,unchanged,40f2b001751cf20bbb7c5339b53f0a17716e08db6b76012ffe70c8c11bd0e115,40f2b001751cf20bbb7c5339b53f0a17716e08db6b76012ffe70c8c11bd0e115,962,962
configs/plausibility_revised/baseline.toml,unchanged,19ff66959ca8586d8aa6ba7886db4c84718093d5a003759baf7db5849c2b274b,19ff66959ca8586d8aa6ba7886db4c84718093d5a003759baf7db5849c2b274b,997,997
data/external_empirical/external_summary_exclusion_ledger.csv,unchanged,8c79529bef94712ab15c297af5b93e94f9ac351f478fd8c808da620d2e693875,8c79529bef94712ab15c297af5b93e94f9ac351f478fd8c808da620d2e693875,1758,1758
data/external_empirical/external_summary_measurements.csv,unchanged,48be031157e8b91586a623b9d2b47306f44b622b92e6a793f5e7e2d831ca4f76,48be031157e8b91586a623b9d2b47306f44b622b92e6a793f5e7e2d831ca4f76,8738,8738
data/external_empirical/external_summary_source_ledger.csv,unchanged,27c554ff0cda1630554b80e839148cae0c5a0f63c29180409179ba8ae57a78e5,27c554ff0cda1630554b80e839148cae0c5a0f63c29180409179ba8ae57a78e5,2731,2731
data/external_empirical/phase0_1_sources/README.md,unchanged,4ad528dd82204117756523c490766b3a84571fe537e91eca2bc1e4977a24cc92,4ad528dd82204117756523c490766b3a84571fe537e91eca2bc1e4977a24cc92,816,816
data/external_empirical/phase0_1_sources/extracted_text/harnett_nature11554_html.txt,unchanged,8083802799b0264a80ccb35c45274c2ba34aa29ae390b71b8afe29b7d884c25c,8083802799b0264a80ccb35c45274c2ba34aa29ae390b71b8afe29b7d884c25c,89948,89948
data/external_empirical/phase0_1_sources/extracted_text/harnett_supplementary_information.txt,unchanged,2ac5ebbd33d6f8e49a5fcfc64c06b35846265524a24da975fe60ba5778c5037a,2ac5ebbd33d6f8e49a5fcfc64c06b35846265524a24da975fe60ba5778c5037a,29186,29186
data/external_empirical/phase0_1_sources/extracted_text/popovic_ncomms9436.txt,unchanged,1475c0274066538fe69e145dd385d468a964b01223de9ad09f6389e6bf984532,1475c0274066538fe69e145dd385d468a964b01223de9ad09f6389e6bf984532,111859,111859
data/external_empirical/phase0_1_sources/extracted_text/popovic_ncomms9436_html.txt,unchanged,70c59e44954b0fb4a617a8f163eb7a63f6c23d6529ebf51beebe2fd8e4232851,70c59e44954b0fb4a617a8f163eb7a63f6c23d6529ebf51beebe2fd8e4232851,133354,133354
data/external_empirical/phase0_1_sources/extracted_text/popovic_supplementary_information.txt,unchanged,a083711411dfac5a26b0379ba0583e78438167ca51852a7e724bcd3915a3c82b,a083711411dfac5a26b0379ba0583e78438167ca51852a7e724bcd3915a3c82b,4107,4107
data/external_empirical/phase0_1_sources/extracted_text/zecevic_bpj_2023.txt,unchanged,76d38fb86bc4fb70ce7ef6e9e436783cafa120f8632421834c7f18661094232c,76d38fb86bc4fb70ce7ef6e9e436783cafa120f8632421834c7f18661094232c,85685,85685
data/external_empirical/phase0_1_sources/raw_private/harnett_nature11554.html,unchanged,16268371468bdf620fe3fc09c3e83cd8019c635f553aef94020054b75a49fffc,16268371468bdf620fe3fc09c3e83cd8019c635f553aef94020054b75a49fffc,339007,339007
data/external_empirical/phase0_1_sources/raw_private/harnett_supplementary_information.pdf,unchanged,2199d161ab3c30580050779986e26b0934f844d172a951fd57a4b1c9379599c3,2199d161ab3c30580050779986e26b0934f844d172a951fd57a4b1c9379599c3,6469067,6469067
data/external_empirical/phase0_1_sources/raw_private/popovic_ncomms9436.html,unchanged,39f560a47dfdfcf03b03953b653e6c8e2ba5b9ded91c7e120dcf810313341da9,39f560a47dfdfcf03b03953b653e6c8e2ba5b9ded91c7e120dcf810313341da9,475678,475678
data/external_empirical/phase0_1_sources/raw_private/popovic_ncomms9436.pdf,unchanged,e9cc71515c75f8a0df4085768eef9b1f62ac75baa10f80e080034badbfee82a6,e9cc71515c75f8a0df4085768eef9b1f62ac75baa10f80e080034badbfee82a6,3237043,3237043
data/external_empirical/phase0_1_sources/raw_private/popovic_supplementary_information.pdf,unchanged,7a6ffefae246468750bb8eb32ca1ea24955509bcd304a51c09aad31c96b5e4e2,7a6ffefae246468750bb8eb32ca1ea24955509bcd304a51c09aad31c96b5e4e2,372817,372817
data/external_empirical/phase0_1_sources/raw_private/zecevic_bpj_2023.pdf,unchanged,e94615a76130e56746f5a6403ad59c19bb1da5512718501b1d6b2d8fe68c7413,e94615a76130e56746f5a6403ad59c19bb1da5512718501b1d6b2d8fe68c7413,3144581,3144581
data/external_empirical/schema/external_summary_measurements_data_dictionary.csv,unchanged,bdcf208c8b3e22ea6d665b7ca0cc8638737b52ef03403fcf8fd1c016592f3b18,bdcf208c8b3e22ea6d665b7ca0cc8638737b52ef03403fcf8fd1c016592f3b18,14172,14172
data/external_empirical/schema/external_summary_measurements_schema.json,unchanged,8f2213fa4cb8d60b34b2cd0148b371de719d9d06e68743f6fe8fb41dce4e97d0,8f2213fa4cb8d60b34b2cd0148b371de719d9d06e68743f6fe8fb41dce4e97d0,19353,19353
results/external_empirical/phase0_1_feasibility/automated_digitization_qc.csv,unchanged,baaf175fc14a13b9626e8439e8714f3362721ce005650d82ec02f927bb16b55f,baaf175fc14a13b9626e8439e8714f3362721ce005650d82ec02f927bb16b55f,1484,1484
results/external_empirical/phase0_1_feasibility/candidate_external_spine_measurements.csv,unchanged,03e4b586da946cb328959410b1a5b496c9df5d2759053046e9145bcd5800b495,03e4b586da946cb328959410b1a5b496c9df5d2759053046e9145bcd5800b495,3291,3291
results/external_empirical/phase0_1_feasibility/dataset_feasibility_matrix.csv,unchanged,792722aec9b37ba54b32558f8f2afd40c7489280b762d2d0811165d92efa2968,792722aec9b37ba54b32558f8f2afd40c7489280b762d2d0811165d92efa2968,1935,1935
results/external_empirical/phase0_1_feasibility/extracted_value_ledger.csv,unchanged,70a550f16d20d07b685496a3e39cd64eb03bd3d04c344c050d70b54313cf09f7,70a550f16d20d07b685496a3e39cd64eb03bd3d04c344c050d70b54313cf09f7,11033,11033
results/external_empirical/phase0_1_feasibility/go_no_go_decision.json,unchanged,a2221692342b81b2fa47f1e437b2c5436be74d4769f20f3f8059e0c82029cf7a,a2221692342b81b2fa47f1e437b2c5436be74d4769f20f3f8059e0c82029cf7a,2167,2167
results/external_empirical/phase0_1_feasibility/preliminary_route1_sanity_checks.csv,unchanged,388264f186648343fbba9174188a10a7dea8b744e4b3424c60916849cbb2e92a,388264f186648343fbba9174188a10a7dea8b744e4b3424c60916849cbb2e92a,727,727
results/external_empirical/phase0_1_feasibility/protected_hash_comparison.csv,unchanged,aa1811c3495ac77b84836c2f00e184f66384a2d0a73ab91425292a7b8b4a1652,aa1811c3495ac77b84836c2f00e184f66384a2d0a73ab91425292a7b8b4a1652,412743,412743
results/external_empirical/phase0_1_feasibility/protected_hashes_after.csv,unchanged,3192feaa58029e2e08de49b8a9432fa2c3dd51707fc8baaf080505d67a89e58c,3192feaa58029e2e08de49b8a9432fa2c3dd51707fc8baaf080505d67a89e58c,281654,281654
results/external_empirical/phase0_1_feasibility/protected_hashes_before.csv,unchanged,fbcf86e55331f8e0efa0178eb6dea80b4982785aa0569626d2b17780d34e41d1,fbcf86e55331f8e0efa0178eb6dea80b4982785aa0569626d2b17780d34e41d1,294705,294705
results/external_empirical/phase0_1_feasibility/protected_hashes_before_summary.txt,unchanged,e5dad22891746fea0da0e0a8bac0d5d66e30d3849f58b02ba280afe795e81014,e5dad22891746fea0da0e0a8bac0d5d66e30d3849f58b02ba280afe795e81014,39,39
results/external_empirical/phase0_1_feasibility/source_acquisition_ledger.csv,unchanged,13f023e34572c79335b0b13e91bc38986309017e3b81675f9696cad9712032a1,13f023e34572c79335b0b13e91bc38986309017e3b81675f9696cad9712032a1,5083,5083
results/external_empirical/phase0_1_feasibility/validation_summary.json,unchanged,52d68286b28d0e8c990bdc88cc4b7a31a4beda8f256d3dcb92ed17971634e273,52d68286b28d0e8c990bdc88cc4b7a31a4beda8f256d3dcb92ed17971634e273,2329,2329
results/external_empirical/phase1_summary_dataset/phase1_dataset_summary.json,unchanged,23c3ea858d7e867fbe6606cbd00ee595dce892cb6c0a1a4880c38994f1fb4644,23c3ea858d7e867fbe6606cbd00ee595dce892cb6c0a1a4880c38994f1fb4644,5556,5556
results/external_empirical/phase1_summary_dataset/phase1_dataset_validation.csv,unchanged,8582d75b1b5682cdefa0581d588caa5bc892d9f2e8d8226d2726d661549d7fd9,8582d75b1b5682cdefa0581d588caa5bc892d9f2e8d8226d2726d661549d7fd9,1668,1668
results/external_empirical/phase1_summary_dataset/phase1_native_summary_calculations.csv,unchanged,1b73c97081bf138354d8e29ebc0c5f59554631504253fa261c162db0088c3373,1b73c97081bf138354d8e29ebc0c5f59554631504253fa261c162db0088c3373,1509,1509
results/external_empirical/phase1_summary_dataset/protected_hash_comparison.csv,unchanged,aa1811c3495ac77b84836c2f00e184f66384a2d0a73ab91425292a7b8b4a1652,aa1811c3495ac77b84836c2f00e184f66384a2d0a73ab91425292a7b8b4a1652,412743,412743
results/external_empirical/phase1_summary_dataset/protected_hashes_after.csv,unchanged,3192feaa58029e2e08de49b8a9432fa2c3dd51707fc8baaf080505d67a89e58c,3192feaa58029e2e08de49b8a9432fa2c3dd51707fc8baaf080505d67a89e58c,281654,281654
results/external_empirical/phase1_summary_dataset/protected_hashes_before.csv,unchanged,3192feaa58029e2e08de49b8a9432fa2c3dd51707fc8baaf080505d67a89e58c,3192feaa58029e2e08de49b8a9432fa2c3dd51707fc8baaf080505d67a89e58c,281654,281654
results/external_empirical/phase2a_decision_gate/phase2a_decision_gate_result.json,unchanged,8b9c764b1402fe1486be319d0fbab44b355b7f757b8e076b9d9d48299c190905,8b9c764b1402fe1486be319d0fbab44b355b7f757b8e076b9d9d48299c190905,3920,3920
results/external_empirical/phase2a_decision_gate/phase2a_figure_manifest.csv,unchanged,2f2f572b7c607be0ee014950ae031beaa1f6052a3d42b3b79f4bc5f7e68c939e,2f2f572b7c607be0ee014950ae031beaa1f6052a3d42b3b79f4bc5f7e68c939e,1785,1785
results/external_empirical/phase2a_decision_gate/phase2a_load_model_calculations.csv,unchanged,cd9d6dcc05389f2e9eed1e1ed1211c1a8e9032476ff005985d3adf0a0fea0abb,cd9d6dcc05389f2e9eed1e1ed1211c1a8e9032476ff005985d3adf0a0fea0abb,5524,5524
results/external_empirical/phase2a_decision_gate/phase2a_load_model_definitions.csv,unchanged,31a91813d2e0af00c56c9c6d44eed2fdea45510f6117d05263f17a8be6e185df,31a91813d2e0af00c56c9c6d44eed2fdea45510f6117d05263f17a8be6e185df,1108,1108
results/external_empirical/phase2a_decision_gate/phase2a_source_native_calculations.csv,unchanged,56f9faeb7e19ce0fd55dc6e3d80ec3040c1533443d2b5e6bdb2fd62fb2fff9d2,56f9faeb7e19ce0fd55dc6e3d80ec3040c1533443d2b5e6bdb2fd62fb2fff9d2,2198,2198
results/external_empirical/phase2a_decision_gate/phase2a_summary_anchor_separation.csv,unchanged,2f1a40c67a64216f81caa4d9e45b2d1c5f6c64883d464a312160974049579580,2f1a40c67a64216f81caa4d9e45b2d1c5f6c64883d464a312160974049579580,1810,1810
results/external_empirical/phase2a_decision_gate/phase2a_summary_route1_decision_gate_figure_data.csv,unchanged,ee7ee1044d5a7149e892f15c014b7924ebaca47c4fcd527d5d0bf24bd70fb3f4,ee7ee1044d5a7149e892f15c014b7924ebaca47c4fcd527d5d0bf24bd70fb3f4,48102,48102
results/external_empirical/phase2a_decision_gate/phase2a_transfer_metric_compatibility_audit.csv,unchanged,68d2ba2f9def6af2b7c6d24c48493a2a3d6979c7ddae25e1e021dad092f6903f,68d2ba2f9def6af2b7c6d24c48493a2a3d6979c7ddae25e1e021dad092f6903f,2063,2063
results/external_empirical/phase2a_decision_gate/phase2a_validation_summary.csv,unchanged,5d4ec424999c2a1fece12c42fd9385ee537905a570e7fdc7d3460145d98783d2,5d4ec424999c2a1fece12c42fd9385ee537905a570e7fdc7d3460145d98783d2,1285,1285
results/external_empirical/phase2a_decision_gate/phase2a_validation_summary.json,unchanged,b884a2b2415205e09a590ae14f760f9b07bf7bdec5de71a4c43c6ce072dd802b,b884a2b2415205e09a590ae14f760f9b07bf7bdec5de71a4c43c6ce072dd802b,2599,2599
results/external_empirical/phase2a_decision_gate/protected_hash_comparison.csv,unchanged,7b0d285d9880f58ba40d74971583d6cc9f80bc918281925827294b8c9777905c,7b0d285d9880f58ba40d74971583d6cc9f80bc918281925827294b8c9777905c,412752,412752
results/external_empirical/phase2a_decision_gate/protected_hashes_after.csv,unchanged,bb3efd5ac40a61d265df968ea1e0db92fc920a894fa75c45c67a16c1ea15c572,bb3efd5ac40a61d265df968ea1e0db92fc920a894fa75c45c67a16c1ea15c572,281663,281663
results/external_empirical/phase2a_decision_gate/protected_hashes_before.csv,unchanged,7b06620f158090e53ab87ad4c60980d9cec9d2977f576f610cd1e3ba00e7ab59,7b06620f158090e53ab87ad4c60980d9cec9d2977f576f610cd1e3ba00e7ab59,294711,294711
results/external_empirical/phase2b_load_sensitivity/phase2b_allowed_claims.csv,unchanged,7f3b5701aa27f6c8b50737d3f5061b75ed25fc985a5c45b4283efb0be33007fa,7f3b5701aa27f6c8b50737d3f5061b75ed25fc985a5c45b4283efb0be33007fa,2167,2167
results/external_empirical/phase2b_load_sensitivity/phase2b_candidate_claim_ledger_rows.csv,unchanged,1118dcd65097e6aa85d92c3133c11f228c55351f95e3b8882550f4ac0df0c0fa,1118dcd65097e6aa85d92c3133c11f228c55351f95e3b8882550f4ac0df0c0fa,3576,3576
results/external_empirical/phase2b_load_sensitivity/phase2b_candidate_table_rows.csv,unchanged,a541414d8bd08c4a41efbe394cb759cf7aeb324937eae5c1cedf3a37940c2bef,a541414d8bd08c4a41efbe394cb759cf7aeb324937eae5c1cedf3a37940c2bef,722,722
results/external_empirical/phase2b_load_sensitivity/phase2b_class_threshold_loads.csv,unchanged,ebda891fa1ca4d7396b6e7353fcde3e7e1b34cdee119b5b1bcafb86d7632ee12,ebda891fa1ca4d7396b6e7353fcde3e7e1b34cdee119b5b1bcafb86d7632ee12,895,895
results/external_empirical/phase2b_load_sensitivity/phase2b_decision_result.json,unchanged,793e6b5c89fb6f85b0dfe3285005fe1d4711a6dc2bd6a39b2272207561927e95,793e6b5c89fb6f85b0dfe3285005fe1d4711a6dc2bd6a39b2272207561927e95,4426,4426
results/external_empirical/phase2b_load_sensitivity/phase2b_figure_manifest.csv,unchanged,76df8a1ca39a640842334d1db7bd2f650e17ce09bdd72a05b39e6a3b951f2512,76df8a1ca39a640842334d1db7bd2f650e17ce09bdd72a05b39e6a3b951f2512,1766,1766
results/external_empirical/phase2b_load_sensitivity/phase2b_input_gate_validation.csv,unchanged,64726b78c2bace608f147a27247e61055cf780bc03fffb7a913265f203e6441b,64726b78c2bace608f147a27247e61055cf780bc03fffb7a913265f203e6441b,1109,1109
results/external_empirical/phase2b_load_sensitivity/phase2b_load_model_calculations.csv,unchanged,03d214786af086a96c2b6e4a486dbafcb4585bce769cc1c31d0fb676cc3d631a,03d214786af086a96c2b6e4a486dbafcb4585bce769cc1c31d0fb676cc3d631a,18834,18834
results/external_empirical/phase2b_load_sensitivity/phase2b_load_model_definitions.csv,unchanged,21f0324c29538494103d0e8d345ee2f46dccd1d961139037b530553d10e64b59,21f0324c29538494103d0e8d345ee2f46dccd1d961139037b530553d10e64b59,3475,3475
results/external_empirical/phase2b_load_sensitivity/phase2b_separation_robustness_summary.csv,unchanged,c1f59716e7f2a718101f97ecc4b648b8970ec6549b6c453c42d8ca40550f5574,c1f59716e7f2a718101f97ecc4b648b8970ec6549b6c453c42d8ca40550f5574,1137,1137
results/external_empirical/phase2b_load_sensitivity/phase2b_summary_load_sensitivity_figure_data.csv,unchanged,2aeb4cf745150278d71c37a68defbf25203501dfd714040f894071ea2543f48f,2aeb4cf745150278d71c37a68defbf25203501dfd714040f894071ea2543f48f,37414,37414
results/external_empirical/phase2b_load_sensitivity/phase2b_transfer_proxy_interpretation.csv,unchanged,bbe21e1e8fdd8158599bf292661a6cdce0ac5137140372f89764208070c6c9d1,bbe21e1e8fdd8158599bf292661a6cdce0ac5137140372f89764208070c6c9d1,1692,1692
results/external_empirical/phase2b_load_sensitivity/phase2b_uncertainty_envelopes.csv,unchanged,3ebeb58b4798f0d7c23bc62e5856373eae9c8b951dd7ae461e08e91957a843e1,3ebeb58b4798f0d7c23bc62e5856373eae9c8b951dd7ae461e08e91957a843e1,1126,1126
results/external_empirical/phase2b_load_sensitivity/phase2b_validation_summary.csv,unchanged,d91653b761896457840a5ef022867f820af8d99848cd344d2e57089a6744cc43,d91653b761896457840a5ef022867f820af8d99848cd344d2e57089a6744cc43,906,906
results/external_empirical/phase2b_load_sensitivity/phase2b_validation_summary.json,unchanged,4c28f33cc8bb224932ebb02a40b968f3ed87abcfa6e09a063a3751c1fbd8f277,4c28f33cc8bb224932ebb02a40b968f3ed87abcfa6e09a063a3751c1fbd8f277,2227,2227
results/external_empirical/phase2b_load_sensitivity/protected_hash_comparison.csv,unchanged,28a09d6b38498935cfa72e2c03dcd238b88d1c02bb484d3209d1a3379bb05f2b,28a09d6b38498935cfa72e2c03dcd238b88d1c02bb484d3209d1a3379bb05f2b,412752,412752
results/external_empirical/phase2b_load_sensitivity/protected_hashes_after.csv,unchanged,dd49d751bd945d2c3cf576563c567ade98bfb126cee58b6eb27753fe3de218c7,dd49d751bd945d2c3cf576563c567ade98bfb126cee58b6eb27753fe3de218c7,281663,281663
results/external_empirical/phase2b_load_sensitivity/protected_hashes_before.csv,unchanged,7b06620f158090e53ab87ad4c60980d9cec9d2977f576f610cd1e3ba00e7ab59,7b06620f158090e53ab87ad4c60980d9cec9d2977f576f610cd1e3ba00e7ab59,294711,294711
results/external_empirical/phase3_manuscript_addon/manuscript_hash_comparison.csv,unchanged,0a55be814d41f3d8d3ee63e79509fea671242fa7c66d2d6d138f2f1d133a2fea,0a55be814d41f3d8d3ee63e79509fea671242fa7c66d2d6d138f2f1d133a2fea,61336,61336
results/external_empirical/phase3_manuscript_addon/manuscript_hashes_after.csv,unchanged,a60deb46d41ee51dbba78749fe9c8f9d63e43aef76f79b54c3b85c608861af5b,a60deb46d41ee51dbba78749fe9c8f9d63e43aef76f79b54c3b85c608861af5b,39783,39783
results/external_empirical/phase3_manuscript_addon/manuscript_hashes_before.csv,unchanged,6c938b8ebd735f50747920ca98e945695cb7f00f8a452c0e56e8cb5f3ce2db2b,6c938b8ebd735f50747920ca98e945695cb7f00f8a452c0e56e8cb5f3ce2db2b,38906,38906
results/external_empirical/phase3_manuscript_addon/phase3_changed_files_manifest.csv,unchanged,2ee2677f44d5d981b1ec2bbf2945e6bdca7cb6ed7358c3fcca69e09b670df0c3,2ee2677f44d5d981b1ec2bbf2945e6bdca7cb6ed7358c3fcca69e09b670df0c3,1789,1789
results/external_empirical/phase3_manuscript_addon/phase3_citation_audit.csv,unchanged,51eac9749d32850bf294ea75dc0ddddc72f112c6517eb5a96bf352901edcb135,51eac9749d32850bf294ea75dc0ddddc72f112c6517eb5a96bf352901edcb135,692,692
results/external_empirical/phase3_manuscript_addon/phase3_input_gate_validation.csv,unchanged,0060e7d342ac92c7df24ffdcbf19211133f8c2cd954eae452b51af92b1976e82,0060e7d342ac92c7df24ffdcbf19211133f8c2cd954eae452b51af92b1976e82,1306,1306
results/external_empirical/phase3_manuscript_addon/phase3_integrated_claims.csv,unchanged,12f4d2e1d901611bc923ae2fad801ea87dab78fc395d020b4fe10c417539ca3a,12f4d2e1d901611bc923ae2fad801ea87dab78fc395d020b4fe10c417539ca3a,3637,3637
results/external_empirical/phase3_manuscript_addon/phase3_latex_build_audit.csv,unchanged,668f5cd0f56ea09de75b63eed73f93fb4026b59edd9c4ad30986c6e5104d2484,668f5cd0f56ea09de75b63eed73f93fb4026b59edd9c4ad30986c6e5104d2484,2712,2712
results/external_empirical/phase3_manuscript_addon/phase3_manifest_updates.csv,unchanged,2948111256611fe62f75aee401362430cacbbc7fab8d59f808bdcd893b46f8b8,2948111256611fe62f75aee401362430cacbbc7fab8d59f808bdcd893b46f8b8,3014,3014
results/external_empirical/phase3_manuscript_addon/phase3_static_language_audit.csv,unchanged,4669292f5376f43bcf3d4292479ee892c81be83b1da7b22236ad2642a2f91ee8,4669292f5376f43bcf3d4292479ee892c81be83b1da7b22236ad2642a2f91ee8,1800,1800
results/external_empirical/phase3_manuscript_addon/phase3_validation_summary.json,unchanged,ec82d06d7a80ae97d7e3eb2efe00e4d024e0c3b9221094b32697065bb1fc1794,ec82d06d7a80ae97d7e3eb2efe00e4d024e0c3b9221094b32697065bb1fc1794,1186,1186
results/external_empirical/phase3_manuscript_addon/protected_core_hash_comparison.csv,unchanged,abbcee9034b9b38fb2f3932042c8aff78734237ff11f463d5174ea842c1bc277,abbcee9034b9b38fb2f3932042c8aff78734237ff11f463d5174ea842c1bc277,294500,294500
results/external_empirical/phase3_manuscript_addon/protected_core_hashes_after.csv,unchanged,19e1e417a67d26187eec8e7fd3e913ecb45feb675b620449325a38b939d45752,19e1e417a67d26187eec8e7fd3e913ecb45feb675b620449325a38b939d45752,202179,202179
results/external_empirical/phase3_manuscript_addon/protected_core_hashes_before.csv,unchanged,19e1e417a67d26187eec8e7fd3e913ecb45feb675b620449325a38b939d45752,19e1e417a67d26187eec8e7fd3e913ecb45feb675b620449325a38b939d45752,202179,202179
results/external_empirical/phase4_final_qa_sync_gate/manuscript_hash_comparison.csv,unchanged,246efeb524d811fe32b1cd92ca681384301e6bcc465064e3073c90f02509cf0b,246efeb524d811fe32b1cd92ca681384301e6bcc465064e3073c90f02509cf0b,65890,65890
results/external_empirical/phase4_final_qa_sync_gate/manuscript_hashes_after.csv,unchanged,c3ddc894bf04af23c22b384bd975c11aaeb5463f4fe9da973a4eda8ed2b211b7,c3ddc894bf04af23c22b384bd975c11aaeb5463f4fe9da973a4eda8ed2b211b7,42254,42254
results/external_empirical/phase4_final_qa_sync_gate/manuscript_hashes_before.csv,unchanged,c3ddc894bf04af23c22b384bd975c11aaeb5463f4fe9da973a4eda8ed2b211b7,c3ddc894bf04af23c22b384bd975c11aaeb5463f4fe9da973a4eda8ed2b211b7,42254,42254
results/external_empirical/phase4_final_qa_sync_gate/pdf_renders/supplement_page_13.png,unchanged,9a0c8dd485387064ddfcfa380d883b8c1d1183709de9f183ef9be91bee942416,9a0c8dd485387064ddfcfa380d883b8c1d1183709de9f183ef9be91bee942416,128835,128835
results/external_empirical/phase4_final_qa_sync_gate/pdf_renders/target_journal_page_8.png,unchanged,80f8fd92415d4c266b721dcb2ea3e587b557c97358cc88900a10e35426b73fae,80f8fd92415d4c266b721dcb2ea3e587b557c97358cc88900a10e35426b73fae,227825,227825
results/external_empirical/phase4_final_qa_sync_gate/pdf_text/main_blinded.txt,unchanged,ae8f638b1ed78c09a55d0e5164b3112429f5553b30de1c7be6067866221a44d9,ae8f638b1ed78c09a55d0e5164b3112429f5553b30de1c7be6067866221a44d9,54975,54975
results/external_empirical/phase4_final_qa_sync_gate/pdf_text/main_unblinded.txt,unchanged,3f7d464df5e9971c889f51ff648369326c6c067025cb216df2fccd727a28b440,3f7d464df5e9971c889f51ff648369326c6c067025cb216df2fccd727a28b440,55786,55786
results/external_empirical/phase4_final_qa_sync_gate/pdf_text/supplement.txt,unchanged,5ccaf24e1e64a3f77f4dace05c4600e090c97e321134779f20fdb6deea83d6e7,5ccaf24e1e64a3f77f4dace05c4600e090c97e321134779f20fdb6deea83d6e7,43995,43995
results/external_empirical/phase4_final_qa_sync_gate/pdf_text/target_journal.txt,unchanged,2d07adb28679df3f632d801e25a4412c4f10b4c93c90a49d5157e60c068d1eab,2d07adb28679df3f632d801e25a4412c4f10b4c93c90a49d5157e60c068d1eab,55970,55970
results/external_empirical/phase4_final_qa_sync_gate/phase4_changed_files_manifest.csv,unchanged,3ffc10c2f189975f4a048d61d931d978e111f56450b93c418bd269f8a331d26c,3ffc10c2f189975f4a048d61d931d978e111f56450b93c418bd269f8a331d26c,6094,6094
results/external_empirical/phase4_final_qa_sync_gate/phase4_citation_audit.csv,unchanged,29365b680257609c1b039cd0063da0b1d4bba6e88e493a0add2e207922a2aa0e,29365b680257609c1b039cd0063da0b1d4bba6e88e493a0add2e207922a2aa0e,861,861
results/external_empirical/phase4_final_qa_sync_gate/phase4_claim_ledger_audit.csv,unchanged,102c9ccdd8d8b41379ed8ee1dc6e470ac46d61ab22013582d520d3524db43a81,102c9ccdd8d8b41379ed8ee1dc6e470ac46d61ab22013582d520d3524db43a81,2238,2238
results/external_empirical/phase4_final_qa_sync_gate/phase4_decision_result.json,unchanged,dadc5689a4a9b7932a905300f8bdac5645e45cafd52867944a3b50adf644f8a0,dadc5689a4a9b7932a905300f8bdac5645e45cafd52867944a3b50adf644f8a0,1236,1236
results/external_empirical/phase4_final_qa_sync_gate/phase4_external_empirical_traceability_audit.csv,unchanged,496d93c3a8c1d74b1c2fd93c91963d021c9184a11f5430201880f1ce639ac538,496d93c3a8c1d74b1c2fd93c91963d021c9184a11f5430201880f1ce639ac538,1627,1627
results/external_empirical/phase4_final_qa_sync_gate/phase4_figure_manifest_audit.csv,unchanged,8114e3f995351d611eaf6c7e8ad0e98efa1aa5f81a4e646a37e8b23f70258b52,8114e3f995351d611eaf6c7e8ad0e98efa1aa5f81a4e646a37e8b23f70258b52,493,493
results/external_empirical/phase4_final_qa_sync_gate/phase4_git_diff_summary.txt,unchanged,365f19f4d64d04bda718e2877a5482296ea404e7e57f18cc812221a4aeae86dc,365f19f4d64d04bda718e2877a5482296ea404e7e57f18cc812221a4aeae86dc,2171,2171
results/external_empirical/phase4_final_qa_sync_gate/phase4_git_status_audit.csv,unchanged,91623ec9642a242091dde0419cc2513799d6102dc32db81d9d01b91c948cf3b4,91623ec9642a242091dde0419cc2513799d6102dc32db81d9d01b91c948cf3b4,1664,1664
results/external_empirical/phase4_final_qa_sync_gate/phase4_input_gate_validation.csv,unchanged,5e6b4038e3000f34d57004e87a7a8dec447e77ed168e6d3ecf7ec6b93f9108d5,5e6b4038e3000f34d57004e87a7a8dec447e77ed168e6d3ecf7ec6b93f9108d5,977,977
results/external_empirical/phase4_final_qa_sync_gate/phase4_latex_build_or_static_audit.csv,unchanged,baa3dc484b3729f7522bfb9b2be872389bc3654f556f1744de740471e7fc0b58,baa3dc484b3729f7522bfb9b2be872389bc3654f556f1744de740471e7fc0b58,286,286
results/external_empirical/phase4_final_qa_sync_gate/phase4_patch_release_decision_gate.json,unchanged,b579aee04dca279fb50bd1fec3398c657e9ccf30524997913419a71eb4eb164f,b579aee04dca279fb50bd1fec3398c657e9ccf30524997913419a71eb4eb164f,491,491
results/external_empirical/phase4_final_qa_sync_gate/phase4_pdf_inventory.csv,unchanged,cda78606e44ce6c73a2b884b6cd32f317aae081bc9bcd59b0e4dc4087bd08af3,cda78606e44ce6c73a2b884b6cd32f317aae081bc9bcd59b0e4dc4087bd08af3,668,668
results/external_empirical/phase4_final_qa_sync_gate/phase4_pdf_page_render_manifest.csv,unchanged,532d294cd1b7b7fa6e01ac8c50c52b9f3d848b8dfe7d52046dd5ee80f8e08b1a,532d294cd1b7b7fa6e01ac8c50c52b9f3d848b8dfe7d52046dd5ee80f8e08b1a,487,487
results/external_empirical/phase4_final_qa_sync_gate/phase4_pdf_text_audit.csv,unchanged,f78b70101ae5cfa97c1d03d098a098ffd768755f76bd07d363fa21104bd77d19,f78b70101ae5cfa97c1d03d098a098ffd768755f76bd07d363fa21104bd77d19,677,677
results/external_empirical/phase4_final_qa_sync_gate/phase4_public_release_sync_gap.csv,unchanged,f6a4433fb0683b37cf46ae8c82679b088880ad99c8c8b35192b9ed02c73e916e,f6a4433fb0683b37cf46ae8c82679b088880ad99c8c8b35192b9ed02c73e916e,2719,2719
results/external_empirical/phase4_final_qa_sync_gate/phase4_static_language_audit.csv,unchanged,c82bc7e9655aac4c8d08bef3589612c03531eb14b7766ccfaca51ee83179e0db,c82bc7e9655aac4c8d08bef3589612c03531eb14b7766ccfaca51ee83179e0db,7061,7061
results/external_empirical/phase4_final_qa_sync_gate/phase4_submission_package_sync_gap.csv,unchanged,f50bfc0d27415ea554e36c05c22f9247063e91a2ad6abc9473dc5a4ee6596260,f50bfc0d27415ea554e36c05c22f9247063e91a2ad6abc9473dc5a4ee6596260,3267,3267
results/external_empirical/phase4_final_qa_sync_gate/phase4_sync_decision_matrix.csv,unchanged,392ae7f84bc2192704f97f110bd83e744541d4f930bab17ffc8da9d68073e12d,392ae7f84bc2192704f97f110bd83e744541d4f930bab17ffc8da9d68073e12d,703,703
results/external_empirical/phase4_final_qa_sync_gate/phase4_table_manifest_audit.csv,unchanged,46a4109126259fd19a18ae408492aca3385d537f1545f8204db7e5b14732a956,46a4109126259fd19a18ae408492aca3385d537f1545f8204db7e5b14732a956,196,196
results/external_empirical/phase4_final_qa_sync_gate/phase4_validation_summary.json,unchanged,71dc48711535037ec231f1212d9d74b7baf458c90a0d4d6ade5dca077bcb0cd6,71dc48711535037ec231f1212d9d74b7baf458c90a0d4d6ade5dca077bcb0cd6,910,910
results/external_empirical/phase4_final_qa_sync_gate/phase4_visual_review_checklist.csv,unchanged,a7f0c336c31a5714b0d74edac3821611a9c12c53a472132ffa085d3ddcbd9ab0,a7f0c336c31a5714b0d74edac3821611a9c12c53a472132ffa085d3ddcbd9ab0,1612,1612
results/external_empirical/phase4_final_qa_sync_gate/protected_core_hash_comparison.csv,unchanged,408fcbc624f78492bee897f1a1c8e952e0d529dd7238c28987cd24280dd5cb5d,408fcbc624f78492bee897f1a1c8e952e0d529dd7238c28987cd24280dd5cb5d,50442,50442
results/external_empirical/phase4_final_qa_sync_gate/protected_core_hashes_after.csv,unchanged,7a994a3f8a1895038b5bbe726d6e47e5adc5214da882fca3cf19ee5e7be2ed97,7a994a3f8a1895038b5bbe726d6e47e5adc5214da882fca3cf19ee5e7be2ed97,32234,32234
results/external_empirical/phase4_final_qa_sync_gate/protected_core_hashes_before.csv,unchanged,7a994a3f8a1895038b5bbe726d6e47e5adc5214da882fca3cf19ee5e7be2ed97,7a994a3f8a1895038b5bbe726d6e47e5adc5214da882fca3cf19ee5e7be2ed97,32234,32234
results/external_empirical/phase4_final_qa_sync_gate/public_release_hash_comparison.csv,unchanged,ad2a2cf3a8bff751f83884eecf6ce4823d0bb814c4d3f47aeaa589ea5b0d0cb2,ad2a2cf3a8bff751f83884eecf6ce4823d0bb814c4d3f47aeaa589ea5b0d0cb2,181246,181246
results/external_empirical/phase4_final_qa_sync_gate/public_release_hashes_after.csv,unchanged,9b7464c796834a7cc41d26731cf56eadaca29b920a62714136ba4bd9636f6485,9b7464c796834a7cc41d26731cf56eadaca29b920a62714136ba4bd9636f6485,127501,127501
results/external_empirical/phase4_final_qa_sync_gate/public_release_hashes_before.csv,unchanged,9b7464c796834a7cc41d26731cf56eadaca29b920a62714136ba4bd9636f6485,9b7464c796834a7cc41d26731cf56eadaca29b920a62714136ba4bd9636f6485,127501,127501
results/external_empirical/phase4_final_qa_sync_gate/submission_package_hash_comparison.csv,unchanged,3cd83aa03fc2879a0c254e2637526951d5a38bef54f76b8521e6f4b6ebfaab55,3cd83aa03fc2879a0c254e2637526951d5a38bef54f76b8521e6f4b6ebfaab55,41615,41615
results/external_empirical/phase4_final_qa_sync_gate/submission_package_hashes_after.csv,unchanged,12a347c55823b471948d246000d4eadc87be4692471f45bb01628de2d8681187,12a347c55823b471948d246000d4eadc87be4692471f45bb01628de2d8681187,27859,27859
results/external_empirical/phase4_final_qa_sync_gate/submission_package_hashes_before.csv,unchanged,12a347c55823b471948d246000d4eadc87be4692471f45bb01628de2d8681187,12a347c55823b471948d246000d4eadc87be4692471f45bb01628de2d8681187,27859,27859
results/external_empirical/phase5_submission_sync_human_approval/phase5_approval_marker_audit.csv,unchanged,f168771cfe5a4ce608872b7dee34f7f6cdc5a705f317ef98d32e814e63f602f2,f168771cfe5a4ce608872b7dee34f7f6cdc5a705f317ef98d32e814e63f602f2,588,588
results/external_empirical/phase5_submission_sync_human_approval/phase5_claim_language_audit.csv,unchanged,d935e566f0e2c48205dc8adcb6ecadff7c605a1541040e97c4695adc34131e0e,d935e566f0e2c48205dc8adcb6ecadff7c605a1541040e97c4695adc34131e0e,9937,9937
results/external_empirical/phase5_submission_sync_human_approval/phase5_core_protected_hash_comparison.csv,unchanged,92cb1963a18cd79dd308a64ea4f68da13b50bb156ecf208325da8a189cda24bf,92cb1963a18cd79dd308a64ea4f68da13b50bb156ecf208325da8a189cda24bf,42425,42425
results/external_empirical/phase5_submission_sync_human_approval/phase5_core_protected_hashes_after.csv,unchanged,a261227488c134054aa35b3e24fada9529800dec533e7bcb484f67eeea1de8c0,a261227488c134054aa35b3e24fada9529800dec533e7bcb484f67eeea1de8c0,27232,27232
results/external_empirical/phase5_submission_sync_human_approval/phase5_core_protected_hashes_before.csv,unchanged,a261227488c134054aa35b3e24fada9529800dec533e7bcb484f67eeea1de8c0,a261227488c134054aa35b3e24fada9529800dec533e7bcb484f67eeea1de8c0,27232,27232
results/external_empirical/phase5_submission_sync_human_approval/phase5_decision_result.json,unchanged,aa99f2cb3d4f5f22d04e0af29895b428afd63c66ca5855c36acf592ff2484bf0,aa99f2cb3d4f5f22d04e0af29895b428afd63c66ca5855c36acf592ff2484bf0,1559,1559
results/external_empirical/phase5_submission_sync_human_approval/phase5_figure_s10_visual_review_assets.csv,unchanged,a46bf20b38af81482c9216162bdd7fe95dd840d77493ad3418deb58bd3a78f5b,a46bf20b38af81482c9216162bdd7fe95dd840d77493ad3418deb58bd3a78f5b,1967,1967
results/external_empirical/phase5_submission_sync_human_approval/phase5_git_preflight.csv,unchanged,772c89ea4f83dc7625f54321f1ecdc9e8ea4c189914d48b0205cb879156fc14d,772c89ea4f83dc7625f54321f1ecdc9e8ea4c189914d48b0205cb879156fc14d,1556,1556
results/external_empirical/phase5_submission_sync_human_approval/phase5_mode_decision.json,unchanged,d08d4d98cfbe520f1239f825ecb4fb74079c680c3248751f1875c6f7132a7d13,d08d4d98cfbe520f1239f825ecb4fb74079c680c3248751f1875c6f7132a7d13,547,547
results/external_empirical/phase5_submission_sync_human_approval/phase5_pdf_static_audit.csv,unchanged,89d4120709b4937fe61001b5cb0ff90efcbd900ac97d7d190fbf288fac00c5c9,89d4120709b4937fe61001b5cb0ff90efcbd900ac97d7d190fbf288fac00c5c9,688,688
results/external_empirical/phase5_submission_sync_human_approval/phase5_public_release_hash_comparison.csv,unchanged,ad2a2cf3a8bff751f83884eecf6ce4823d0bb814c4d3f47aeaa589ea5b0d0cb2,ad2a2cf3a8bff751f83884eecf6ce4823d0bb814c4d3f47aeaa589ea5b0d0cb2,181246,181246
results/external_empirical/phase5_submission_sync_human_approval/phase5_public_release_hashes_after.csv,unchanged,9b7464c796834a7cc41d26731cf56eadaca29b920a62714136ba4bd9636f6485,9b7464c796834a7cc41d26731cf56eadaca29b920a62714136ba4bd9636f6485,127501,127501
results/external_empirical/phase5_submission_sync_human_approval/phase5_public_release_hashes_before.csv,unchanged,9b7464c796834a7cc41d26731cf56eadaca29b920a62714136ba4bd9636f6485,9b7464c796834a7cc41d26731cf56eadaca29b920a62714136ba4bd9636f6485,127501,127501
results/external_empirical/phase5_submission_sync_human_approval/phase5_submission_package_hash_comparison.csv,unchanged,3cd83aa03fc2879a0c254e2637526951d5a38bef54f76b8521e6f4b6ebfaab55,3cd83aa03fc2879a0c254e2637526951d5a38bef54f76b8521e6f4b6ebfaab55,41615,41615
results/external_empirical/phase5_submission_sync_human_approval/phase5_submission_package_hashes_after.csv,unchanged,12a347c55823b471948d246000d4eadc87be4692471f45bb01628de2d8681187,12a347c55823b471948d246000d4eadc87be4692471f45bb01628de2d8681187,27859,27859
results/external_empirical/phase5_submission_sync_human_approval/phase5_submission_package_hashes_before.csv,unchanged,12a347c55823b471948d246000d4eadc87be4692471f45bb01628de2d8681187,12a347c55823b471948d246000d4eadc87be4692471f45bb01628de2d8681187,27859,27859
results/external_empirical/phase5_submission_sync_human_approval/phase5_submission_package_sync_plan.csv,unchanged,9c2218a8efd9a23fe32eb8eef6ebe67c87aaaf937d54f5af5a403c0f9011021a,9c2218a8efd9a23fe32eb8eef6ebe67c87aaaf937d54f5af5a403c0f9011021a,3421,3421
results/external_empirical/phase5_submission_sync_human_approval/phase5_validation_summary.json,unchanged,442d75d78db57c21fc52c19e0720ba5992fdcbbff1c96388182183016080b9c3,442d75d78db57c21fc52c19e0720ba5992fdcbbff1c96388182183016080b9c3,950,950
results/phase02/Figure2_high_trace.csv,unchanged,3e05c6c157863454d4dcc6f90f4083694021938249759168c5dd465a53a9f0cd,3e05c6c157863454d4dcc6f90f4083694021938249759168c5dd465a53a9f0cd,658764,658764
results/phase02/Figure2_intermediate_trace.csv,unchanged,c9771f5ea496243eef42f59071ddb147ed535d4bf1051879ee906221799e310b,c9771f5ea496243eef42f59071ddb147ed535d4bf1051879ee906221799e310b,774549,774549
results/phase02/Figure2_low_trace.csv,unchanged,83ea9915cdba70168e6f96fcef9c257b95d0dd2caa9e6b552c570aed5508a9cb,83ea9915cdba70168e6f96fcef9c257b95d0dd2caa9e6b552c570aed5508a9cb,650466,650466
results/phase02/Figure2_representative_summary.csv,unchanged,05b54a809885784b925e44b601f9ab35b5085a8037f89379702ef3b2ef17a9de,05b54a809885784b925e44b601f9ab35b5085a8037f89379702ef3b2ef17a9de,1413,1413
results/phase02/Figure3_geometry_sweep.csv,unchanged,53f9af48c9c989264ddde1ddbc73641e500c7bdc7746da83d21e4d7167770e71,53f9af48c9c989264ddde1ddbc73641e500c7bdc7746da83d21e4d7167770e71,64360,64360
results/phase02/Figure4_matched_neck_heterogeneous_load.csv,unchanged,84c626934fffcad79c122e0a4e13fd1634f4809b0716dc0c15c07ef2759a6ff8,84c626934fffcad79c122e0a4e13fd1634f4809b0716dc0c15c07ef2759a6ff8,4257,4257
results/phase02/caption_discrepancy_table.csv,unchanged,1353f37778dcacb07cbcc358e3839f405672cb26cb83b2f8419a7ffd148f2042,1353f37778dcacb07cbcc358e3839f405672cb26cb83b2f8419a7ffd148f2042,1267,1267
results/phase02/central_smi_claim_tests.csv,unchanged,17def8ee6e784c8b786c88333a05e2f6f815c834ed67ab947dc3416ed9cd7931,17def8ee6e784c8b786c88333a05e2f6f815c834ed67ab947dc3416ed9cd7931,462,462
results/phase02/convergence_dt_intermediate.csv,unchanged,d7ad673a84d304258818c02877651e3a8406aae221772d47b953f9b0f047ce26,d7ad673a84d304258818c02877651e3a8406aae221772d47b953f9b0f047ce26,747,747
results/phase02/reproduction_parameters.csv,unchanged,cdcb1088ee97512278805a811863c81a6ae356c16214ed32b159e014302eeb90,cdcb1088ee97512278805a811863c81a6ae356c16214ed32b159e014302eeb90,184,184
results/phase03/chirp_validation.csv,unchanged,b19a81425430a2186222b3d74de24cf687f61d2a8a19e843a4ce86c7ac0301ae,b19a81425430a2186222b3d74de24cf687f61d2a8a19e843a4ce86c7ac0301ae,552,552
results/phase03/falsification_summary.csv,unchanged,90c6b77b51a9388eba932adf0c0ca5eb56f52945601bdbc2bc0366affaf6d477,90c6b77b51a9388eba932adf0c0ca5eb56f52945601bdbc2bc0366affaf6d477,212,212
results/phase03/impedance_spectrum.csv,unchanged,c1c0f7a9ef0ad6c117a09245e0f57ab6d3c380d8e4bddac33e48366114b0e5fd,c1c0f7a9ef0ad6c117a09245e0f57ab6d3c380d8e4bddac33e48366114b0e5fd,3296,3296
results/phase03/iso_transfer_counterexamples.csv,unchanged,dcff0ccd239f480474e5cbac4b533bf02701ccd37442da8062cbf2cb608871fa,dcff0ccd239f480474e5cbac4b533bf02701ccd37442da8062cbf2cb608871fa,715,715
results/phase03/neck_model_comparison.csv,unchanged,76429064cd8b86446873079f241adfa773653c3ea0c3ba39e37ab75b281a2619,76429064cd8b86446873079f241adfa773653c3ea0c3ba39e37ab75b281a2619,915,915
results/phase03/phase03_summary.csv,unchanged,5f9a0d2aa253a0c700578e19147542733aff4ea699461e1efa271041363c3bbf,5f9a0d2aa253a0c700578e19147542733aff4ea699461e1efa271041363c3bbf,779,779
results/phase03/predictor_comparison.csv,unchanged,8c499f556a20003b14e39f50486930a123acdf3c3d210053ddc37073bb203320,8c499f556a20003b14e39f50486930a123acdf3c3d210053ddc37073bb203320,3036,3036
results/phase03/sinusoidal_validation.csv,unchanged,b8686d8e2ce52206042eebaeb3d13068de0c1f19aef979a07231bb53ab5b7660,b8686d8e2ce52206042eebaeb3d13068de0c1f19aef979a07231bb53ab5b7660,343,343
results/phase03/smi_challenge_suite.csv,unchanged,7667985213814eedfab5621fda7c208a532cd4bccb3662733491b664379b8199,7667985213814eedfab5621fda7c208a532cd4bccb3662733491b664379b8199,7439,7439
results/phase03/spatial_convergence.csv,unchanged,bac62771512dccfa9417c8c9a3e0657ba9ad19bf82e9a15d656909f79031f5ed,bac62771512dccfa9417c8c9a3e0657ba9ad19bf82e9a15d656909f79031f5ed,741,741
results/phase04/active_falsification_summary.csv,unchanged,0957c05364550121e18301badff32da7cecad424c94f24c58b55703d7f533f4e,0957c05364550121e18301badff32da7cecad424c94f24c58b55703d7f533f4e,1614,1614
results/phase04/active_impedance_operating_point.csv,unchanged,01241dd0013e6fe74bffdbd97890b616e928b61ab180479237285880b10b52c8,01241dd0013e6fe74bffdbd97890b616e928b61ab180479237285880b10b52c8,1658,1658
results/phase04/active_multivariable_diagnostic.csv,unchanged,676fee98bac5999b86b6087290d9f356cdd5e445e9a969d6fde580bd0b621889,676fee98bac5999b86b6087290d9f356cdd5e445e9a969d6fde580bd0b621889,473,473
results/phase04/active_predictor_comparison.csv,unchanged,5598013db0755e40ff2a9200c6b9facf4e2bdb45aa30aa579bd85cdc2c49baa4,5598013db0755e40ff2a9200c6b9facf4e2bdb45aa30aa579bd85cdc2c49baa4,27797,27797
results/phase04/active_protocol_library.csv,unchanged,953bb10520b03f1c3d6638ff84886a81cfe0ce582f47c8c0d425e33d4eaa9970,953bb10520b03f1c3d6638ff84886a81cfe0ce582f47c8c0d425e33d4eaa9970,5372,5372
results/phase04/active_smi_challenge_suite.csv,unchanged,2b3839a2b1b37aaeb00e26c662ac740da96d582dc24524323d7d8fc7d6af4257,2b3839a2b1b37aaeb00e26c662ac740da96d582dc24524323d7d8fc7d6af4257,24775,24775
results/phase04/active_validation.csv,unchanged,93c6738f2ad605a32650392894e4178f8e07632da4d91e5729c7995bde5ed0c0,93c6738f2ad605a32650392894e4178f8e07632da4d91e5729c7995bde5ed0c0,899,899
results/phase04/phase04_summary.csv,unchanged,d3b21eac8b11d41cccd2ef89813bc2ff1aacb75fd22cb3c20485407378da7ccc,d3b21eac8b11d41cccd2ef89813bc2ff1aacb75fd22cb3c20485407378da7ccc,2062,2062
results/phase05/claim_robustness.csv,unchanged,7d85a8f31021dff23dcc7a626aed841a1a66cd9d516fe95dfd691eaec62af37a,7d85a8f31021dff23dcc7a626aed841a1a66cd9d516fe95dfd691eaec62af37a,880,880
results/phase05/counterexample_prevalence.csv,unchanged,ce5c42872f9f683b5f5425f6f22372a1852102fba29f3ab1e2eadada5f5a9897,ce5c42872f9f683b5f5425f6f22372a1852102fba29f3ab1e2eadada5f5a9897,390,390
results/phase05/global_uncertainty_samples.csv,unchanged,d5888e404bceb04dc0e6ba14b51ddc841c3e2f1f8c052b3bcc847e7939db55d8,d5888e404bceb04dc0e6ba14b51ddc841c3e2f1f8c052b3bcc847e7939db55d8,65932,65932
results/phase05/identifiability_degeneracy_examples.csv,unchanged,cc96f5b27a370ad0775c70d060948cf9505644fb631df0b4dc3fafb2b5254064,cc96f5b27a370ad0775c70d060948cf9505644fb631df0b4dc3fafb2b5254064,21103,21103
results/phase05/local_sensitivity.csv,unchanged,eff983792ee069c74904dfc34dbfc3ab2b0d479b456825cf496b8f6bf46311d1,eff983792ee069c74904dfc34dbfc3ab2b0d479b456825cf496b8f6bf46311d1,29398,29398
results/phase05/phase05_summary.csv,unchanged,8d3b2242404523fb845342e50b71036cabe3b4bfcb59acb694a8ca40769ef41b,8d3b2242404523fb845342e50b71036cabe3b4bfcb59acb694a8ca40769ef41b,1867,1867
results/phase05/phase05_validation.csv,unchanged,b28d5458c9dbb96a5d9030a4eb641fec2348c185ee7d6fd4851484c93d51c165,b28d5458c9dbb96a5d9030a4eb641fec2348c185ee7d6fd4851484c93d51c165,444,444
results/phase05/predictor_comparison.csv,unchanged,546f18f29cb0e1e99006f888e0aad848d48c51c137b4fe544bc069f19542034e,546f18f29cb0e1e99006f888e0aad848d48c51c137b4fe544bc069f19542034e,37735,37735
results/phase05/radius_uncertainty_class_stability.csv,unchanged,efa77612fa05ff6259c00a0eaacd70f79efb9e04c915ed0515c9ab4cd7d4bace,efa77612fa05ff6259c00a0eaacd70f79efb9e04c915ed0515c9ab4cd7d4bace,10093,10093
results/phase05/residual_analysis.csv,unchanged,54bafd0650dc80204fa82f1d8005ed80dff581db501cbe27d6f4bab4b6457e00,54bafd0650dc80204fa82f1d8005ed80dff581db501cbe27d6f4bab4b6457e00,6293,6293
results/phase05/uncertainty_decomposition.csv,unchanged,9c4f61362d93d642973b74da3099a3853de8b0ca7f62a2ba0b53187fa5f365f2,9c4f61362d93d642973b74da3099a3853de8b0ca7f62a2ba0b53187fa5f365f2,15319,15319
results/phase05/uncertainty_distributions.csv,unchanged,7ce89efad2ca137fa6fad198925175142633e742631809fdcd478697cc74c400,7ce89efad2ca137fa6fad198925175142633e742631809fdcd478697cc74c400,1527,1527
results/phase05/uncertainty_summary.csv,unchanged,1e95f473fa54b8b171c409d3903d156e3a728d85813ae2ddcff81c9a87770825,1e95f473fa54b8b171c409d3903d156e3a728d85813ae2ddcff81c9a87770825,1878,1878
results/phase05_1/claim_reassessment.csv,unchanged,d5cbab68b30c0612368beb9088fb462209a95f0f03146e7a74a9edc936bef5da,d5cbab68b30c0612368beb9088fb462209a95f0f03146e7a74a9edc936bef5da,1158,1158
results/phase05_1/convergence_cause_diagnostics.csv,unchanged,1b9f319fa26039b4d348b1c2b19d9945ce0d13656417b712f7cc7e374d9399b2,1b9f319fa26039b4d348b1c2b19d9945ce0d13656417b712f7cc7e374d9399b2,1214,1214
results/phase05_1/counterexample_prevalence_by_n.csv,unchanged,fc0d766c589f3e6877c67a16beac5a0044ff68974b6cb46ac5e105d86ab1c2a1,fc0d766c589f3e6877c67a16beac5a0044ff68974b6cb46ac5e105d86ab1c2a1,1939,1939
results/phase05_1/global_uncertainty_samples_N192.csv,unchanged,71fce55d0d296db2c69deb8ebccaa2ac479e9da3ee99deb28977892dfdcefa54,71fce55d0d296db2c69deb8ebccaa2ac479e9da3ee99deb28977892dfdcefa54,131343,131343
results/phase05_1/global_uncertainty_samples_N384.csv,unchanged,ade5676015319c7a8adef8a4b5ea7b3ce77500901295d2f5d5d77076b771b1a7,ade5676015319c7a8adef8a4b5ea7b3ce77500901295d2f5d5d77076b771b1a7,262148,262148
results/phase05_1/global_uncertainty_samples_N768.csv,unchanged,fc26f412f0e8b44410897f6d03a6e3e524fb8232f70d94f531081960a6ccff7b,fc26f412f0e8b44410897f6d03a6e3e524fb8232f70d94f531081960a6ccff7b,523503,523503
results/phase05_1/global_uncertainty_samples_N96.csv,unchanged,9e7bf81837f7250ff7390da0b5c5bd022902e21890446dfc2398c8fe3f1fb72c,9e7bf81837f7250ff7390da0b5c5bd022902e21890446dfc2398c8fe3f1fb72c,65974,65974
results/phase05_1/phase05_1_validation.csv,unchanged,6879bdb970780ec95660e92d12a7102e5cc71f1d8784d904ea390162b8e31349,6879bdb970780ec95660e92d12a7102e5cc71f1d8784d904ea390162b8e31349,416,416
results/phase05_1/predictor_rankings_by_n.csv,unchanged,adbf6723614118a4dd40c042ab931c8ffc208e37171d4baaf2e5b3c06dd27ae9,adbf6723614118a4dd40c042ab931c8ffc208e37171d4baaf2e5b3c06dd27ae9,55000,55000
results/phase05_1/predictor_stability_summary.csv,unchanged,c942dd1da81835d095f0511b70b8895042822e65e7970242e8b0826a6fe0f7ab,c942dd1da81835d095f0511b70b8895042822e65e7970242e8b0826a6fe0f7ab,10858,10858
results/phase05_1/progressive_convergence_deltas.csv,unchanged,e2697f45b5e5d9793a92c4721bf87f31b3bd81a8474ff042a481743369cefe1a,e2697f45b5e5d9793a92c4721bf87f31b3bd81a8474ff042a481743369cefe1a,10257,10257
results/phase05_1/progressive_uncertainty_summary.csv,unchanged,7f50d68ac1c4c8507eb72a573728deb697f7610e60fc0249cc45b9fd94c603ed,7f50d68ac1c4c8507eb72a573728deb697f7610e60fc0249cc45b9fd94c603ed,7420,7420
results/phase05_1/radius_boundary_examples.csv,unchanged,413f035bf08276e0923c4cd55f7f3300fa9f867b35f647007db469401c5e4af8,413f035bf08276e0923c4cd55f7f3300fa9f867b35f647007db469401c5e4af8,7237,7237
results/phase05_1/radius_only_uncertainty.csv,unchanged,b440b489813d93468ed6bf9b282c22909500523965c64333bda020a678aac4c4,b440b489813d93468ed6bf9b282c22909500523965c64333bda020a678aac4c4,260899,260899
results/phase05_1/radius_uncertainty_by_n.csv,unchanged,4f55bf130f1c2efe672173cdcd6b076e6ebc9274f0419325c3c06ef313fa8038,4f55bf130f1c2efe672173cdcd6b076e6ebc9274f0419325c3c06ef313fa8038,774,774
results/phase06/claim_classification.csv,unchanged,d7ec2061d98c5d480fb84c40bdeb9c9e5b4e174f7169ea72759fcdba5510372e,d7ec2061d98c5d480fb84c40bdeb9c9e5b4e174f7169ea72759fcdba5510372e,1147,1147
results/phase06/epilepsy_evidence_table.csv,unchanged,a63ceeacffd0f32b30cbaa7c4a4be4cdfde745723b6e4dbca2022b792d6c982b,a63ceeacffd0f32b30cbaa7c4a4be4cdfde745723b6e4dbca2022b792d6c982b,5785,5785
results/phase06/falsifiable_predictions.csv,unchanged,57c6370b27518be70a2d7f66b3816cb9a21337d1ab80c7b18a84fed557ed94d8,57c6370b27518be70a2d7f66b3816cb9a21337d1ab80c7b18a84fed557ed94d8,834,834
results/phase06/matched_baseline_comparisons.csv,unchanged,b28578a18ff506d0fb811cfce5312da190eb035b376efed300b4d4f78ae02d21,b28578a18ff506d0fb811cfce5312da190eb035b376efed300b4d4f78ae02d21,27047,27047
results/phase06/mechanistic_decomposition.csv,unchanged,87f518abe66d617fb8d9f62010f282ef91e0265dd300894706b1b6c81c4028c4,87f518abe66d617fb8d9f62010f282ef91e0265dd300894706b1b6c81c4028c4,1493,1493
results/phase06/phase06_validation.csv,unchanged,45c060a6cff61328f2299d1163a7572c1e29af70c114d7f6058bb326d27860d9,45c060a6cff61328f2299d1163a7572c1e29af70c114d7f6058bb326d27860d9,603,603
results/phase06/predictor_table.csv,unchanged,cee86f61ef68b08048f84568399caab8fa23865522c09bd6339225cab68fecb9,cee86f61ef68b08048f84568399caab8fa23865522c09bd6339225cab68fecb9,4929,4929
results/phase06/provenance_metadata.csv,unchanged,e4c1b1604199bed111a30d3348446b098ccb2d200e7fcccab62af4f50abd1126,e4c1b1604199bed111a30d3348446b098ccb2d200e7fcccab62af4f50abd1126,164,164
results/phase06/scenario_definitions.csv,unchanged,29b5a187b437d62f1bc4283cb2811bef5d590cd24ad9663790743ea45c86df14,29b5a187b437d62f1bc4283cb2811bef5d590cd24ad9663790743ea45c86df14,2393,2393
results/phase06/scenario_metrics.csv,unchanged,db80ada87d39b79508aa0ffe4948d349b44bad8fcc6e058cbf0511d9b2fe32fd,db80ada87d39b79508aa0ffe4948d349b44bad8fcc6e058cbf0511d9b2fe32fd,19468,19468
results/phase06/scenario_uncertainty_samples.csv,unchanged,eb2d703121c130de9bb25e2270d4539d58abe18405bc78d681a34d15ad7a41fe,eb2d703121c130de9bb25e2270d4539d58abe18405bc78d681a34d15ad7a41fe,61480,61480
results/phase06/scenario_uncertainty_summary.csv,unchanged,bbefb5d70af3e879e76e7c9d6bb875f1ba91daeafb9ac22254d81f6b54ab966a,bbefb5d70af3e879e76e7c9d6bb875f1ba91daeafb9ac22254d81f6b54ab966a,6672,6672
results/revision_restart/phase1/diagnostic_figures/phase1_absolute_residual_vs_smi.svg,unchanged,43388477ca0c5502dacb7e910038f8887a2d54667d9327a089c7076d3a56b0bc,43388477ca0c5502dacb7e910038f8887a2d54667d9327a089c7076d3a56b0bc,288777,288777
results/revision_restart/phase1/diagnostic_figures/phase1_observed_gamma_vs_smi.svg,unchanged,b2c14fde52f87c1295becd6a2e4dd63512e923b4f44c8cf9486c5efa5e804a46,b2c14fde52f87c1295becd6a2e4dd63512e923b4f44c8cf9486c5efa5e804a46,290564,290564
results/revision_restart/phase1/diagnostic_figures/phase1_observed_vs_divider.svg,unchanged,558d81acdac846a8fc970d3f9f2e669d90327cb5c20d1592abda501c1bf3694b,558d81acdac846a8fc970d3f9f2e669d90327cb5c20d1592abda501c1bf3694b,290810,290810
results/revision_restart/phase1/diagnostic_figures/phase1_residual_vs_smi.svg,unchanged,75f350e976b0251b5ee2f4d5d6d431c019b12bfc98d1813e0f22e7d051cd0908,75f350e976b0251b5ee2f4d5d6d431c019b12bfc98d1813e0f22e7d051cd0908,288741,288741
results/revision_restart/phase1/phase1_active_passive_residual_comparison.csv,unchanged,0c3a10e28fd1be5f02f84c12ee1fcf33366a8c4a44113a47db22601735286324,0c3a10e28fd1be5f02f84c12ee1fcf33366a8c4a44113a47db22601735286324,1501,1501
results/revision_restart/phase1/phase1_baseline_target_residuals.csv,unchanged,839fdd22c12e7a5bbf0186e98dcffce32d04f2b0ddeb7b5789d381133873e380,839fdd22c12e7a5bbf0186e98dcffce32d04f2b0ddeb7b5789d381133873e380,1817,1817
results/revision_restart/phase1/phase1_data_inventory.csv,unchanged,05f43bd65ad585b2dc9829e3bdc0d179bba21c2b1c7124791ab106fc3a14c83b,05f43bd65ad585b2dc9829e3bdc0d179bba21c2b1c7124791ab106fc3a14c83b,20884,20884
results/revision_restart/phase1/phase1_divider_residual_rows.csv,unchanged,a66257070e126d29b1569c6522201bce80df840f22fd8d2e813379de92330dc6,a66257070e126d29b1569c6522201bce80df840f22fd8d2e813379de92330dc6,2209873,2209873
results/revision_restart/phase1/phase1_divider_residual_summary_by_dataset.csv,unchanged,2d72983402f7d348ea4dd476b910e8b8b00242a67b108c4d219aa8879b558a47,2d72983402f7d348ea4dd476b910e8b8b00242a67b108c4d219aa8879b558a47,6489,6489
results/revision_restart/phase1/phase1_divider_residual_summary_by_regime.csv,unchanged,8b75f3737841d34c0dad5fc35de775f16255805f193da8986f41c5b51bbf70cd,8b75f3737841d34c0dad5fc35de775f16255805f193da8986f41c5b51bbf70cd,6745,6745
results/revision_restart/phase1/phase1_protected_hash_comparison.csv,unchanged,0b1b2862c2e6a0beb4e9c8a529db72891b385b80f38a5241a680d5865b383d96,0b1b2862c2e6a0beb4e9c8a529db72891b385b80f38a5241a680d5865b383d96,31573,31573
results/revision_restart/phase1/phase1_protected_hashes_after.csv,unchanged,c846d88de4f079ed49f3eea007b186b811c042cb3a29bf4cfbb9fa9dcc25a509,c846d88de4f079ed49f3eea007b186b811c042cb3a29bf4cfbb9fa9dcc25a509,18914,18914
results/revision_restart/phase1/phase1_protected_hashes_before.csv,unchanged,68113d0ff8636abc79cf9093ec78f90f4bef08101d2d4df3f02744843762c8b3,68113d0ff8636abc79cf9093ec78f90f4bef08101d2d4df3f02744843762c8b3,19862,19862
results/revision_restart/phase1/phase1_residual_outlier_cases.csv,unchanged,062ecea7cb4a0d9144a79688c1db9240b1ce3c8aa23cbb1f917fd6773498bc5b,062ecea7cb4a0d9144a79688c1db9240b1ce3c8aa23cbb1f917fd6773498bc5b,24856,24856
results/revision_restart/phase1/phase1_source_manifest.csv,unchanged,2a8a67465ac6140606457f35672877b740bbec3d212d18cf487a213f7c36d1a7,2a8a67465ac6140606457f35672877b740bbec3d212d18cf487a213f7c36d1a7,55933,55933
results/revision_restart/phase2/diagnostic_figures/phase2_attached_vs_omitted_rind.svg,unchanged,ba2ab703d847d24151d17c5dedbf91ec6853a0d86d9b12acbe8dd3b06f3ae166,ba2ab703d847d24151d17c5dedbf91ec6853a0d86d9b12acbe8dd3b06f3ae166,289509,289509
results/revision_restart/phase2/diagnostic_figures/phase2_attached_vs_omitted_smi.svg,unchanged,1175bb4f2908daa40bbf590660ea0b89ede9ad4f88429da94d974dff19ffdfda,1175bb4f2908daa40bbf590660ea0b89ede9ad4f88429da94d974dff19ffdfda,286591,286591
results/revision_restart/phase2/diagnostic_figures/phase2_observed_local_vs_gamma_divider.svg,unchanged,eb45c7857256e99ae7bd1c73de65b2030d24c015e91277c39f368084d4750f26,eb45c7857256e99ae7bd1c73de65b2030d24c015e91277c39f368084d4750f26,289547,289547
results/revision_restart/phase2/diagnostic_figures/phase2_residual_vs_dynamic_smi.svg,unchanged,0e93ae01121ac65b20e70b24bf273c2cad002f29cc50fb2d4f0da813727e98eb,0e93ae01121ac65b20e70b24bf273c2cad002f29cc50fb2d4f0da813727e98eb,247980,247980
results/revision_restart/phase2/diagnostic_figures/phase2_residual_vs_r_in_d.svg,unchanged,ff9dc77dcdae8b8bbbff2c0f73e7abf979b29330d12a8d4c54b7f96957d5c604,ff9dc77dcdae8b8bbbff2c0f73e7abf979b29330d12a8d4c54b7f96957d5c604,289728,289728
results/revision_restart/phase2/diagnostic_figures/phase2_residual_vs_r_neck.svg,unchanged,fa7461f7b40c391e7d63b4d5b3a01b9a02525ce7dc10c88b4276d1713eb8de3c,fa7461f7b40c391e7d63b4d5b3a01b9a02525ce7dc10c88b4276d1713eb8de3c,288031,288031
results/revision_restart/phase2/diagnostic_figures/phase2_residual_vs_smi.svg,unchanged,9ad40d9b0ec0e2917532bafd64522a98598b4600da5eb2c03582ba5415229b64,9ad40d9b0ec0e2917532bafd64522a98598b4600da5eb2c03582ba5415229b64,287740,287740
results/revision_restart/phase2/phase2_descriptor_recommendation_table.csv,unchanged,e068b0dd23ce9f49ef811e8805cc40870a0167ea4e404168c168b838099e7e64,e068b0dd23ce9f49ef811e8805cc40870a0167ea4e404168c168b838099e7e64,31538,31538
results/revision_restart/phase2/phase2_ratio_vs_components_model_comparison.csv,unchanged,ade4418e90f4c2a611025048cddc083803cd741b5f1b4bc26f96c60bc93b3525,ade4418e90f4c2a611025048cddc083803cd741b5f1b4bc26f96c60bc93b3525,227992,227992
results/revision_restart/phase2/phase2_residual_predictor_summary.csv,unchanged,eaa7b54bca26ebdd6fb1f999249464ba2debbd015ccb174c9afe6f70aba1b6a5,eaa7b54bca26ebdd6fb1f999249464ba2debbd015ccb174c9afe6f70aba1b6a5,10278,10278
results/revision_restart/phase2/phase2_scalar_descriptor_correlations.csv,unchanged,5a65a730f8ef5c2955152eab286b07ad7eb0d5ba1e6c7edb3b4a0234a33cabdf,5a65a730f8ef5c2955152eab286b07ad7eb0d5ba1e6c7edb3b4a0234a33cabdf,104650,104650
results/revision_restart/phase2/phase2_source_manifest.csv,unchanged,5b9ef57cf4d766a6d2863f07ac94e1025062fa0b653d7af6732de0768056412e,5b9ef57cf4d766a6d2863f07ac94e1025062fa0b653d7af6732de0768056412e,29629,29629
results/revision_restart/phase2/phase2_spine_omitted_vs_attached_rind.csv,unchanged,e2f70ffcef8f6739d9970ae47cfd40bc2d8b044ea9bc4a582869f1c05791de27,e2f70ffcef8f6739d9970ae47cfd40bc2d8b044ea9bc4a582869f1c05791de27,2162975,2162975
results/revision_restart/phase2/phase2_standardized_descriptor_table.csv,unchanged,55ff2e55770fce1b264bc9e51d4be01bc4d2fa9b58f12f5f877dd2ef9a09ecb0,55ff2e55770fce1b264bc9e51d4be01bc4d2fa9b58f12f5f877dd2ef9a09ecb0,2896509,2896509
results/revision_restart/phase2/phase2_target_specific_descriptor_summary.csv,unchanged,c997fcaa96263da955e75a16af5777d1f2ba90da8ae9737a560c0516e755fc94,c997fcaa96263da955e75a16af5777d1f2ba90da8ae9737a560c0516e755fc94,23450,23450
results/revision_restart/phase3/phase3_descriptive_sensitivity_summaries.csv,unchanged,07b18bedcf6f6d52fbd33268375a472afbcd10cc5f8f779c3b9ab239263f1bf4,07b18bedcf6f6d52fbd33268375a472afbcd10cc5f8f779c3b9ab239263f1bf4,43420,43420
results/revision_restart/phase3/phase3_design_permutation_checks.csv,unchanged,dc6f297cc79268e9cece13832eb979ff8391fef352a5619cd4d2911605873af9,dc6f297cc79268e9cece13832eb979ff8391fef352a5619cd4d2911605873af9,2215,2215
results/revision_restart/phase3/phase3_high_smi_coverage_audit.csv,unchanged,da379076702fca255841730d7704632701d702e522f82c817711de4f616b5eea,da379076702fca255841730d7704632701d702e522f82c817711de4f616b5eea,4567,4567
results/revision_restart/phase3/phase3_interval_classification.csv,unchanged,6725000d09756ada3af31bc1337098b8b8afba49a8784f4d60ba6c32a342aa00,6725000d09756ada3af31bc1337098b8b8afba49a8784f4d60ba6c32a342aa00,21009,21009
results/revision_restart/phase3/phase3_predictor_family_summary.csv,unchanged,126904cd54b9498b764a11f5ace18c04dbc0582ff2c1f305a2484e8c1109a5b0,126904cd54b9498b764a11f5ace18c04dbc0582ff2c1f305a2484e8c1109a5b0,41826,41826
results/revision_restart/phase4/diagnostic_figures/phase4_independent_trace_overlay.svg,unchanged,0278c2b4a7ede817e191dc95041c57fc81f1156c613eb38f53b7c4f17cd84d3c,0278c2b4a7ede817e191dc95041c57fc81f1156c613eb38f53b7c4f17cd84d3c,122142,122142
results/revision_restart/phase4/phase4_be_cn_peak_comparison.csv,unchanged,a73bb2d6b674d5cddd0915a4641ff7ec6c24a31c820a68ff0b020f032ba7534a,a73bb2d6b674d5cddd0915a4641ff7ec6c24a31c820a68ff0b020f032ba7534a,2629,2629
results/revision_restart/phase4/phase4_dc_analytic_benchmark.csv,unchanged,ff93f0a52ecef1804eb52cdc0d5f083c4bee52661fea8fbf36f769428ced2dd6,ff93f0a52ecef1804eb52cdc0d5f083c4bee52661fea8fbf36f769428ced2dd6,2991,2991
results/revision_restart/phase4/phase4_independent_matrix_benchmark.csv,unchanged,16972c8221c0a3f3a2627af3a96852ab06ba88528d750e086c3889567e7f9272,16972c8221c0a3f3a2627af3a96852ab06ba88528d750e086c3889567e7f9272,4413,4413
results/revision_restart/phase4/phase4_protected_hash_comparison.csv,unchanged,6939c5faffef93ce9982c713b6b1a175fef42e6047374744d480a5c0453a76da,6939c5faffef93ce9982c713b6b1a175fef42e6047374744d480a5c0453a76da,31364,31364
results/revision_restart/phase4/phase4_protected_hashes_after.csv,unchanged,8338a0ceef86a6bbac367a51a80a80a539d3a7a804b18bd6b3bff774cdaff327,8338a0ceef86a6bbac367a51a80a80a539d3a7a804b18bd6b3bff774cdaff327,19715,19715
results/revision_restart/phase4/phase4_protected_hashes_before.csv,unchanged,8338a0ceef86a6bbac367a51a80a80a539d3a7a804b18bd6b3bff774cdaff327,8338a0ceef86a6bbac367a51a80a80a539d3a7a804b18bd6b3bff774cdaff327,19715,19715
results/revision_restart/phase4/phase4_validation_summary.csv,unchanged,2a9f84a02c0fa502740d434d86059f81a5b2ee3f9d26c28aa114653e4c1da253,2a9f84a02c0fa502740d434d86059f81a5b2ee3f9d26c28aa114653e4c1da253,799,799
results/revision_restart/phase5/phase5_blinded_identifier_audit.csv,unchanged,60a043be551a588755bae6399431f68cc40a018e4ba7b662b298d9a0688b8644,60a043be551a588755bae6399431f68cc40a018e4ba7b662b298d9a0688b8644,35,35
results/revision_restart/phase5/phase5_package_summary.csv,unchanged,bc15bb0d550db95fd3e6d7200a88393bd61e2ed1e611a7d3d7a666bb5dcb5d16,bc15bb0d550db95fd3e6d7200a88393bd61e2ed1e611a7d3d7a666bb5dcb5d16,605,605
results/revision_restart/phase5/phase5_protected_hash_comparison.csv,unchanged,0ee45710bafbfce7c1762fb204525542228c595649c17b146745254f17a3c15b,0ee45710bafbfce7c1762fb204525542228c595649c17b146745254f17a3c15b,47461,47461
results/revision_restart/phase5/phase5_protected_hashes_after.csv,unchanged,bd7df904b14cbaf72a4fdaf3a35a5c1eef8c57cdadcac6034ab56495d9e177a4,bd7df904b14cbaf72a4fdaf3a35a5c1eef8c57cdadcac6034ab56495d9e177a4,28763,28763
results/revision_restart/phase5/phase5_protected_hashes_before.csv,unchanged,bd7df904b14cbaf72a4fdaf3a35a5c1eef8c57cdadcac6034ab56495d9e177a4,bd7df904b14cbaf72a4fdaf3a35a5c1eef8c57cdadcac6034ab56495d9e177a4,28763,28763
results/revision_restart/phase6/phase6_protected_hash_comparison.csv,unchanged,663de93f4fd0dad8cc138db1421bff5939e920e8b5f9989522451cac75122f77,663de93f4fd0dad8cc138db1421bff5939e920e8b5f9989522451cac75122f77,55339,55339
results/revision_restart/phase6/phase6_protected_hashes_after.csv,unchanged,759d02863d15cbc04799289c979d76531d56037f73d243c97159b17dffd9b0f2,759d02863d15cbc04799289c979d76531d56037f73d243c97159b17dffd9b0f2,35421,35421
results/revision_restart/phase6/phase6_protected_hashes_before.csv,unchanged,759d02863d15cbc04799289c979d76531d56037f73d243c97159b17dffd9b0f2,759d02863d15cbc04799289c979d76531d56037f73d243c97159b17dffd9b0f2,35421,35421
results/revision_restart/phase7/phase7_blinding_identifier_scan.csv,unchanged,de84bea3274e036bbe989e666eee65b52a9a8c77720a84dca813f7e3d94076ed,de84bea3274e036bbe989e666eee65b52a9a8c77720a84dca813f7e3d94076ed,165,165
results/revision_restart/phase7/phase7_csv_parse_summary.csv,unchanged,95b5457475e4cc2a89ce9c6419bc39abf2284187171729b277797c386c596ad9,95b5457475e4cc2a89ce9c6419bc39abf2284187171729b277797c386c596ad9,445,445
results/revision_restart/phase7/phase7_divider_residual_figure_data.csv,unchanged,d3378b66aedd4c0b650441b4b17cf7a4ed65a978baf466adb5a6aff10d407a68,d3378b66aedd4c0b650441b4b17cf7a4ed65a978baf466adb5a6aff10d407a68,606270,606270
results/revision_restart/phase7/phase7_divider_residual_figure_summary.csv,unchanged,d284d645a0ad8c99efc89e3bbddf04ddc530013ad6b21e71108dcbe53359e05b,d284d645a0ad8c99efc89e3bbddf04ddc530013ad6b21e71108dcbe53359e05b,630,630
results/revision_restart/phase7/phase7_latex_log_audit.csv,unchanged,daed4614ef4217107776bb96c77bae6b0d508a3f9bb654f722e34b1c92a966ca,daed4614ef4217107776bb96c77bae6b0d508a3f9bb654f722e34b1c92a966ca,146,146
results/revision_restart/phase7/phase7_protected_hash_comparison.csv,unchanged,75295b1fa113d286b9fb6a5df821579fd24cae96756513b2d2fc9cce034c9bd3,75295b1fa113d286b9fb6a5df821579fd24cae96756513b2d2fc9cce034c9bd3,60,60
results/revision_restart/phase7/phase7_protected_hashes_after.csv,unchanged,7d419a8d06f6f2acae57f3a8ad151247e975ad36755b68cf0fa0e45e8fea552f,7d419a8d06f6f2acae57f3a8ad151247e975ad36755b68cf0fa0e45e8fea552f,38878,38878
results/revision_restart/phase7/phase7_protected_hashes_before.csv,unchanged,31fb94c43cecc1b28881b3f8ddd82e190f5807aad57013a19ab46578cada7271,31fb94c43cecc1b28881b3f8ddd82e190f5807aad57013a19ab46578cada7271,23633,23633
results/revision_restart/phase7/phase7_required_file_check.csv,unchanged,12b545dc1cdb4258039aa19329e1e84c409352b50752fc1f6fa2552f60a13b86,12b545dc1cdb4258039aa19329e1e84c409352b50752fc1f6fa2552f60a13b86,1595,1595
results/revision_restart/phase7/phase7_required_file_check_pre_reports.csv,unchanged,ed79992f6995d06de11134259f6d56e14325c282189b40fc232a58f1967e64d5,ed79992f6995d06de11134259f6d56e14325c282189b40fc232a58f1967e64d5,945,945
results/revision_restart/phase7/phase7_static_language_hits.csv,unchanged,f3ed7462bd177b0cd257078c5cc655e56cd820a08fa8fb45749bb109332ef0f2,f3ed7462bd177b0cd257078c5cc655e56cd820a08fa8fb45749bb109332ef0f2,2857,2857
results/revision_restart/phase8/pdf_renders/main_blinded_p01.png,unchanged,13941b3629da315688904b84246b140fd4463e929e56ec5138a23fbd53743817,13941b3629da315688904b84246b140fd4463e929e56ec5138a23fbd53743817,141461,141461
results/revision_restart/phase8/pdf_renders/main_blinded_p06.png,unchanged,feb6b361fa2cd132df642fc047568ee41c8786b3471b34591f649d0983fc0da6,feb6b361fa2cd132df642fc047568ee41c8786b3471b34591f649d0983fc0da6,114102,114102
results/revision_restart/phase8/pdf_renders/main_blinded_p17.png,unchanged,af048d52aad2e00b1b483dc87ffbe38211687294b32f7369e2d9f629d6e90eca,af048d52aad2e00b1b483dc87ffbe38211687294b32f7369e2d9f629d6e90eca,149402,149402
results/revision_restart/phase8/pdf_renders/main_unblinded_p01.png,unchanged,5e7c7666d7aa32825746cc86ae74fd7a361f70dcfefbf6f82c8d079066de80ec,5e7c7666d7aa32825746cc86ae74fd7a361f70dcfefbf6f82c8d079066de80ec,152957,152957
results/revision_restart/phase8/pdf_renders/main_unblinded_p04.png,unchanged,d60402ffef22ca59be4e497317d07be5dde8808065675c7a625ae283dd843ff1,d60402ffef22ca59be4e497317d07be5dde8808065675c7a625ae283dd843ff1,161226,161226
results/revision_restart/phase8/pdf_renders/main_unblinded_p06.png,unchanged,feb6b361fa2cd132df642fc047568ee41c8786b3471b34591f649d0983fc0da6,feb6b361fa2cd132df642fc047568ee41c8786b3471b34591f649d0983fc0da6,114102,114102
results/revision_restart/phase8/pdf_renders/main_unblinded_p07.png,unchanged,ddd277ef05fdf4ab9d35693a440a9d005032682ac393fe5a57cd28fb724d4e14,ddd277ef05fdf4ab9d35693a440a9d005032682ac393fe5a57cd28fb724d4e14,176696,176696
results/revision_restart/phase8/pdf_renders/main_unblinded_p08.png,unchanged,dea19260266dd266cb86e254f068367ce1cd897ee72017a05777e0b6083be10a,dea19260266dd266cb86e254f068367ce1cd897ee72017a05777e0b6083be10a,46007,46007
results/revision_restart/phase8/pdf_renders/main_unblinded_p10.png,unchanged,ffab1a8eb2a5ad66792c9c8ffbe3d5ade3fe0ec8050cd06ff37a4435adaf818b,ffab1a8eb2a5ad66792c9c8ffbe3d5ade3fe0ec8050cd06ff37a4435adaf818b,110040,110040
results/revision_restart/phase8/pdf_renders/main_unblinded_p12.png,unchanged,2cd4212aeb9dfbcf0277c14cf82d49b495589252b91f998a7524141aefd3ef53,2cd4212aeb9dfbcf0277c14cf82d49b495589252b91f998a7524141aefd3ef53,152415,152415
results/revision_restart/phase8/pdf_renders/main_unblinded_p14.png,unchanged,e5abd53f3dafff4f4706a82eb2285f7fe525d4b5fe284ae09dbca2660b93cc82,e5abd53f3dafff4f4706a82eb2285f7fe525d4b5fe284ae09dbca2660b93cc82,154008,154008
results/revision_restart/phase8/pdf_renders/main_unblinded_p18.png,unchanged,ec9294b4b69a16ffd149f53fe0ed41ca2bd09baa8e5c7b15f75147485b22c1a2,ec9294b4b69a16ffd149f53fe0ed41ca2bd09baa8e5c7b15f75147485b22c1a2,16187,16187
results/revision_restart/phase8/pdf_renders/supplement_p01.png,unchanged,ae91c9239067491f94d9aaf346aaea22b62d4502581252e92252ee26e8304db6,ae91c9239067491f94d9aaf346aaea22b62d4502581252e92252ee26e8304db6,106662,106662
results/revision_restart/phase8/pdf_renders/supplement_p05.png,unchanged,93974b124c921b91ca8aa72f79de0deada99e73790e4b04cdbcf932568f4e213,93974b124c921b91ca8aa72f79de0deada99e73790e4b04cdbcf932568f4e213,108102,108102
results/revision_restart/phase8/pdf_renders/supplement_p09.png,unchanged,6bb8e7f7c7685ab01483c5eab8c280421e4b9ffdc9badafd4d710476c228be27,6bb8e7f7c7685ab01483c5eab8c280421e4b9ffdc9badafd4d710476c228be27,108766,108766
results/revision_restart/phase8/pdf_renders/supplement_p11.png,unchanged,2954e348edf86e07df0a9ac2303220a1cec28c8bde702e26e9290aa5a1e91d03,2954e348edf86e07df0a9ac2303220a1cec28c8bde702e26e9290aa5a1e91d03,74671,74671
results/revision_restart/phase8/pdf_renders/target_journal_p01.png,unchanged,d92f75202af16d719f0b1b72eea0ff189f2aceba7918b49b236285438ef04cfc,d92f75202af16d719f0b1b72eea0ff189f2aceba7918b49b236285438ef04cfc,153505,153505
results/revision_restart/phase8/pdf_renders/target_journal_p06.png,unchanged,feb6b361fa2cd132df642fc047568ee41c8786b3471b34591f649d0983fc0da6,feb6b361fa2cd132df642fc047568ee41c8786b3471b34591f649d0983fc0da6,114102,114102
results/revision_restart/phase8/pdf_renders/target_journal_p17.png,unchanged,82bad81fdfa5538163cc51b7a6c07b3538d4cfd05e2ba95ec742bec55feebe90,82bad81fdfa5538163cc51b7a6c07b3538d4cfd05e2ba95ec742bec55feebe90,136323,136323
results/revision_restart/phase8/pdf_text/main_blinded.txt,unchanged,99238a1382a61818fe614e2fe1d167bb6c9e7294c8a91f4a22f87c27f69dede7,99238a1382a61818fe614e2fe1d167bb6c9e7294c8a91f4a22f87c27f69dede7,73777,73777
results/revision_restart/phase8/pdf_text/main_unblinded.txt,unchanged,57dfd75bf7990caa72952debda720de0503d59daf514deee6123996c08a93d2f,57dfd75bf7990caa72952debda720de0503d59daf514deee6123996c08a93d2f,74395,74395
results/revision_restart/phase8/pdf_text/supplement.txt,unchanged,1d65c1935915f190f64f71ac4b49217b008f95c32afa56c1cd37c99d6b28ba2d,1d65c1935915f190f64f71ac4b49217b008f95c32afa56c1cd37c99d6b28ba2d,27326,27326
results/revision_restart/phase8/pdf_text/target_journal.txt,unchanged,f9fc1851a33b1bbdb0ffffcc425c6186392dbb57e9d2ae2c4f4c500c31c0798e,f9fc1851a33b1bbdb0ffffcc425c6186392dbb57e9d2ae2c4f4c500c31c0798e,73651,73651
results/revision_restart/phase8/phase8_csv_parse_summary.csv,unchanged,8ef16116a2b29ef47b5c60f02bed2f1ce8091e9b600ac3bda44b835cb9bc091e,8ef16116a2b29ef47b5c60f02bed2f1ce8091e9b600ac3bda44b835cb9bc091e,643,643
results/revision_restart/phase8/phase8_latex_log_audit.csv,unchanged,f6e6efe1642057769441b19da11f918ef80961e3bccec9ae605ac6991d4f707d,f6e6efe1642057769441b19da11f918ef80961e3bccec9ae605ac6991d4f707d,2007,2007
results/revision_restart/phase8/phase8_package_checksum_audit.csv,unchanged,f0120b7fc1d5a67aa7fc40801b8d61ce558b17162530b58103bc074759697080,f0120b7fc1d5a67aa7fc40801b8d61ce558b17162530b58103bc074759697080,805,805
results/revision_restart/phase8/phase8_package_sync_audit.csv,unchanged,18472d6edbf297744b2254e25f109390397a9afdbe20a13f2a3a27af2ee8953c,18472d6edbf297744b2254e25f109390397a9afdbe20a13f2a3a27af2ee8953c,4152,4152
results/revision_restart/phase8/phase8_pdf_info.csv,unchanged,17c03f145e0fe6ba2679465abd7c56014a69f921293bba175df3a410172caf65,17c03f145e0fe6ba2679465abd7c56014a69f921293bba175df3a410172caf65,833,833
results/revision_restart/phase8/phase8_protected_model_result_hash_comparison.csv,unchanged,210369a68a7da311b8ff4fb8bf3d3f6124b4bcd74b3ccfb501ae90cacf4d6a0d,210369a68a7da311b8ff4fb8bf3d3f6124b4bcd74b3ccfb501ae90cacf4d6a0d,37765,37765
results/revision_restart/phase8/phase8_static_language_hits.csv,unchanged,81eb907589d5436f9b86a6abf4985b24bcd3224b28e21e163e593be1bae1a0c4,81eb907589d5436f9b86a6abf4985b24bcd3224b28e21e163e593be1bae1a0c4,38511,38511
results/revision_restart/phase9/phase9_archive_checksum_verification.csv,unchanged,b2500d18eb5569b801e3d2bf5a5f9a076f69bf98c677b95ca44263550ff545ea,b2500d18eb5569b801e3d2bf5a5f9a076f69bf98c677b95ca44263550ff545ea,1034,1034
results/revision_restart/phase9/phase9_blinded_identifier_audit.csv,unchanged,60a043be551a588755bae6399431f68cc40a018e4ba7b662b298d9a0688b8644,60a043be551a588755bae6399431f68cc40a018e4ba7b662b298d9a0688b8644,35,35
results/revision_restart/phase9/phase9_blinded_local_path_audit.csv,unchanged,60a043be551a588755bae6399431f68cc40a018e4ba7b662b298d9a0688b8644,60a043be551a588755bae6399431f68cc40a018e4ba7b662b298d9a0688b8644,35,35
results/revision_restart/phase9/phase9_figure_polish_audit.csv,unchanged,ada74ecf06a32636a1eb98c238e417cca6d01d30ccdc44e19598cb7e9f2616d7,ada74ecf06a32636a1eb98c238e417cca6d01d30ccdc44e19598cb7e9f2616d7,519,519
results/revision_restart/phase9/phase9_manifest_parse_summary.csv,unchanged,caf7d38e0f2f488aa977ff5f3702d3e05dd7718a680ea795c6176e804d60ecde,caf7d38e0f2f488aa977ff5f3702d3e05dd7718a680ea795c6176e804d60ecde,361,361
results/revision_restart/phase9/phase9_package_consistency_audit.csv,unchanged,087b3fad8cc0316e53b788cffba00df14a5e0253044f31c422576b97c9f22dcc,087b3fad8cc0316e53b788cffba00df14a5e0253044f31c422576b97c9f22dcc,859,859
results/revision_restart/phase9/phase9_package_doc_language_audit.csv,unchanged,60a043be551a588755bae6399431f68cc40a018e4ba7b662b298d9a0688b8644,60a043be551a588755bae6399431f68cc40a018e4ba7b662b298d9a0688b8644,35,35
results/revision_restart/phase9/phase9_package_summary.csv,unchanged,e0cbb5de79a7c16e4e7efa7e263dca5e9bac22305afd55b9d138469fc36cfcc0,e0cbb5de79a7c16e4e7efa7e263dca5e9bac22305afd55b9d138469fc36cfcc0,1046,1046
results/revision_restart/phase9/phase9_pi_coauthor_identifier_audit.csv,unchanged,7c1c9ae79483bb726681cb214d0fdbd63ce058e77e1deec836f04c96d1538cc0,7c1c9ae79483bb726681cb214d0fdbd63ce058e77e1deec836f04c96d1538cc0,2491,2491
results/revision_restart/phase9/phase9_pi_coauthor_local_path_audit.csv,unchanged,60a043be551a588755bae6399431f68cc40a018e4ba7b662b298d9a0688b8644,60a043be551a588755bae6399431f68cc40a018e4ba7b662b298d9a0688b8644,35,35
results/revision_restart/phase9/phase9_protected_hash_comparison.csv,unchanged,a488178175771aef846e82ece42140c6a7b18d1f8ae0cdc2d768e0f39628f513,a488178175771aef846e82ece42140c6a7b18d1f8ae0cdc2d768e0f39628f513,59508,59508
results/revision_restart/phase9/phase9_protected_hashes_after.csv,unchanged,5a952fff9ebfee21659bcafe69dc6b5c9e8f005f49acc66f885f100761eb9890,5a952fff9ebfee21659bcafe69dc6b5c9e8f005f49acc66f885f100761eb9890,38367,38367
results/revision_restart/phase9/phase9_protected_hashes_before.csv,unchanged,5a952fff9ebfee21659bcafe69dc6b5c9e8f005f49acc66f885f100761eb9890,5a952fff9ebfee21659bcafe69dc6b5c9e8f005f49acc66f885f100761eb9890,38367,38367
results/revision_restart/phase9/phase9_unblinded_identifier_audit.csv,unchanged,87775deb52cbabf7d7232efe7a5f4379aa8f5d75b3ce322753e3770354545c32,87775deb52cbabf7d7232efe7a5f4379aa8f5d75b3ce322753e3770354545c32,14072,14072
results/revision_restart/phase9/phase9_unblinded_local_path_audit.csv,unchanged,60a043be551a588755bae6399431f68cc40a018e4ba7b662b298d9a0688b8644,60a043be551a588755bae6399431f68cc40a018e4ba7b662b298d9a0688b8644,35,35
src/spine/__init__.py,unchanged,17e733f9c90fe30b88074d89265b8def182ca66208f82d94bf209a17c66b24bc,17e733f9c90fe30b88074d89265b8def182ca66208f82d94bf209a17c66b24bc,284,284
src/spine/active.py,unchanged,1d2cd0aa633fbf9c9da86c71a18febe337d537150e260f0cf5db55835f0e26fc,1d2cd0aa633fbf9c9da86c71a18febe337d537150e260f0cf5db55835f0e26fc,12653,12653
src/spine/channels.py,unchanged,b65c8dc8ebc7a5f1411dc0af5acd5dfbed1f04234009748817bcbe7b6043d5a7,b65c8dc8ebc7a5f1411dc0af5acd5dfbed1f04234009748817bcbe7b6043d5a7,9262,9262
src/spine/cli.py,unchanged,565549f3f2abeae096fd55aee0757b924eaed65d7fdb5b8ceb118053f3525e4b,565549f3f2abeae096fd55aee0757b924eaed65d7fdb5b8ceb118053f3525e4b,2735,2735
src/spine/compartments.py,unchanged,438a7e256391063ac0b817711e86544fe5144990f05a92af3e8e5092b3b2c812,438a7e256391063ac0b817711e86544fe5144990f05a92af3e8e5092b3b2c812,1086,1086
src/spine/config.py,unchanged,23213e43ee03972755fb0f0f65902f8157fcd3de11935efc3249266eaeacca0c,23213e43ee03972755fb0f0f65902f8157fcd3de11935efc3249266eaeacca0c,702,702
src/spine/geometry.py,unchanged,3e74adb91ad11297da96b222ad715852c0a9dcc0be0ae1c46480ae29bd940d68,3e74adb91ad11297da96b222ad715852c0a9dcc0be0ae1c46480ae29bd940d68,4234,4234
src/spine/impedance.py,unchanged,c8ee75e9ac7848c6dc78c2d0e9c245a020a1ef052d0b91b1fde98e507b2af483,c8ee75e9ac7848c6dc78c2d0e9c245a020a1ef052d0b91b1fde98e507b2af483,10918,10918
src/spine/io.py,unchanged,3bd7b060658286dc06b11e493b26ec7c81589617733c3936ed798aa4a18d438c,3bd7b060658286dc06b11e493b26ec7c81589617733c3936ed798aa4a18d438c,973,973
src/spine/metrics.py,unchanged,024af59bed7cb3d8480fb16bcf0d3fd2d301af516d2efd8e62f65b9e5a847722,024af59bed7cb3d8480fb16bcf0d3fd2d301af516d2efd8e62f65b9e5a847722,4279,4279
src/spine/morphology.py,unchanged,f9cf9271f5c88b878b31345459b5e63768b0939748220d0cc70c79c96d53beeb,f9cf9271f5c88b878b31345459b5e63768b0939748220d0cc70c79c96d53beeb,9062,9062
src/spine/network.py,unchanged,1f0e5cc86c30f1f2d587c1b67c2204ce2327e60ecbd12d75dad56589ae3c50f1,1f0e5cc86c30f1f2d587c1b67c2204ce2327e60ecbd12d75dad56589ae3c50f1,6076,6076
src/spine/passive.py,unchanged,19407d756e08303814ebc163d82641b7a66b684127f6b15632dc23f8d4c94254,19407d756e08303814ebc163d82641b7a66b684127f6b15632dc23f8d4c94254,7599,7599
src/spine/phase03.py,unchanged,154e151a214b7ce94ce37bfb81570de2d7d7c58d3bd86cc6ff12002a1fc4cf7b,154e151a214b7ce94ce37bfb81570de2d7d7c58d3bd86cc6ff12002a1fc4cf7b,29746,29746
src/spine/phase04.py,unchanged,1ed00065e85430996f7831c3085cdc545d39013e55bc6cf8a5deda295f344736,1ed00065e85430996f7831c3085cdc545d39013e55bc6cf8a5deda295f344736,31793,31793
src/spine/phase05.py,unchanged,6be8dc3faa6c234992f2ed37d42510ad04629c8f4cba581d210240a601cd0423,6be8dc3faa6c234992f2ed37d42510ad04629c8f4cba581d210240a601cd0423,42586,42586
src/spine/phase05_1.py,unchanged,69b0d453e58ec668964ea716babc092c0a31c382aa054e62b12eaad4be6744db,69b0d453e58ec668964ea716babc092c0a31c382aa054e62b12eaad4be6744db,25716,25716
src/spine/phase06.py,unchanged,016cfbcec53db54dcea3bf2570bcc3650e28b8cf176b0bc7c5b2bc11a7cc4282,016cfbcec53db54dcea3bf2570bcc3650e28b8cf176b0bc7c5b2bc11a7cc4282,45802,45802
src/spine/plotting.py,unchanged,95c26eb9924eff36868f963a089d95aa974d514b418e88d3416f741cdfe2c38f,95c26eb9924eff36868f963a089d95aa974d514b418e88d3416f741cdfe2c38f,1159,1159
src/spine/protocols.py,unchanged,5979da336c50cd03881d588a4a9b8f6de74070129d7128ffee5481358938009e,5979da336c50cd03881d588a4a9b8f6de74070129d7128ffee5481358938009e,26719,26719
src/spine/sensitivity.py,unchanged,31cef7f9022da0a5c9404d139d455b50c93a7175e2fe07e217f3064bf80d140c,31cef7f9022da0a5c9404d139d455b50c93a7175e2fe07e217f3064bf80d140c,67,67
src/spine/solvers.py,unchanged,2d6370b6ce09dd212086130c06fc63a624512df178629b1572ff2e04c3abf9c0,2d6370b6ce09dd212086130c06fc63a624512df178629b1572ff2e04c3abf9c0,130,130
src/spine/sweeps.py,unchanged,538b6d8ed78eb6d6b4a0d07c13c5776d1373b76a610b550a284ea031ec993ff4,538b6d8ed78eb6d6b4a0d07c13c5776d1373b76a610b550a284ea031ec993ff4,67,67
src/spine/synapses.py,unchanged,500fdb262c27c54301e04607e123d4f168ba1d36a78ec5391634076e2b881c42,500fdb262c27c54301e04607e123d4f168ba1d36a78ec5391634076e2b881c42,9326,9326
src/spine/units.py,unchanged,03d1758eb421d74c80543894f186683ef1106c81d3867c13ca60e5e7dfec0a45,03d1758eb421d74c80543894f186683ef1106c81d3867c13ca60e5e7dfec0a45,2154,2154
src/spine/validation.py,unchanged,0c40a14ac87df796db6971a3e5d8c7c496c709ce67a876f0333044b706ee1823,0c40a14ac87df796db6971a3e5d8c7c496c709ce67a876f0333044b706ee1823,76,76
tests/test_config.py,unchanged,820b813b8d707a9b32feae2f35d699684d7f96c30a138d2e6b0db0f7c9431f71,820b813b8d707a9b32feae2f35d699684d7f96c30a138d2e6b0db0f7c9431f71,760,760
tests/test_import.py,unchanged,78b67735ff3a56dfa1f8f6f398cd5940c62bd5ad9e4897fc9871a464f7a43bd1,78b67735ff3a56dfa1f8f6f398cd5940c62bd5ad9e4897fc9871a464f7a43bd1,164,164
tests/test_phase01_passive_core.py,unchanged,0204abcac10e20848ef2c26241476e9854b32f00347e77af37706f2ece1b60f5,0204abcac10e20848ef2c26241476e9854b32f00347e77af37706f2ece1b60f5,7483,7483
tests/test_phase02_reproduction_outputs.py,unchanged,619d0e6cb489ef6fefaa8220077a110aae2e28f61ad96fc133aa115499fc2f33,619d0e6cb489ef6fefaa8220077a110aae2e28f61ad96fc133aa115499fc2f33,2736,2736
tests/test_phase03_morphology_impedance.py,unchanged,d5551d9c812bfc34ae50fdc17f9028c03731180fda019720f656c160b3b1f298,d5551d9c812bfc34ae50fdc17f9028c03731180fda019720f656c160b3b1f298,4612,4612
tests/test_phase04_active_nonlinear.py,unchanged,d154f0c8ac61a817dbb65a45fcce6cda705083cd2eb427a69d2f552cfa43b025,d154f0c8ac61a817dbb65a45fcce6cda705083cd2eb427a69d2f552cfa43b025,4580,4580
tests/test_phase05_1_convergence_audit.py,unchanged,daa5d7ff94ebda1fb51960ef3133536f311b2b6180bb8b3d0d7ddcea9dfcc84a,daa5d7ff94ebda1fb51960ef3133536f311b2b6180bb8b3d0d7ddcea9dfcc84a,4552,4552
tests/test_phase05_sensitivity_statistics.py,unchanged,39198fb2b6906fc016f3337c1fef76606f32e9ee2c2289d0739b8b8f09622101,39198fb2b6906fc016f3337c1fef76606f32e9ee2c2289d0739b8b8f09622101,5608,5608
tests/test_phase06_epilepsy_exploratory.py,unchanged,2b04d4cd2c8cb4641de8c1434b3b311f9551ebaf24fa6fabf3b1d99ee2a1d46d,2b04d4cd2c8cb4641de8c1434b3b311f9551ebaf24fa6fabf3b1d99ee2a1d46d,4053,4053
tests/test_phase07_release_package.py,unchanged,3cce223a4a06f30064d15503d0dd95a3e33bc59d7c62556f5b78339ac615b4de,3cce223a4a06f30064d15503d0dd95a3e33bc59d7c62556f5b78339ac615b4de,4332,4332
tests/test_phase08_manuscript_package.py,unchanged,ebfc373e50bcc5a4d67a3ad59ded52d0d416a4ad66516f5577c58d360939a8b0,ebfc373e50bcc5a4d67a3ad59ded52d0d416a4ad66516f5577c58d360939a8b0,5100,5100
tests/test_units.py,unchanged,63e1d4fd807b4846192c079f03298a3eaa1ac8262359f2e026c19cf404992a81,63e1d4fd807b4846192c079f03298a3eaa1ac8262359f2e026c19cf404992a81,1027,1027
