figure_id,panel_id,plot_role,row_id,citation_short,measured_or_model,marker_group,load_model_id,x_variable,y_variable,x_value,y_value,rho_L,Gamma_div,rho_L_class,visual_encoding,source_table,claim_supported,caveat
phase2a_summary_route1_decision_gate,A,divider_curve,divider_curve,analytic divider,analytic,analytic_curve,source_native,rho_L,Gamma_div,0.03,0.9708737864,0.03,0.9708737864,low_lt_0p25,black line,analytic Gamma_div=1/(1+rho_L),Divider mapping used for summary anchor placement.,Analytic curve only; not empirical data.
phase2a_summary_route1_decision_gate,A,divider_curve,divider_curve,analytic divider,analytic,analytic_curve,source_native,rho_L,Gamma_div,0.03144181055,0.9695166414,0.03144181055,0.9695166414,low_lt_0p25,black line,analytic Gamma_div=1/(1+rho_L),Divider mapping used for summary anchor placement.,Analytic curve only; not empirical data.
phase2a_summary_route1_decision_gate,A,divider_curve,divider_curve,analytic divider,analytic,analytic_curve,source_native,rho_L,Gamma_div,0.03295291503,0.9680983377,0.03295291503,0.9680983377,low_lt_0p25,black line,analytic Gamma_div=1/(1+rho_L),Divider mapping used for summary anchor placement.,Analytic curve only; not empirical data.
phase2a_summary_route1_decision_gate,A,divider_curve,divider_curve,analytic divider,analytic,analytic_curve,source_native,rho_L,Gamma_div,0.03453664371,0.9666163167,0.03453664371,0.9666163167,low_lt_0p25,black line,analytic Gamma_div=1/(1+rho_L),Divider mapping used for summary anchor placement.,Analytic curve only; not empirical data.
phase2a_summary_route1_decision_gate,A,divider_curve,divider_curve,analytic divider,analytic,analytic_curve,source_native,rho_L,Gamma_div,0.03619648696,0.9650679312,0.03619648696,0.9650679312,low_lt_0p25,black line,analytic Gamma_div=1/(1+rho_L),Divider mapping used for summary anchor placement.,Analytic curve only; not empirical data.
phase2a_summary_route1_decision_gate,A,divider_curve,divider_curve,analytic divider,analytic,analytic_curve,source_native,rho_L,Gamma_div,0.03793610285,0.9634504448,0.03793610285,0.9634504448,low_lt_0p25,black line,analytic Gamma_div=1/(1+rho_L),Divider mapping used for summary anchor placement.,Analytic curve only; not empirical data.
phase2a_summary_route1_decision_gate,A,divider_curve,divider_curve,analytic divider,analytic,analytic_curve,source_native,rho_L,Gamma_div,0.03975932529,0.9617610303,0.03975932529,0.9617610303,low_lt_0p25,black line,analytic Gamma_div=1/(1+rho_L),Divider mapping used for summary anchor placement.,Analytic curve only; not empirical data.
phase2a_summary_route1_decision_gate,A,divider_curve,divider_curve,analytic divider,analytic,analytic_curve,source_native,rho_L,Gamma_div,0.04167017245,0.9599967691,0.04167017245,0.9599967691,low_lt_0p25,black line,analytic Gamma_div=1/(1+rho_L),Divider mapping used for summary anchor placement.,Analytic curve only; not empirical data.
phase2a_summary_route1_decision_gate,A,divider_curve,divider_curve,analytic divider,analytic,analytic_curve,source_native,rho_L,Gamma_div,0.0436728556,0.9581546503,0.0436728556,0.9581546503,low_lt_0p25,black line,analytic Gamma_div=1/(1+rho_L),Divider mapping used for summary anchor placement.,Analytic curve only; not empirical data.
phase2a_summary_route1_decision_gate,A,divider_curve,divider_curve,analytic divider,analytic,analytic_curve,source_native,rho_L,Gamma_div,0.0457717884,0.9562315709,0.0457717884,0.9562315709,low_lt_0p25,black line,analytic Gamma_div=1/(1+rho_L),Divider mapping used for summary anchor placement.,Analytic curve only; not empirical data.
phase2a_summary_route1_decision_gate,A,divider_curve,divider_curve,analytic divider,analytic,analytic_curve,source_native,rho_L,Gamma_div,0.04797159665,0.9542243351,0.04797159665,0.9542243351,low_lt_0p25,black line,analytic Gamma_div=1/(1+rho_L),Divider mapping used for summary anchor placement.,Analytic curve only; not empirical data.
phase2a_summary_route1_decision_gate,A,divider_curve,divider_curve,analytic divider,analytic,analytic_curve,source_native,rho_L,Gamma_div,0.05027712845,0.952129655,0.05027712845,0.952129655,low_lt_0p25,black line,analytic Gamma_div=1/(1+rho_L),Divider mapping used for summary anchor placement.,Analytic curve only; not empirical data.
phase2a_summary_route1_decision_gate,A,divider_curve,divider_curve,analytic divider,analytic,analytic_curve,source_native,rho_L,Gamma_div,0.05269346493,0.9499441512,0.05269346493,0.9499441512,low_lt_0p25,black line,analytic Gamma_div=1/(1+rho_L),Divider mapping used for summary anchor placement.,Analytic curve only; not empirical data.
phase2a_summary_route1_decision_gate,A,divider_curve,divider_curve,analytic divider,analytic,analytic_curve,source_native,rho_L,Gamma_div,0.05522593139,0.9476643534,0.05522593139,0.9476643534,low_lt_0p25,black line,analytic Gamma_div=1/(1+rho_L),Divider mapping used for summary anchor placement.,Analytic curve only; not empirical data.
phase2a_summary_route1_decision_gate,A,divider_curve,divider_curve,analytic divider,analytic,analytic_curve,source_native,rho_L,Gamma_div,0.05788010907,0.9452867026,0.05788010907,0.9452867026,low_lt_0p25,black line,analytic Gamma_div=1/(1+rho_L),Divider mapping used for summary anchor placement.,Analytic curve only; not empirical data.
phase2a_summary_route1_decision_gate,A,divider_curve,divider_curve,analytic divider,analytic,analytic_curve,source_native,rho_L,Gamma_div,0.06066184747,0.9428075521,0.06066184747,0.9428075521,low_lt_0p25,black line,analytic Gamma_div=1/(1+rho_L),Divider mapping used for summary anchor placement.,Analytic curve only; not empirical data.
phase2a_summary_route1_decision_gate,A,divider_curve,divider_curve,analytic divider,analytic,analytic_curve,source_native,rho_L,Gamma_div,0.0635772772,0.9402231708,0.0635772772,0.9402231708,low_lt_0p25,black line,analytic Gamma_div=1/(1+rho_L),Divider mapping used for summary anchor placement.,Analytic curve only; not empirical data.
phase2a_summary_route1_decision_gate,A,divider_curve,divider_curve,analytic divider,analytic,analytic_curve,source_native,rho_L,Gamma_div,0.0666328235,0.9375297459,0.0666328235,0.9375297459,low_lt_0p25,black line,analytic Gamma_div=1/(1+rho_L),Divider mapping used for summary anchor placement.,Analytic curve only; not empirical data.
phase2a_summary_route1_decision_gate,A,divider_curve,divider_curve,analytic divider,analytic,analytic_curve,source_native,rho_L,Gamma_div,0.06983522044,0.9347233863,0.06983522044,0.9347233863,low_lt_0p25,black line,analytic Gamma_div=1/(1+rho_L),Divider mapping used for summary anchor placement.,Analytic curve only; not empirical data.
phase2a_summary_route1_decision_gate,A,divider_curve,divider_curve,analytic divider,analytic,analytic_curve,source_native,rho_L,Gamma_div,0.07319152569,0.9318001271,0.07319152569,0.9318001271,low_lt_0p25,black line,analytic Gamma_div=1/(1+rho_L),Divider mapping used for summary anchor placement.,Analytic curve only; not empirical data.
phase2a_summary_route1_decision_gate,A,divider_curve,divider_curve,analytic divider,analytic,analytic_curve,source_native,rho_L,Gamma_div,0.07670913616,0.9287559346,0.07670913616,0.9287559346,low_lt_0p25,black line,analytic Gamma_div=1/(1+rho_L),Divider mapping used for summary anchor placement.,Analytic curve only; not empirical data.
phase2a_summary_route1_decision_gate,A,divider_curve,divider_curve,analytic divider,analytic,analytic_curve,source_native,rho_L,Gamma_div,0.08039580422,0.9255867119,0.08039580422,0.9255867119,low_lt_0p25,black line,analytic Gamma_div=1/(1+rho_L),Divider mapping used for summary anchor placement.,Analytic curve only; not empirical data.
phase2a_summary_route1_decision_gate,A,divider_curve,divider_curve,analytic divider,analytic,analytic_curve,source_native,rho_L,Gamma_div,0.08425965485,0.9222883057,0.08425965485,0.9222883057,low_lt_0p25,black line,analytic Gamma_div=1/(1+rho_L),Divider mapping used for summary anchor placement.,Analytic curve only; not empirical data.
phase2a_summary_route1_decision_gate,A,divider_curve,divider_curve,analytic divider,analytic,analytic_curve,source_native,rho_L,Gamma_div,0.0883092035,0.9188565132,0.0883092035,0.9188565132,low_lt_0p25,black line,analytic Gamma_div=1/(1+rho_L),Divider mapping used for summary anchor placement.,Analytic curve only; not empirical data.
phase2a_summary_route1_decision_gate,A,divider_curve,divider_curve,analytic divider,analytic,analytic_curve,source_native,rho_L,Gamma_div,0.09255337488,0.9152870908,0.09255337488,0.9152870908,low_lt_0p25,black line,analytic Gamma_div=1/(1+rho_L),Divider mapping used for summary anchor placement.,Analytic curve only; not empirical data.
phase2a_summary_route1_decision_gate,A,divider_curve,divider_curve,analytic divider,analytic,analytic_curve,source_native,rho_L,Gamma_div,0.09700152263,0.911575763,0.09700152263,0.911575763,low_lt_0p25,black line,analytic Gamma_div=1/(1+rho_L),Divider mapping used for summary anchor placement.,Analytic curve only; not empirical data.
phase2a_summary_route1_decision_gate,A,divider_curve,divider_curve,analytic divider,analytic,analytic_curve,source_native,rho_L,Gamma_div,0.1016634499,0.9077182329,0.1016634499,0.9077182329,low_lt_0p25,black line,analytic Gamma_div=1/(1+rho_L),Divider mapping used for summary anchor placement.,Analytic curve only; not empirical data.
phase2a_summary_route1_decision_gate,A,divider_curve,divider_curve,analytic divider,analytic,analytic_curve,source_native,rho_L,Gamma_div,0.1065494311,0.9037101931,0.1065494311,0.9037101931,low_lt_0p25,black line,analytic Gamma_div=1/(1+rho_L),Divider mapping used for summary anchor placement.,Analytic curve only; not empirical data.
phase2a_summary_route1_decision_gate,A,divider_curve,divider_curve,analytic divider,analytic,analytic_curve,source_native,rho_L,Gamma_div,0.1116702342,0.8995473381,0.1116702342,0.8995473381,low_lt_0p25,black line,analytic Gamma_div=1/(1+rho_L),Divider mapping used for summary anchor placement.,Analytic curve only; not empirical data.
phase2a_summary_route1_decision_gate,A,divider_curve,divider_curve,analytic divider,analytic,analytic_curve,source_native,rho_L,Gamma_div,0.1170371449,0.8952253777,0.1170371449,0.8952253777,low_lt_0p25,black line,analytic Gamma_div=1/(1+rho_L),Divider mapping used for summary anchor placement.,Analytic curve only; not empirical data.
phase2a_summary_route1_decision_gate,A,divider_curve,divider_curve,analytic divider,analytic,analytic_curve,source_native,rho_L,Gamma_div,0.1226619913,0.8907400515,0.1226619913,0.8907400515,low_lt_0p25,black line,analytic Gamma_div=1/(1+rho_L),Divider mapping used for summary anchor placement.,Analytic curve only; not empirical data.
phase2a_summary_route1_decision_gate,A,divider_curve,divider_curve,analytic divider,analytic,analytic_curve,source_native,rho_L,Gamma_div,0.1285571697,0.8860871446,0.1285571697,0.8860871446,low_lt_0p25,black line,analytic Gamma_div=1/(1+rho_L),Divider mapping used for summary anchor placement.,Analytic curve only; not empirical data.
phase2a_summary_route1_decision_gate,A,divider_curve,divider_curve,analytic divider,analytic,analytic_curve,source_native,rho_L,Gamma_div,0.1347356725,0.8812625039,0.1347356725,0.8812625039,low_lt_0p25,black line,analytic Gamma_div=1/(1+rho_L),Divider mapping used for summary anchor placement.,Analytic curve only; not empirical data.
phase2a_summary_route1_decision_gate,A,divider_curve,divider_curve,analytic divider,analytic,analytic_curve,source_native,rho_L,Gamma_div,0.1412111163,0.8762620568,0.1412111163,0.8762620568,low_lt_0p25,black line,analytic Gamma_div=1/(1+rho_L),Divider mapping used for summary anchor placement.,Analytic curve only; not empirical data.
phase2a_summary_route1_decision_gate,A,divider_curve,divider_curve,analytic divider,analytic,analytic_curve,source_native,rho_L,Gamma_div,0.1479977723,0.8710818297,0.1479977723,0.8710818297,low_lt_0p25,black line,analytic Gamma_div=1/(1+rho_L),Divider mapping used for summary anchor placement.,Analytic curve only; not empirical data.
phase2a_summary_route1_decision_gate,A,divider_curve,divider_curve,analytic divider,analytic,analytic_curve,source_native,rho_L,Gamma_div,0.1551105973,0.8657179688,0.1551105973,0.8657179688,low_lt_0p25,black line,analytic Gamma_div=1/(1+rho_L),Divider mapping used for summary anchor placement.,Analytic curve only; not empirical data.
phase2a_summary_route1_decision_gate,A,divider_curve,divider_curve,analytic divider,analytic,analytic_curve,source_native,rho_L,Gamma_div,0.1625652671,0.8601667608,0.1625652671,0.8601667608,low_lt_0p25,black line,analytic Gamma_div=1/(1+rho_L),Divider mapping used for summary anchor placement.,Analytic curve only; not empirical data.
phase2a_summary_route1_decision_gate,A,divider_curve,divider_curve,analytic divider,analytic,analytic_curve,source_native,rho_L,Gamma_div,0.170378211,0.8544246557,0.170378211,0.8544246557,low_lt_0p25,black line,analytic Gamma_div=1/(1+rho_L),Divider mapping used for summary anchor placement.,Analytic curve only; not empirical data.
phase2a_summary_route1_decision_gate,A,divider_curve,divider_curve,analytic divider,analytic,analytic_curve,source_native,rho_L,Gamma_div,0.1785666478,0.8484882903,0.1785666478,0.8484882903,low_lt_0p25,black line,analytic Gamma_div=1/(1+rho_L),Divider mapping used for summary anchor placement.,Analytic curve only; not empirical data.
phase2a_summary_route1_decision_gate,A,divider_curve,divider_curve,analytic divider,analytic,analytic_curve,source_native,rho_L,Gamma_div,0.1871486237,0.8423545124,0.1871486237,0.8423545124,low_lt_0p25,black line,analytic Gamma_div=1/(1+rho_L),Divider mapping used for summary anchor placement.,Analytic curve only; not empirical data.
phase2a_summary_route1_decision_gate,A,divider_curve,divider_curve,analytic divider,analytic,analytic_curve,source_native,rho_L,Gamma_div,0.1961430523,0.8360204058,0.1961430523,0.8360204058,low_lt_0p25,black line,analytic Gamma_div=1/(1+rho_L),Divider mapping used for summary anchor placement.,Analytic curve only; not empirical data.
phase2a_summary_route1_decision_gate,A,divider_curve,divider_curve,analytic divider,analytic,analytic_curve,source_native,rho_L,Gamma_div,0.2055697564,0.8294833166,0.2055697564,0.8294833166,low_lt_0p25,black line,analytic Gamma_div=1/(1+rho_L),Divider mapping used for summary anchor placement.,Analytic curve only; not empirical data.
phase2a_summary_route1_decision_gate,A,divider_curve,divider_curve,analytic divider,analytic,analytic_curve,source_native,rho_L,Gamma_div,0.2154495112,0.8227408796,0.2154495112,0.8227408796,low_lt_0p25,black line,analytic Gamma_div=1/(1+rho_L),Divider mapping used for summary anchor placement.,Analytic curve only; not empirical data.
phase2a_summary_route1_decision_gate,A,divider_curve,divider_curve,analytic divider,analytic,analytic_curve,source_native,rho_L,Gamma_div,0.2258040905,0.815791045,0.2258040905,0.815791045,low_lt_0p25,black line,analytic Gamma_div=1/(1+rho_L),Divider mapping used for summary anchor placement.,Analytic curve only; not empirical data.
phase2a_summary_route1_decision_gate,A,divider_curve,divider_curve,analytic divider,analytic,analytic_curve,source_native,rho_L,Gamma_div,0.2366563145,0.808632106,0.2366563145,0.808632106,low_lt_0p25,black line,analytic Gamma_div=1/(1+rho_L),Divider mapping used for summary anchor placement.,Analytic curve only; not empirical data.
phase2a_summary_route1_decision_gate,A,divider_curve,divider_curve,analytic divider,analytic,analytic_curve,source_native,rho_L,Gamma_div,0.2480301002,0.8012627258,0.2480301002,0.8012627258,low_lt_0p25,black line,analytic Gamma_div=1/(1+rho_L),Divider mapping used for summary anchor placement.,Analytic curve only; not empirical data.
phase2a_summary_route1_decision_gate,A,divider_curve,divider_curve,analytic divider,analytic,analytic_curve,source_native,rho_L,Gamma_div,0.2599505141,0.7936819651,0.2599505141,0.7936819651,intermediate_0p25_to_lt_0p75,black line,analytic Gamma_div=1/(1+rho_L),Divider mapping used for summary anchor placement.,Analytic curve only; not empirical data.
phase2a_summary_route1_decision_gate,A,divider_curve,divider_curve,analytic divider,analytic,analytic_curve,source_native,rho_L,Gamma_div,0.2724438272,0.7858893089,0.2724438272,0.7858893089,intermediate_0p25_to_lt_0p75,black line,analytic Gamma_div=1/(1+rho_L),Divider mapping used for summary anchor placement.,Analytic curve only; not empirical data.
phase2a_summary_route1_decision_gate,A,divider_curve,divider_curve,analytic divider,analytic,analytic_curve,source_native,rho_L,Gamma_div,0.2855375734,0.7778846925,0.2855375734,0.7778846925,intermediate_0p25_to_lt_0p75,black line,analytic Gamma_div=1/(1+rho_L),Divider mapping used for summary anchor placement.,Analytic curve only; not empirical data.
phase2a_summary_route1_decision_gate,A,divider_curve,divider_curve,analytic divider,analytic,analytic_curve,source_native,rho_L,Gamma_div,0.2992606096,0.7696685273,0.2992606096,0.7696685273,intermediate_0p25_to_lt_0p75,black line,analytic Gamma_div=1/(1+rho_L),Divider mapping used for summary anchor placement.,Analytic curve only; not empirical data.
phase2a_summary_route1_decision_gate,A,divider_curve,divider_curve,analytic divider,analytic,analytic_curve,source_native,rho_L,Gamma_div,0.3136431797,0.7612417249,0.3136431797,0.7612417249,intermediate_0p25_to_lt_0p75,black line,analytic Gamma_div=1/(1+rho_L),Divider mapping used for summary anchor placement.,Analytic curve only; not empirical data.
phase2a_summary_route1_decision_gate,A,divider_curve,divider_curve,analytic divider,analytic,analytic_curve,source_native,rho_L,Gamma_div,0.3287169813,0.7526057197,0.3287169813,0.7526057197,intermediate_0p25_to_lt_0p75,black line,analytic Gamma_div=1/(1+rho_L),Divider mapping used for summary anchor placement.,Analytic curve only; not empirical data.
phase2a_summary_route1_decision_gate,A,divider_curve,divider_curve,analytic divider,analytic,analytic_curve,source_native,rho_L,Gamma_div,0.344515235,0.7437624907,0.344515235,0.7437624907,intermediate_0p25_to_lt_0p75,black line,analytic Gamma_div=1/(1+rho_L),Divider mapping used for summary anchor placement.,Analytic curve only; not empirical data.
phase2a_summary_route1_decision_gate,A,divider_curve,divider_curve,analytic divider,analytic,analytic_curve,source_native,rho_L,Gamma_div,0.3610727584,0.73471458,0.3610727584,0.73471458,intermediate_0p25_to_lt_0p75,black line,analytic Gamma_div=1/(1+rho_L),Divider mapping used for summary anchor placement.,Analytic curve only; not empirical data.
phase2a_summary_route1_decision_gate,A,divider_curve,divider_curve,analytic divider,analytic,analytic_curve,source_native,rho_L,Gamma_div,0.3784260421,0.7254651098,0.3784260421,0.7254651098,intermediate_0p25_to_lt_0p75,black line,analytic Gamma_div=1/(1+rho_L),Divider mapping used for summary anchor placement.,Analytic curve only; not empirical data.
phase2a_summary_route1_decision_gate,A,divider_curve,divider_curve,analytic divider,analytic,analytic_curve,source_native,rho_L,Gamma_div,0.3966133308,0.7160177967,0.3966133308,0.7160177967,intermediate_0p25_to_lt_0p75,black line,analytic Gamma_div=1/(1+rho_L),Divider mapping used for summary anchor placement.,Analytic curve only; not empirical data.
phase2a_summary_route1_decision_gate,A,divider_curve,divider_curve,analytic divider,analytic,analytic_curve,source_native,rho_L,Gamma_div,0.415674707,0.7063769629,0.415674707,0.7063769629,intermediate_0p25_to_lt_0p75,black line,analytic Gamma_div=1/(1+rho_L),Divider mapping used for summary anchor placement.,Analytic curve only; not empirical data.
phase2a_summary_route1_decision_gate,A,divider_curve,divider_curve,analytic divider,analytic,analytic_curve,source_native,rho_L,Gamma_div,0.4356521796,0.6965475442,0.4356521796,0.6965475442,intermediate_0p25_to_lt_0p75,black line,analytic Gamma_div=1/(1+rho_L),Divider mapping used for summary anchor placement.,Analytic curve only; not empirical data.
phase2a_summary_route1_decision_gate,A,divider_curve,divider_curve,analytic divider,analytic,analytic_curve,source_native,rho_L,Gamma_div,0.4565897766,0.6865350946,0.4565897766,0.6865350946,intermediate_0p25_to_lt_0p75,black line,analytic Gamma_div=1/(1+rho_L),Divider mapping used for summary anchor placement.,Analytic curve only; not empirical data.
phase2a_summary_route1_decision_gate,A,divider_curve,divider_curve,analytic divider,analytic,analytic_curve,source_native,rho_L,Gamma_div,0.4785336418,0.6763457873,0.4785336418,0.6763457873,intermediate_0p25_to_lt_0p75,black line,analytic Gamma_div=1/(1+rho_L),Divider mapping used for summary anchor placement.,Analytic curve only; not empirical data.
phase2a_summary_route1_decision_gate,A,divider_curve,divider_curve,analytic divider,analytic,analytic_curve,source_native,rho_L,Gamma_div,0.501532137,0.6659864117,0.501532137,0.6659864117,intermediate_0p25_to_lt_0p75,black line,analytic Gamma_div=1/(1+rho_L),Divider mapping used for summary anchor placement.,Analytic curve only; not empirical data.
phase2a_summary_route1_decision_gate,A,divider_curve,divider_curve,analytic divider,analytic,analytic_curve,source_native,rho_L,Gamma_div,0.5256359479,0.6554643664,0.5256359479,0.6554643664,intermediate_0p25_to_lt_0p75,black line,analytic Gamma_div=1/(1+rho_L),Divider mapping used for summary anchor placement.,Analytic curve only; not empirical data.
phase2a_summary_route1_decision_gate,A,divider_curve,divider_curve,analytic divider,analytic,analytic_curve,source_native,rho_L,Gamma_div,0.5508981964,0.6447876478,0.5508981964,0.6447876478,intermediate_0p25_to_lt_0p75,black line,analytic Gamma_div=1/(1+rho_L),Divider mapping used for summary anchor placement.,Analytic curve only; not empirical data.
phase2a_summary_route1_decision_gate,A,divider_curve,divider_curve,analytic divider,analytic,analytic_curve,source_native,rho_L,Gamma_div,0.5773745575,0.6339648343,0.5773745575,0.6339648343,intermediate_0p25_to_lt_0p75,black line,analytic Gamma_div=1/(1+rho_L),Divider mapping used for summary anchor placement.,Analytic curve only; not empirical data.
phase2a_summary_route1_decision_gate,A,divider_curve,divider_curve,analytic divider,analytic,analytic_curve,source_native,rho_L,Gamma_div,0.6051233818,0.623005067,0.6051233818,0.623005067,intermediate_0p25_to_lt_0p75,black line,analytic Gamma_div=1/(1+rho_L),Divider mapping used for summary anchor placement.,Analytic curve only; not empirical data.
phase2a_summary_route1_decision_gate,A,divider_curve,divider_curve,analytic divider,analytic,analytic_curve,source_native,rho_L,Gamma_div,0.6342058243,0.6119180247,0.6342058243,0.6119180247,intermediate_0p25_to_lt_0p75,black line,analytic Gamma_div=1/(1+rho_L),Divider mapping used for summary anchor placement.,Analytic curve only; not empirical data.
phase2a_summary_route1_decision_gate,A,divider_curve,divider_curve,analytic divider,analytic,analytic_curve,source_native,rho_L,Gamma_div,0.6646859793,0.6007138958,0.6646859793,0.6007138958,intermediate_0p25_to_lt_0p75,black line,analytic Gamma_div=1/(1+rho_L),Divider mapping used for summary anchor placement.,Analytic curve only; not empirical data.
phase2a_summary_route1_decision_gate,A,divider_curve,divider_curve,analytic divider,analytic,analytic_curve,source_native,rho_L,Gamma_div,0.6966310213,0.5894033455,0.6966310213,0.5894033455,intermediate_0p25_to_lt_0p75,black line,analytic Gamma_div=1/(1+rho_L),Divider mapping used for summary anchor placement.,Analytic curve only; not empirical data.
phase2a_summary_route1_decision_gate,A,divider_curve,divider_curve,analytic divider,analytic,analytic_curve,source_native,rho_L,Gamma_div,0.7301113532,0.5779974787,0.7301113532,0.5779974787,intermediate_0p25_to_lt_0p75,black line,analytic Gamma_div=1/(1+rho_L),Divider mapping used for summary anchor placement.,Analytic curve only; not empirical data.
phase2a_summary_route1_decision_gate,A,divider_curve,divider_curve,analytic divider,analytic,analytic_curve,source_native,rho_L,Gamma_div,0.7652007616,0.5665078,0.7652007616,0.5665078,high_gte_0p75,black line,analytic Gamma_div=1/(1+rho_L),Divider mapping used for summary anchor placement.,Analytic curve only; not empirical data.
phase2a_summary_route1_decision_gate,A,divider_curve,divider_curve,analytic divider,analytic,analytic_curve,source_native,rho_L,Gamma_div,0.8019765793,0.5549461694,0.8019765793,0.5549461694,high_gte_0p75,black line,analytic Gamma_div=1/(1+rho_L),Divider mapping used for summary anchor placement.,Analytic curve only; not empirical data.
phase2a_summary_route1_decision_gate,A,divider_curve,divider_curve,analytic divider,analytic,analytic_curve,source_native,rho_L,Gamma_div,0.8405198558,0.5433247552,0.8405198558,0.5433247552,high_gte_0p75,black line,analytic Gamma_div=1/(1+rho_L),Divider mapping used for summary anchor placement.,Analytic curve only; not empirical data.
phase2a_summary_route1_decision_gate,A,divider_curve,divider_curve,analytic divider,analytic,analytic_curve,source_native,rho_L,Gamma_div,0.8809155357,0.531655984,0.8809155357,0.531655984,high_gte_0p75,black line,analytic Gamma_div=1/(1+rho_L),Divider mapping used for summary anchor placement.,Analytic curve only; not empirical data.
phase2a_summary_route1_decision_gate,A,divider_curve,divider_curve,analytic divider,analytic,analytic_curve,source_native,rho_L,Gamma_div,0.9232526462,0.5199524888,0.9232526462,0.5199524888,high_gte_0p75,black line,analytic Gamma_div=1/(1+rho_L),Divider mapping used for summary anchor placement.,Analytic curve only; not empirical data.
phase2a_summary_route1_decision_gate,A,divider_curve,divider_curve,analytic divider,analytic,analytic_curve,source_native,rho_L,Gamma_div,0.9676244931,0.5082270543,0.9676244931,0.5082270543,high_gte_0p75,black line,analytic Gamma_div=1/(1+rho_L),Divider mapping used for summary anchor placement.,Analytic curve only; not empirical data.
phase2a_summary_route1_decision_gate,A,divider_curve,divider_curve,analytic divider,analytic,analytic_curve,source_native,rho_L,Gamma_div,1.014128867,0.4964925614,1.014128867,0.4964925614,high_gte_0p75,black line,analytic Gamma_div=1/(1+rho_L),Divider mapping used for summary anchor placement.,Analytic curve only; not empirical data.
phase2a_summary_route1_decision_gate,A,divider_curve,divider_curve,analytic divider,analytic,analytic_curve,source_native,rho_L,Gamma_div,1.062868257,0.4847619313,1.062868257,0.4847619313,high_gte_0p75,black line,analytic Gamma_div=1/(1+rho_L),Divider mapping used for summary anchor placement.,Analytic curve only; not empirical data.
phase2a_summary_route1_decision_gate,A,divider_curve,divider_curve,analytic divider,analytic,analytic_curve,source_native,rho_L,Gamma_div,1.113950079,0.4730480677,1.113950079,0.4730480677,high_gte_0p75,black line,analytic Gamma_div=1/(1+rho_L),Divider mapping used for summary anchor placement.,Analytic curve only; not empirical data.
phase2a_summary_route1_decision_gate,A,divider_curve,divider_curve,analytic divider,analytic,analytic_curve,source_native,rho_L,Gamma_div,1.167486911,0.461363801,1.167486911,0.461363801,high_gte_0p75,black line,analytic Gamma_div=1/(1+rho_L),Divider mapping used for summary anchor placement.,Analytic curve only; not empirical data.
phase2a_summary_route1_decision_gate,A,divider_curve,divider_curve,analytic divider,analytic,analytic_curve,source_native,rho_L,Gamma_div,1.223596743,0.4497218316,1.223596743,0.4497218316,high_gte_0p75,black line,analytic Gamma_div=1/(1+rho_L),Divider mapping used for summary anchor placement.,Analytic curve only; not empirical data.
phase2a_summary_route1_decision_gate,A,divider_curve,divider_curve,analytic divider,analytic,analytic_curve,source_native,rho_L,Gamma_div,1.282403233,0.4381346756,1.282403233,0.4381346756,high_gte_0p75,black line,analytic Gamma_div=1/(1+rho_L),Divider mapping used for summary anchor placement.,Analytic curve only; not empirical data.
phase2a_summary_route1_decision_gate,A,divider_curve,divider_curve,analytic divider,analytic,analytic_curve,source_native,rho_L,Gamma_div,1.344035983,0.4266146114,1.344035983,0.4266146114,high_gte_0p75,black line,analytic Gamma_div=1/(1+rho_L),Divider mapping used for summary anchor placement.,Analytic curve only; not empirical data.
phase2a_summary_route1_decision_gate,A,divider_curve,divider_curve,analytic divider,analytic,analytic_curve,source_native,rho_L,Gamma_div,1.408630825,0.4151736287,1.408630825,0.4151736287,high_gte_0p75,black line,analytic Gamma_div=1/(1+rho_L),Divider mapping used for summary anchor placement.,Analytic curve only; not empirical data.
phase2a_summary_route1_decision_gate,A,divider_curve,divider_curve,analytic divider,analytic,analytic_curve,source_native,rho_L,Gamma_div,1.476330118,0.4038233807,1.476330118,0.4038233807,high_gte_0p75,black line,analytic Gamma_div=1/(1+rho_L),Divider mapping used for summary anchor placement.,Analytic curve only; not empirical data.
phase2a_summary_route1_decision_gate,A,divider_curve,divider_curve,analytic divider,analytic,analytic_curve,source_native,rho_L,Gamma_div,1.547283063,0.392575138,1.547283063,0.392575138,high_gte_0p75,black line,analytic Gamma_div=1/(1+rho_L),Divider mapping used for summary anchor placement.,Analytic curve only; not empirical data.
phase2a_summary_route1_decision_gate,A,divider_curve,divider_curve,analytic divider,analytic,analytic_curve,source_native,rho_L,Gamma_div,1.621646031,0.3814397475,1.621646031,0.3814397475,high_gte_0p75,black line,analytic Gamma_div=1/(1+rho_L),Divider mapping used for summary anchor placement.,Analytic curve only; not empirical data.
phase2a_summary_route1_decision_gate,A,divider_curve,divider_curve,analytic divider,analytic,analytic_curve,source_native,rho_L,Gamma_div,1.69958291,0.3704275932,1.69958291,0.3704275932,high_gte_0p75,black line,analytic Gamma_div=1/(1+rho_L),Divider mapping used for summary anchor placement.,Analytic curve only; not empirical data.
phase2a_summary_route1_decision_gate,A,divider_curve,divider_curve,analytic divider,analytic,analytic_curve,source_native,rho_L,Gamma_div,1.781265462,0.3595485629,1.781265462,0.3595485629,high_gte_0p75,black line,analytic Gamma_div=1/(1+rho_L),Divider mapping used for summary anchor placement.,Analytic curve only; not empirical data.
phase2a_summary_route1_decision_gate,A,divider_curve,divider_curve,analytic divider,analytic,analytic_curve,source_native,rho_L,Gamma_div,1.866873707,0.348812017,1.866873707,0.348812017,high_gte_0p75,black line,analytic Gamma_div=1/(1+rho_L),Divider mapping used for summary anchor placement.,Analytic curve only; not empirical data.
phase2a_summary_route1_decision_gate,A,divider_curve,divider_curve,analytic divider,analytic,analytic_curve,source_native,rho_L,Gamma_div,1.956596314,0.3382267628,1.956596314,0.3382267628,high_gte_0p75,black line,analytic Gamma_div=1/(1+rho_L),Divider mapping used for summary anchor placement.,Analytic curve only; not empirical data.
phase2a_summary_route1_decision_gate,A,divider_curve,divider_curve,analytic divider,analytic,analytic_curve,source_native,rho_L,Gamma_div,2.050631021,0.327801033,2.050631021,0.327801033,high_gte_0p75,black line,analytic Gamma_div=1/(1+rho_L),Divider mapping used for summary anchor placement.,Analytic curve only; not empirical data.
phase2a_summary_route1_decision_gate,A,divider_curve,divider_curve,analytic divider,analytic,analytic_curve,source_native,rho_L,Gamma_div,2.149185069,0.3175424683,2.149185069,0.3175424683,high_gte_0p75,black line,analytic Gamma_div=1/(1+rho_L),Divider mapping used for summary anchor placement.,Analytic curve only; not empirical data.
phase2a_summary_route1_decision_gate,A,divider_curve,divider_curve,analytic divider,analytic,analytic_curve,source_native,rho_L,Gamma_div,2.252475659,0.3074581042,2.252475659,0.3074581042,high_gte_0p75,black line,analytic Gamma_div=1/(1+rho_L),Divider mapping used for summary anchor placement.,Analytic curve only; not empirical data.
phase2a_summary_route1_decision_gate,A,divider_curve,divider_curve,analytic divider,analytic,analytic_curve,source_native,rho_L,Gamma_div,2.360730431,0.2975543622,2.360730431,0.2975543622,high_gte_0p75,black line,analytic Gamma_div=1/(1+rho_L),Divider mapping used for summary anchor placement.,Analytic curve only; not empirical data.
phase2a_summary_route1_decision_gate,A,divider_curve,divider_curve,analytic divider,analytic,analytic_curve,source_native,rho_L,Gamma_div,2.474187966,0.2878370456,2.474187966,0.2878370456,high_gte_0p75,black line,analytic Gamma_div=1/(1+rho_L),Divider mapping used for summary anchor placement.,Analytic curve only; not empirical data.
phase2a_summary_route1_decision_gate,A,divider_curve,divider_curve,analytic divider,analytic,analytic_curve,source_native,rho_L,Gamma_div,2.59309831,0.2783113385,2.59309831,0.2783113385,high_gte_0p75,black line,analytic Gamma_div=1/(1+rho_L),Divider mapping used for summary anchor placement.,Analytic curve only; not empirical data.
phase2a_summary_route1_decision_gate,A,divider_curve,divider_curve,analytic divider,analytic,analytic_curve,source_native,rho_L,Gamma_div,2.717723527,0.2689818091,2.717723527,0.2689818091,high_gte_0p75,black line,analytic Gamma_div=1/(1+rho_L),Divider mapping used for summary anchor placement.,Analytic curve only; not empirical data.
phase2a_summary_route1_decision_gate,A,divider_curve,divider_curve,analytic divider,analytic,analytic_curve,source_native,rho_L,Gamma_div,2.848338276,0.2598524164,2.848338276,0.2598524164,high_gte_0p75,black line,analytic Gamma_div=1/(1+rho_L),Divider mapping used for summary anchor placement.,Analytic curve only; not empirical data.
phase2a_summary_route1_decision_gate,A,divider_curve,divider_curve,analytic divider,analytic,analytic_curve,source_native,rho_L,Gamma_div,2.985230415,0.2509265201,2.985230415,0.2509265201,high_gte_0p75,black line,analytic Gamma_div=1/(1+rho_L),Divider mapping used for summary anchor placement.,Analytic curve only; not empirical data.
phase2a_summary_route1_decision_gate,A,divider_curve,divider_curve,analytic divider,analytic,analytic_curve,source_native,rho_L,Gamma_div,3.128701639,0.242206894,3.128701639,0.242206894,high_gte_0p75,black line,analytic Gamma_div=1/(1+rho_L),Divider mapping used for summary anchor placement.,Analytic curve only; not empirical data.
phase2a_summary_route1_decision_gate,A,divider_curve,divider_curve,analytic divider,analytic,analytic_curve,source_native,rho_L,Gamma_div,3.27906814,0.2336957411,3.27906814,0.2336957411,high_gte_0p75,black line,analytic Gamma_div=1/(1+rho_L),Divider mapping used for summary anchor placement.,Analytic curve only; not empirical data.
phase2a_summary_route1_decision_gate,A,divider_curve,divider_curve,analytic divider,analytic,analytic_curve,source_native,rho_L,Gamma_div,3.436661308,0.2253947125,3.436661308,0.2253947125,high_gte_0p75,black line,analytic Gamma_div=1/(1+rho_L),Divider mapping used for summary anchor placement.,Analytic curve only; not empirical data.
phase2a_summary_route1_decision_gate,A,divider_curve,divider_curve,analytic divider,analytic,analytic_curve,source_native,rho_L,Gamma_div,3.601828459,0.2173049276,3.601828459,0.2173049276,high_gte_0p75,black line,analytic Gamma_div=1/(1+rho_L),Divider mapping used for summary anchor placement.,Analytic curve only; not empirical data.
phase2a_summary_route1_decision_gate,A,divider_curve,divider_curve,analytic divider,analytic,analytic_curve,source_native,rho_L,Gamma_div,3.774933602,0.2094269959,3.774933602,0.2094269959,high_gte_0p75,black line,analytic Gamma_div=1/(1+rho_L),Divider mapping used for summary anchor placement.,Analytic curve only; not empirical data.
phase2a_summary_route1_decision_gate,A,divider_curve,divider_curve,analytic divider,analytic,analytic_curve,source_native,rho_L,Gamma_div,3.956358238,0.2017610415,3.956358238,0.2017610415,high_gte_0p75,black line,analytic Gamma_div=1/(1+rho_L),Divider mapping used for summary anchor placement.,Analytic curve only; not empirical data.
phase2a_summary_route1_decision_gate,A,divider_curve,divider_curve,analytic divider,analytic,analytic_curve,source_native,rho_L,Gamma_div,4.146502207,0.1943067271,4.146502207,0.1943067271,high_gte_0p75,black line,analytic Gamma_div=1/(1+rho_L),Divider mapping used for summary anchor placement.,Analytic curve only; not empirical data.
phase2a_summary_route1_decision_gate,A,divider_curve,divider_curve,analytic divider,analytic,analytic_curve,source_native,rho_L,Gamma_div,4.345784561,0.1870632811,4.345784561,0.1870632811,high_gte_0p75,black line,analytic Gamma_div=1/(1+rho_L),Divider mapping used for summary anchor placement.,Analytic curve only; not empirical data.
phase2a_summary_route1_decision_gate,A,divider_curve,divider_curve,analytic divider,analytic,analytic_curve,source_native,rho_L,Gamma_div,4.554644496,0.1800295232,4.554644496,0.1800295232,high_gte_0p75,black line,analytic Gamma_div=1/(1+rho_L),Divider mapping used for summary anchor placement.,Analytic curve only; not empirical data.
phase2a_summary_route1_decision_gate,A,divider_curve,divider_curve,analytic divider,analytic,analytic_curve,source_native,rho_L,Gamma_div,4.773542312,0.1732038922,4.773542312,0.1732038922,high_gte_0p75,black line,analytic Gamma_div=1/(1+rho_L),Divider mapping used for summary anchor placement.,Analytic curve only; not empirical data.
phase2a_summary_route1_decision_gate,A,divider_curve,divider_curve,analytic divider,analytic,analytic_curve,source_native,rho_L,Gamma_div,5.002960434,0.1665844729,5.002960434,0.1665844729,high_gte_0p75,black line,analytic Gamma_div=1/(1+rho_L),Divider mapping used for summary anchor placement.,Analytic curve only; not empirical data.
phase2a_summary_route1_decision_gate,A,divider_curve,divider_curve,analytic divider,analytic,analytic_curve,source_native,rho_L,Gamma_div,5.243404473,0.1601690239,5.243404473,0.1601690239,high_gte_0p75,black line,analytic Gamma_div=1/(1+rho_L),Divider mapping used for summary anchor placement.,Analytic curve only; not empirical data.
phase2a_summary_route1_decision_gate,A,divider_curve,divider_curve,analytic divider,analytic,analytic_curve,source_native,rho_L,Gamma_div,5.495404336,0.1539550039,5.495404336,0.1539550039,high_gte_0p75,black line,analytic Gamma_div=1/(1+rho_L),Divider mapping used for summary anchor placement.,Analytic curve only; not empirical data.
phase2a_summary_route1_decision_gate,A,divider_curve,divider_curve,analytic divider,analytic,analytic_curve,source_native,rho_L,Gamma_div,5.759515401,0.1479395993,5.759515401,0.1479395993,high_gte_0p75,black line,analytic Gamma_div=1/(1+rho_L),Divider mapping used for summary anchor placement.,Analytic curve only; not empirical data.
phase2a_summary_route1_decision_gate,A,divider_curve,divider_curve,analytic divider,analytic,analytic_curve,source_native,rho_L,Gamma_div,6.036319737,0.1421197497,6.036319737,0.1421197497,high_gte_0p75,black line,analytic Gamma_div=1/(1+rho_L),Divider mapping used for summary anchor placement.,Analytic curve only; not empirical data.
phase2a_summary_route1_decision_gate,A,divider_curve,divider_curve,analytic divider,analytic,analytic_curve,source_native,rho_L,Gamma_div,6.326427386,0.1364921738,6.326427386,0.1364921738,high_gte_0p75,black line,analytic Gamma_div=1/(1+rho_L),Divider mapping used for summary anchor placement.,Analytic curve only; not empirical data.
phase2a_summary_route1_decision_gate,A,divider_curve,divider_curve,analytic divider,analytic,analytic_curve,source_native,rho_L,Gamma_div,6.630477712,0.1310533937,6.630477712,0.1310533937,high_gte_0p75,black line,analytic Gamma_div=1/(1+rho_L),Divider mapping used for summary anchor placement.,Analytic curve only; not empirical data.
phase2a_summary_route1_decision_gate,A,divider_curve,divider_curve,analytic divider,analytic,analytic_curve,source_native,rho_L,Gamma_div,6.949140803,0.1257997593,6.949140803,0.1257997593,high_gte_0p75,black line,analytic Gamma_div=1/(1+rho_L),Divider mapping used for summary anchor placement.,Analytic curve only; not empirical data.
phase2a_summary_route1_decision_gate,A,divider_curve,divider_curve,analytic divider,analytic,analytic_curve,source_native,rho_L,Gamma_div,7.283118954,0.1207274706,7.283118954,0.1207274706,high_gte_0p75,black line,analytic Gamma_div=1/(1+rho_L),Divider mapping used for summary anchor placement.,Analytic curve only; not empirical data.
phase2a_summary_route1_decision_gate,A,divider_curve,divider_curve,analytic divider,analytic,analytic_curve,source_native,rho_L,Gamma_div,7.633148212,0.1158325996,7.633148212,0.1158325996,high_gte_0p75,black line,analytic Gamma_div=1/(1+rho_L),Divider mapping used for summary anchor placement.,Analytic curve only; not empirical data.
phase2a_summary_route1_decision_gate,A,divider_curve,divider_curve,analytic divider,analytic,analytic_curve,source_native,rho_L,Gamma_div,8,0.1111111111,8,0.1111111111,high_gte_0p75,black line,analytic Gamma_div=1/(1+rho_L),Divider mapping used for summary anchor placement.,Analytic curve only; not empirical data.
phase2a_summary_route1_decision_gate,A,source_native_summary_anchor,harnett_2012_summary_model_anchor,Harnett et al. 2012 Nature,model_summary,harnett_2012_summary_model_anchor,source_native,rho_L_source_native,Gamma_div_source_native,4,0.2,4,0.2,high_gte_0p75,red triangle model/proxy,phase2a_source_native_calculations.csv,Summary anchors occupy distinct source-native rho_L regimes.,Summary/model anchors only; no per-spine claim.
phase2a_summary_route1_decision_gate,A,source_native_summary_anchor,popovic_2015_measured_summary_anchor,Popovic et al. 2015 Nat Commun,measured_summary,popovic_2015_measured_summary_anchor,source_native,rho_L_source_native,Gamma_div_source_native,0.09818181818,0.9105960265,0.09818181818,0.9105960265,low_lt_0p25,blue circle measured summary,phase2a_source_native_calculations.csv,Summary anchors occupy distinct source-native rho_L regimes.,Summary/model anchors only; no per-spine claim.
phase2a_summary_route1_decision_gate,A,source_native_summary_anchor,popovic_2015_model_fit_reference,Popovic et al. 2015 Nat Commun,model_summary,popovic_2015_model_fit_reference,source_native,rho_L_source_native,Gamma_div_source_native,0.07180851064,0.9330024814,0.07180851064,0.9330024814,low_lt_0p25,gray square model fit,phase2a_source_native_calculations.csv,Summary anchors occupy distinct source-native rho_L regimes.,Summary/model anchors only; no per-spine claim.
phase2a_summary_route1_decision_gate,B,load_model_class_cell,harnett_2012_summary_model_anchor,Harnett et al. 2012 Nature,model_summary,Harnett_summary_model,source_native,load_model_index,summary_anchor_index,0,0,4,0.2,high_gte_0p75,heatmap class high_gte_0p75,phase2a_load_model_calculations.csv,Summary-anchor regime separation persists across the four Phase 2a load models.,Four-model decision gate only; not a broad sensitivity sweep.
phase2a_summary_route1_decision_gate,B,load_model_class_cell,popovic_2015_measured_summary_anchor,Popovic et al. 2015 Nat Commun,measured_summary,Popovic_measured_summary,source_native,load_model_index,summary_anchor_index,0,1,0.09818181818,0.9105960265,low_lt_0p25,heatmap class low_lt_0p25,phase2a_load_model_calculations.csv,Summary-anchor regime separation persists across the four Phase 2a load models.,Four-model decision gate only; not a broad sensitivity sweep.
phase2a_summary_route1_decision_gate,B,load_model_class_cell,popovic_2015_model_fit_reference,Popovic et al. 2015 Nat Commun,model_summary,Popovic_model_fit,source_native,load_model_index,summary_anchor_index,0,2,0.07180851064,0.9330024814,low_lt_0p25,heatmap class low_lt_0p25,phase2a_load_model_calculations.csv,Summary-anchor regime separation persists across the four Phase 2a load models.,Four-model decision gate only; not a broad sensitivity sweep.
phase2a_summary_route1_decision_gate,B,load_model_class_cell,harnett_2012_summary_model_anchor,Harnett et al. 2012 Nature,model_summary,Harnett_summary_model,common_SPINE_baseline_144p487,load_model_index,summary_anchor_index,1,0,3.460518939,0.2241891613,high_gte_0p75,heatmap class high_gte_0p75,phase2a_load_model_calculations.csv,Summary-anchor regime separation persists across the four Phase 2a load models.,Four-model decision gate only; not a broad sensitivity sweep.
phase2a_summary_route1_decision_gate,B,load_model_class_cell,popovic_2015_measured_summary_anchor,Popovic et al. 2015 Nat Commun,measured_summary,Popovic_measured_summary,common_SPINE_baseline_144p487,load_model_index,summary_anchor_index,1,1,0.1868680227,0.842553663,low_lt_0p25,heatmap class low_lt_0p25,phase2a_load_model_calculations.csv,Summary-anchor regime separation persists across the four Phase 2a load models.,Four-model decision gate only; not a broad sensitivity sweep.
phase2a_summary_route1_decision_gate,B,load_model_class_cell,popovic_2015_model_fit_reference,Popovic et al. 2015 Nat Commun,model_summary,Popovic_model_fit,common_SPINE_baseline_144p487,load_model_index,summary_anchor_index,1,2,0.2803020341,0.7810656965,intermediate_0p25_to_lt_0p75,heatmap class intermediate_0p25_to_lt_0p75,phase2a_load_model_calculations.csv,Summary-anchor regime separation persists across the four Phase 2a load models.,Four-model decision gate only; not a broad sensitivity sweep.
phase2a_summary_route1_decision_gate,B,load_model_class_cell,harnett_2012_summary_model_anchor,Harnett et al. 2012 Nature,model_summary,Harnett_summary_model,common_Harnett_model_125,load_model_index,summary_anchor_index,2,0,4,0.2,high_gte_0p75,heatmap class high_gte_0p75,phase2a_load_model_calculations.csv,Summary-anchor regime separation persists across the four Phase 2a load models.,Four-model decision gate only; not a broad sensitivity sweep.
phase2a_summary_route1_decision_gate,B,load_model_class_cell,popovic_2015_measured_summary_anchor,Popovic et al. 2015 Nat Commun,measured_summary,Popovic_measured_summary,common_Harnett_model_125,load_model_index,summary_anchor_index,2,1,0.216,0.8223684211,low_lt_0p25,heatmap class low_lt_0p25,phase2a_load_model_calculations.csv,Summary-anchor regime separation persists across the four Phase 2a load models.,Four-model decision gate only; not a broad sensitivity sweep.
phase2a_summary_route1_decision_gate,B,load_model_class_cell,popovic_2015_model_fit_reference,Popovic et al. 2015 Nat Commun,model_summary,Popovic_model_fit,common_Harnett_model_125,load_model_index,summary_anchor_index,2,2,0.324,0.7552870091,intermediate_0p25_to_lt_0p75,heatmap class intermediate_0p25_to_lt_0p75,phase2a_load_model_calculations.csv,Summary-anchor regime separation persists across the four Phase 2a load models.,Four-model decision gate only; not a broad sensitivity sweep.
phase2a_summary_route1_decision_gate,B,load_model_class_cell,harnett_2012_summary_model_anchor,Harnett et al. 2012 Nature,model_summary,Harnett_summary_model,common_Popovic_measured_275,load_model_index,summary_anchor_index,3,0,1.818181818,0.3548387097,high_gte_0p75,heatmap class high_gte_0p75,phase2a_load_model_calculations.csv,Summary-anchor regime separation persists across the four Phase 2a load models.,Four-model decision gate only; not a broad sensitivity sweep.
phase2a_summary_route1_decision_gate,B,load_model_class_cell,popovic_2015_measured_summary_anchor,Popovic et al. 2015 Nat Commun,measured_summary,Popovic_measured_summary,common_Popovic_measured_275,load_model_index,summary_anchor_index,3,1,0.09818181818,0.9105960265,low_lt_0p25,heatmap class low_lt_0p25,phase2a_load_model_calculations.csv,Summary-anchor regime separation persists across the four Phase 2a load models.,Four-model decision gate only; not a broad sensitivity sweep.
phase2a_summary_route1_decision_gate,B,load_model_class_cell,popovic_2015_model_fit_reference,Popovic et al. 2015 Nat Commun,model_summary,Popovic_model_fit,common_Popovic_measured_275,load_model_index,summary_anchor_index,3,2,0.1472727273,0.8716323296,low_lt_0p25,heatmap class low_lt_0p25,phase2a_load_model_calculations.csv,Summary-anchor regime separation persists across the four Phase 2a load models.,Four-model decision gate only; not a broad sensitivity sweep.
