experiment,case,protocol,active_profile,R_neck_Mohm,R_in_d_Mohm,SMI,path_length_um,branch_order,membrane_area_um2,dendritic_capacitance_pF,A_h_mV,V_h_peak_mV,V_h_min_mV,A_d_mV,Gamma_h_to_d,V_d_peak_mV,V_d_min_mV,A_s_mV,Gamma_h_to_s,V_s_peak_mV,V_s_min_mV,local_voltage_isolation,max_voltage_mV,min_voltage_mV,min_gate,max_gate,Zin_50Hz_Mohm,transfer_gain_50Hz,electrotonic_distance_50Hz,active_frozen_Zin_50Hz_Mohm,active_frozen_transfer_gain_50Hz,active_profile_channel_count,leak_scale,soma_coupling_scale
iso_smi,cable_L80.0_r0.45,AMPA,none,206.50567475812232,258.1320934476529,0.8,73.33333333333334,0,1482.8317324943823,222.26194671058462,21.752082894954437,-48.24791710504559,-70.00000000000001,7.869179479586971,0.3617667106910616,-62.130820520413046,-70.00000000000001,1.0502637860203419,0.048283366291508506,-68.94973621397966,-70.0,0.6382332893089384,-48.24791710504559,-70.00000000000001,0.0,0.0,116.70962764025039,0.12200751106216444,2.103672670060679,116.70962764025039,0.12200751106216444,0,,
iso_smi,cable_L160.0_r0.45,AMPA,none,305.370306093363,381.71288261670367,0.8,152.0,0,1709.0264035528476,224.52389342116928,28.99697811416932,-41.003021885830684,-70.0,12.391263259898581,0.42732946899192964,-57.60873674010143,-70.0,0.9258085307306124,0.03192775906114913,-69.0741914692694,-70.0,0.5726705310080704,-41.003021885830684,-70.0,0.0,0.0,235.16318121556728,0.059355353520657426,2.8242129594560073,235.16318121556728,0.059355353520657426,0,,
iso_smi,cable_L180.0_r0.35,AMPA,none,469.6269375953572,587.0336719941965,0.8,171.0,0,1652.4777357882313,223.9584067435231,36.813595260750965,-33.18640473924904,-70.0,17.077112040684238,0.4638805832390705,-52.92288795931574,-69.99999999999999,0.7905768255003637,0.021475132214082926,-69.20942317449965,-70.0,0.5361194167609296,-33.18640473924904,-70.0,0.0,0.0,429.4825071086477,0.03203963737784531,3.4407814746411156,429.4825071086477,0.03203963737784531,0,,
iso_smi,branch_asymmetric,AMPA,none,413.8011362894492,517.2514203618114,0.8,218.0,1,2111.150263212341,228.54513201776422,33.80949201076045,-36.190507989239734,-70.00000000000018,14.757857755390013,0.4365004286575223,-55.24214224461016,-70.00000000000017,0.8188153525201664,0.02421850503579185,-69.18118464747984,-70.0,0.5634995713424777,-36.190507989239734,-70.00000000000018,0.0,0.0,353.12530832852184,0.03726184340845851,3.289785440838769,353.12530832852184,0.03726184340845851,0,,
iso_smi,cable_L80.0_r0.45,AMPA_NMDA,none,206.50567475812232,258.1320934476529,0.8,73.33333333333334,0,1482.8317324943823,222.26194671058462,22.172146591626827,-47.827853408373194,-70.00000000000001,8.029167498013468,0.3621285591285795,-61.97083250198655,-70.00000000000001,1.137608309875096,0.05130799154578505,-68.86239169012491,-70.0,0.6378714408714206,-47.827853408373194,-70.00000000000001,0.0,0.0,116.70962764025039,0.12200751106216444,2.103672670060679,116.70962764025039,0.12200751106216444,0,,
iso_smi,cable_L160.0_r0.45,AMPA_NMDA,none,305.370306093363,381.71288261670367,0.8,152.0,0,1709.0264035528476,224.52389342116928,29.801285374178796,-40.19871462582121,-70.0,12.79444894675056,0.4293254061395707,-57.205551053249444,-70.0,1.0270307877338487,0.034462633904499815,-68.97296921226616,-70.0,0.5706745938604293,-40.19871462582121,-70.0,0.0,0.0,235.16318121556728,0.059355353520657426,2.8242129594560073,235.16318121556728,0.059355353520657426,0,,
iso_smi,cable_L180.0_r0.35,AMPA_NMDA,none,469.6269375953572,587.0336719941965,0.8,171.0,0,1652.4777357882313,223.9584067435231,38.117236985374554,-31.882763014625453,-70.0,17.862117440826214,0.46860997421402406,-52.13788255917377,-69.99999999999999,0.9108251811266177,0.023895362129109674,-69.08917481887339,-70.0,0.5313900257859759,-31.882763014625453,-70.0,0.0,0.0,429.4825071086477,0.03203963737784531,3.4407814746411156,429.4825071086477,0.03203963737784531,0,,
iso_smi,branch_asymmetric,AMPA_NMDA,none,413.8011362894492,517.2514203618114,0.8,218.0,1,2111.150263212341,228.54513201776422,34.91539392515877,-35.084606074841425,-70.00000000000018,15.441012955706517,0.44224083476773507,-54.55898704429366,-70.00000000000017,0.9331793783166481,0.02672687526644896,-69.06682062168336,-70.0,0.5577591652322649,-35.084606074841425,-70.00000000000018,0.0,0.0,353.12530832852184,0.03726184340845851,3.289785440838769,353.12530832852184,0.03726184340845851,0,,
iso_smi,cable_L80.0_r0.45,AMPA_NMDA,hcn,206.50567475812232,258.1320934476529,0.8,73.33333333333334,0,1482.8317324943823,222.26194671058462,22.052934635197715,-47.71685584085506,-69.76973874039513,7.982176334477363,0.3619552892401614,-61.86226062953389,-69.84438485915945,1.151360638463883,0.0522089534798805,-68.77619517794646,-69.92750357957135,0.6380447107598386,-47.71685584085506,-70.0,0.16124781957983933,0.18242552380635635,116.70962764025039,0.12200751106216444,2.103672670060679,116.58877123358036,0.12200405773637288,1,,
iso_smi,cable_L160.0_r0.45,AMPA_NMDA,hcn,305.370306093363,381.71288261670367,0.8,152.0,0,1709.0264035528476,224.52389342116928,29.56561474514266,-40.082798096380905,-69.64836137070441,12.679241586207695,0.42885093699229676,-57.07899374199176,-69.75818310460767,1.039598169059075,0.035162406668032185,-68.88940257924635,-69.92894842910108,0.5711490630077032,-40.082798096380905,-70.0,0.15350731974575232,0.18242552380635635,235.16318121556728,0.059355353520657426,2.8242129594560073,234.66991992974727,0.05935413216401052,1,,
iso_smi,cable_L180.0_r0.35,AMPA_NMDA,hcn,469.6269375953572,587.0336719941965,0.8,171.0,0,1652.4777357882313,223.9584067435231,37.67210868926626,-31.774602752377692,-69.44666185235926,17.616077221655527,0.4676159056282081,-51.99810724309423,-69.61413320236993,0.9216561818199548,0.024465213493147467,-69.00812545822733,-69.92972915964965,0.5323840943717919,-31.774602752377692,-70.0,0.14290525751620956,0.18242552380635635,429.4825071086477,0.03203963737784531,3.4407814746411156,427.8518601967756,0.032039086467193716,1,,
iso_smi,branch_asymmetric,AMPA_NMDA,hcn,413.8011362894492,517.2514203618114,0.8,218.0,1,2111.150263212341,228.54513201776422,34.55759840536938,-34.96053283785644,-69.5180799041655,15.255037620162282,0.4414380143323857,-54.41110713806668,-69.66609209961467,0.9460516469330521,0.027376081978719314,-68.98535802185111,-69.93135712390178,0.5585619856676143,-34.96053283785644,-70.0,0.14613137031178225,0.18242552380635635,353.12530832852184,0.03726184340845851,3.289785440838769,352.0322694685799,0.037261181573045705,1,,
iso_smi,cable_L80.0_r0.45,AMPA_NMDA,full_restrained,206.50567475812232,258.1320934476529,0.8,73.33333333333334,0,1482.8317324943823,222.26194671058462,23.237258768902528,-46.61004195686557,-69.84726699950272,8.467111972731937,0.3643765410084913,-61.42950558570226,-69.89658331754357,1.1594710275383002,0.0498970657025162,-68.79222108074012,-69.95165749007245,0.6356234589915086,-46.61004195686557,-70.0,0.028905534475191907,0.7540796658225246,116.70962764025039,0.12200751106216444,2.103672670060679,116.49555585405247,0.12200138821856273,5,,
iso_smi,cable_L160.0_r0.45,AMPA_NMDA,full_restrained,305.370306093363,381.71288261670367,0.8,152.0,0,1709.0264035528476,224.52389342116928,46.29275231520588,-23.475944094901433,-69.76866363094267,20.43652293756071,0.44146268941645705,-49.404054327571416,-69.84054354108557,1.221473745622939,0.026385852742260022,-68.73136941822823,-69.95280869702974,0.558537310583543,-23.475944094901433,-70.0,0.028905534475191907,0.7999446616386808,235.16318121556728,0.059355353520657426,2.8242129594560073,234.29017366359687,0.059353187807028786,5,,
iso_smi,cable_L180.0_r0.35,AMPA_NMDA,full_restrained,469.6269375953572,587.0336719941965,0.8,171.0,0,1652.4777357882313,223.9584067435231,64.66924853019461,-4.971767650841122,-69.64098616915115,33.50671432605758,0.5181243804064465,-36.24219622016498,-69.74887863790964,1.0803656063115978,0.01670601763382431,-68.87330154709308,-69.95363293281402,0.4818756195935535,-4.971767650841122,-70.0,0.028905534475191907,0.9453974354092128,429.4825071086477,0.03203963737784531,3.4407814746411156,426.6001071096867,0.03203866043344754,5,,
iso_smi,branch_asymmetric,AMPA_NMDA,full_restrained,413.8011362894492,517.2514203618114,0.8,218.0,1,2111.150263212341,228.54513201776422,59.2533393984094,-10.432443324645295,-69.68575104877085,27.0926011386115,0.45723332074915546,-42.68908105087423,-69.78164896262473,1.0840846604170813,0.018295756347636034,-68.87053177961333,-69.95458204299203,0.5427666792508445,-10.432443324645295,-70.0,0.028905534475191907,0.9185639476469347,353.12530832852184,0.03726184340845851,3.289785440838769,351.1921471106122,0.03726066978257052,5,,
iso_neck_resistance,cable_L80.0_r0.45,AMPA,none,100.0,258.1320934476529,0.3873985549971112,73.33333333333334,0,1482.8317324943823,222.26194671058462,16.23658431893675,-53.7634156810632,-69.99999999999996,8.76075876561818,0.5395690739831589,-61.23924123438179,-69.99999999999997,1.1239990814105316,0.06922632613681007,-68.87600091858947,-70.0,0.4604309260168411,-53.7634156810632,-70.0,0.0,0.0,116.70962764025039,0.12200751106216444,2.103672670060679,116.70962764025039,0.12200751106216444,0,,
iso_neck_resistance,cable_L160.0_r0.45,AMPA,none,100.0,381.71288261670367,0.2619770108739422,152.0,0,1709.0264035528476,224.52389342116928,21.092094918482353,-48.90790508151767,-70.00000000000001,14.743760618699115,0.6990183135284306,-55.256239381300894,-70.0,1.0381906681637547,0.04922179006761535,-68.96180933183625,-70.0,0.3009816864715694,-48.90790508151767,-70.00000000000001,0.0,0.0,235.16318121556728,0.059355353520657426,2.8242129594560073,235.16318121556728,0.059355353520657426,0,,
iso_neck_resistance,cable_L180.0_r0.35,AMPA,none,100.0,587.0336719941965,0.17034797963171797,171.0,0,1652.4777357882313,223.9584067435231,27.231532055296103,-42.76846794470387,-69.99999999999999,22.020251031818205,0.808630634042333,-47.979748968181774,-69.99999999999999,0.9390644029808326,0.034484449904396745,-69.06093559701917,-70.0,0.19136936595766696,-42.76846794470387,-70.0,0.0,0.0,429.4825071086477,0.03203963737784531,3.4407814746411156,429.4825071086477,0.03203963737784531,0,,
iso_neck_resistance,branch_asymmetric,AMPA,none,100.0,517.2514203618114,0.19332958028428643,218.0,1,2111.150263212341,228.54513201776422,24.122096351077698,-45.87790364892236,-70.00000000000006,18.557895208273134,0.7693317752395109,-51.44210479172691,-70.00000000000004,0.9574378405901307,0.03969131980303012,-69.04256215940988,-70.0,0.2306682247604891,-45.87790364892236,-70.00000000000006,0.0,0.0,353.12530832852184,0.03726184340845851,3.289785440838769,353.12530832852184,0.03726184340845851,0,,
iso_neck_resistance,cable_L80.0_r0.45,AMPA_NMDA,none,100.0,258.1320934476529,0.3873985549971112,73.33333333333334,0,1482.8317324943823,222.26194671058462,16.49749208290014,-53.50250791709981,-69.99999999999996,8.906034296819826,0.5398417075799686,-61.09396570318014,-69.99999999999997,1.2040187092817316,0.0729819237512902,-68.79598129071827,-70.0,0.46015829242003137,-53.50250791709981,-70.0,0.0,0.0,116.70962764025039,0.12200751106216444,2.103672670060679,116.70962764025039,0.12200751106216444,0,,
iso_neck_resistance,cable_L160.0_r0.45,AMPA_NMDA,none,100.0,381.71288261670367,0.2619770108739422,152.0,0,1709.0264035528476,224.52389342116928,21.583766695311578,-48.41623330468845,-70.00000000000001,15.106676613847215,0.6999091876363122,-54.893323386152794,-70.0,1.127806470522366,0.05225253249088113,-68.87219352947764,-70.0,0.30009081236368784,-48.41623330468845,-70.00000000000001,0.0,0.0,235.16318121556728,0.059355353520657426,2.8242129594560073,235.16318121556728,0.059355353520657426,0,,
iso_neck_resistance,cable_L180.0_r0.35,AMPA_NMDA,none,100.0,587.0336719941965,0.17034797963171797,171.0,0,1652.4777357882313,223.9584067435231,28.114326827820854,-41.885673172179125,-69.99999999999999,22.77049795939824,0.8099250641443577,-47.22950204060174,-69.99999999999999,1.0441399316991062,0.037139069275735445,-68.9558600683009,-70.0,0.19007493585564228,-41.885673172179125,-70.0,0.0,0.0,429.4825071086477,0.03203963737784531,3.4407814746411156,429.4825071086477,0.03203963737784531,0,,
iso_neck_resistance,branch_asymmetric,AMPA_NMDA,none,100.0,517.2514203618114,0.19332958028428643,218.0,1,2111.150263212341,228.54513201776422,24.83748038025829,-45.16251961974177,-70.00000000000006,19.165391887743667,0.7716318883527734,-50.83460811225638,-70.00000000000004,1.0576473952267489,0.042582716887313764,-68.94235260477326,-70.0,0.2283681116472266,-45.16251961974177,-70.00000000000006,0.0,0.0,353.12530832852184,0.03726184340845851,3.289785440838769,353.12530832852184,0.03726184340845851,0,,
iso_neck_resistance,cable_L80.0_r0.45,AMPA_NMDA,hcn,100.0,258.1320934476529,0.3873985549971112,73.33333333333334,0,1482.8317324943823,222.26194671058462,16.423667707481417,-53.38446231509799,-69.80807801935441,8.862991907022105,0.5396475418815723,-60.98134429412005,-69.84428404041327,1.218253934903324,0.07417672815849634,-68.70926834886795,-69.92747001549075,0.46035245811842773,-53.38446231509799,-70.0,0.16524501672527758,0.18242552380635635,116.70962764025039,0.12200751106216444,2.103672670060679,116.58877123358036,0.12200405773637288,1,,
iso_neck_resistance,cable_L160.0_r0.45,AMPA_NMDA,hcn,100.0,381.71288261670367,0.2619770108739422,152.0,0,1709.0264035528476,224.52389342116928,21.44181824624846,-48.28001564351026,-69.72178171730785,14.998389477168958,0.6994924266645685,-54.75952027329371,-69.75785737168563,1.1407636936524996,0.05320274990448125,-68.78817474689376,-69.92888606180699,0.30050757333543154,-48.28001564351026,-70.0,0.16021194868179442,0.18242552380635635,235.16318121556728,0.059355353520657426,2.8242129594560073,234.66991992974727,0.05935413216401052,1,,
iso_neck_resistance,cable_L180.0_r0.35,AMPA_NMDA,hcn,100.0,587.0336719941965,0.17034797963171797,171.0,0,1652.4777357882313,223.9584067435231,27.835821222413543,-41.741534047953444,-69.57730388078146,22.52769753899807,0.8093060146850869,-47.08551712058741,-69.6131629836085,1.0548347231036788,0.037894866283101444,-68.8748381712806,-69.92962030895245,0.1906939853149131,-41.741534047953444,-70.0,0.15268078239408814,0.18242552380635635,429.4825071086477,0.03203963737784531,3.4407814746411156,427.8518601967756,0.032039086467193716,1,,
iso_neck_resistance,branch_asymmetric,AMPA_NMDA,hcn,100.0,517.2514203618114,0.19332958028428643,218.0,1,2111.150263212341,228.54513201776422,24.625084228799206,-45.004415219665844,-69.62944673556912,18.987263589682126,0.771053752071085,-50.67817466017541,-69.66538527812034,1.0705730290909155,0.04347489816253594,-68.86074690311473,-69.93126729843301,0.22894624792891505,-45.004415219665844,-70.0,0.15501992992887817,0.18242552380635635,353.12530832852184,0.03726184340845851,3.289785440838769,352.0322694685799,0.037261181573045705,1,,
iso_neck_resistance,cable_L80.0_r0.45,AMPA_NMDA,full_restrained,100.0,258.1320934476529,0.3873985549971112,73.33333333333334,0,1482.8317324943823,222.26194671058462,16.628138289339788,-53.24430307850425,-69.8724072773607,8.9852420505621,0.5403636831864991,-60.91119027352637,-69.89639800283395,1.205789132621482,0.07251498103034824,-68.74584249451736,-69.95159694958213,0.4596363168135009,-53.24430307850425,-70.0,0.028905534475191907,0.7540796658225246,116.70962764025039,0.12200751106216444,2.103672670060679,116.49555585405247,0.12200138821856273,5,,
iso_neck_resistance,cable_L160.0_r0.45,AMPA_NMDA,full_restrained,100.0,381.71288261670367,0.2619770108739422,152.0,0,1709.0264035528476,224.52389342116928,22.70268002102175,-47.11354929499812,-69.81619567254977,16.051847561927854,0.7070463728099282,-53.78812945623355,-69.83994309938998,1.152122580785342,0.050748307235908875,-68.8006086868775,-69.95269668802891,0.2929536271900718,-47.11354929499812,-70.0,0.028905534475191907,0.7540796658225246,235.16318121556728,0.059355353520657426,2.8242129594560073,234.29017366359687,0.059353187807028786,5,,
iso_neck_resistance,cable_L180.0_r0.35,AMPA_NMDA,full_restrained,100.0,587.0336719941965,0.17034797963171797,171.0,0,1652.4777357882313,223.9584067435231,51.96277640683439,-17.761004457203104,-69.72374884877978,45.93080805609043,0.8839175123454218,-23.816316710918553,-69.7470924050725,1.468380215186707,0.028258309442325696,-68.48509290281615,-69.9534386983842,0.11608248765457818,-17.761004457203104,-70.0,0.028905534475191907,0.875600739327522,429.4825071086477,0.03203963737784531,3.4407814746411156,426.6001071096867,0.03203866043344754,5,,
iso_neck_resistance,branch_asymmetric,AMPA_NMDA,full_restrained,100.0,517.2514203618114,0.19332958028428643,218.0,1,2111.150263212341,228.54513201776422,31.66069808591869,-38.096189422864896,-69.75685424556359,25.671936274126264,0.8108455538301611,-44.10844208289713,-69.7803447683501,1.243058765664093,0.03926188747609933,-68.71139751413527,-69.95442171299678,0.1891544461698389,-38.096189422864896,-70.0,0.028905534475191907,0.7540796658225246,353.12530832852184,0.03726184340845851,3.289785440838769,351.1921471106122,0.03726066978257052,5,,
load,leak0.5_coupling1.0,AMPA_NMDA,none,100.0,524.556602503156,0.19063719629646325,152.0,0,1709.0264035528476,224.52389342116928,21.584522905985676,-48.41547709401511,-70.00000000000078,15.107805770823852,0.6999369796880827,-54.892194229176916,-70.00000000000077,1.2646517832505393,0.058590675770731744,-68.73534821674947,-70.0,0.30006302031191734,-48.41547709401511,-70.00000000000078,0.0,0.0,234.49204115680115,0.05975613560001759,2.817483405576152,234.49204115680115,0.05975613560001759,0,0.5,1.0
load,leak0.5_coupling1.0,AMPA_NMDA,hcn,100.0,524.556602503156,0.19063719629646325,152.0,0,1709.0264035528476,224.52389342116928,21.440474082048993,-48.271140672968684,-69.71154424006274,14.99855790912101,0.6995441356251787,-54.74911973723355,-69.74760690112142,1.2958979377272333,0.060441664338580184,-68.62224049381669,-69.91806727311439,0.3004558643748213,-48.271140672968684,-70.0,0.15767541905303312,0.18242552380635635,234.49204115680115,0.05975613560001759,2.817483405576152,234.00160506020845,0.05975527886246108,1,0.5,1.0
load,leak0.5_coupling1.0,AMPA_NMDA,full_restrained,100.0,524.556602503156,0.19063719629646325,152.0,0,1709.0264035528476,224.52389342116928,22.704505260190473,-47.10499018468652,-69.80944979427119,16.05472802850208,0.7071164002261723,-53.77849360305888,-69.8331756612995,1.2938396016179547,0.05698602928320758,-68.65170042285011,-69.94549298916272,0.2928835997738277,-47.10499018468652,-70.0,0.028905534475191907,0.7540796658225246,234.49204115680115,0.05975613560001759,2.817483405576152,233.62402998570576,0.05975461620194095,5,0.5,1.0
load,leak1.0_coupling1.0,AMPA_NMDA,none,100.0,381.71288261670367,0.2619770108739422,152.0,0,1709.0264035528476,224.52389342116928,21.583766695311578,-48.41623330468845,-70.00000000000001,15.106676613847215,0.6999091876363122,-54.893323386152794,-70.0,1.127806470522366,0.05225253249088113,-68.87219352947764,-70.0,0.30009081236368784,-48.41623330468845,-70.00000000000001,0.0,0.0,235.16318121556728,0.059355353520657426,2.8242129594560073,235.16318121556728,0.059355353520657426,0,1.0,1.0
load,leak1.0_coupling1.0,AMPA_NMDA,hcn,100.0,381.71288261670367,0.2619770108739422,152.0,0,1709.0264035528476,224.52389342116928,21.44181824624846,-48.28001564351026,-69.72178171730785,14.998389477168958,0.6994924266645685,-54.75952027329371,-69.75785737168563,1.1407636936524996,0.05320274990448125,-68.78817474689376,-69.92888606180699,0.30050757333543154,-48.28001564351026,-70.0,0.16021194868179442,0.18242552380635635,235.16318121556728,0.059355353520657426,2.8242129594560073,234.66991992974727,0.05935413216401052,1,1.0,1.0
load,leak1.0_coupling1.0,AMPA_NMDA,full_restrained,100.0,381.71288261670367,0.2619770108739422,152.0,0,1709.0264035528476,224.52389342116928,22.70268002102175,-47.11354929499812,-69.81619567254977,16.051847561927854,0.7070463728099282,-53.78812945623355,-69.83994309938998,1.152122580785342,0.050748307235908875,-68.8006086868775,-69.95269668802891,0.2929536271900718,-47.11354929499812,-70.0,0.028905534475191907,0.7540796658225246,235.16318121556728,0.059355353520657426,2.8242129594560073,234.29017366359687,0.059353187807028786,5,1.0,1.0
load,leak2.0_coupling1.0,AMPA_NMDA,none,100.0,310.2696250810426,0.3223003217729739,152.0,0,1709.0264035528476,224.52389342116928,21.582259866482495,-48.417740133517995,-70.0000000000005,15.10443148429367,0.6998540272305325,-54.895568515706806,-70.00000000000048,0.9574461253114425,0.04436264465513028,-69.04255387468856,-70.0,0.30014597276946753,-48.417740133517995,-70.0000000000005,0.0,0.0,236.46937044185324,0.05815936882445719,2.8445682982150524,236.46937044185324,0.05815936882445719,0,2.0,1.0
load,leak2.0_coupling1.0,AMPA_NMDA,hcn,100.0,310.2696250810426,0.3223003217729739,152.0,0,1709.0264035528476,224.52389342116928,21.443708497655194,-48.293635913998095,-69.7373159584335,14.997875789412252,0.6994068116087395,-54.77556409877951,-69.7734112602265,0.9583765530837701,0.04469266839681978,-68.98683167583538,-69.9451798411721,0.3005931883912605,-48.293635913998095,-70.0,0.16219856149421813,0.18242552380635635,236.46937044185324,0.05815936882445719,2.8445682982150524,235.97043819839757,0.05815750147066992,1,2.0,1.0
load,leak2.0_coupling1.0,AMPA_NMDA,full_restrained,100.0,310.2696250810426,0.3223003217729739,152.0,0,1709.0264035528476,224.52389342116928,22.699518771539807,-47.12692439438027,-69.8264250155059,16.046887029663463,0.7069263093710481,-53.80333710451923,-69.85020576900015,0.979476741830479,0.043149669897783335,-68.98408501117038,-69.96354306826036,0.29307369062895194,-47.12692439438027,-70.0,0.028905534475191907,0.7540796658225246,236.46937044185324,0.05815936882445719,2.8445682982150524,235.58633430783004,0.05815605807142201,5,2.0,1.0
load,leak1.0_coupling0.6,AMPA_NMDA,none,100.0,390.11135229725755,0.25633706738121753,152.0,0,1709.0264035528476,224.52389342116928,21.816334798509867,-48.18366520149015,-70.00000000000001,15.41278917959668,0.7064793111191816,-54.58721082040334,-70.00000000000001,1.1241244097282277,0.051526730778123614,-68.87587559027176,-69.99999999999999,0.2935206888808184,-48.18366520149015,-70.00000000000001,0.0,0.0,242.92544555829562,0.05737576633422474,2.8581332541028313,242.92544555829562,0.05737576633422474,0,1.0,0.6
load,leak1.0_coupling0.6,AMPA_NMDA,hcn,100.0,390.11135229725755,0.25633706738121753,152.0,0,1709.0264035528476,224.52389342116928,21.670172880871455,-48.04582421296691,-69.71594487884441,15.300321853133966,0.7060544434622282,-54.45174239387948,-69.75201182236208,1.1370259440195984,0.052469629581186505,-68.79198865183683,-69.9289621862246,0.29394555653777177,-48.04582421296691,-70.0,0.15987662460079366,0.18242552380635635,242.92544555829562,0.05737576633422474,2.8581332541028313,242.3995816329114,0.05737459889056865,1,1.0,0.6
load,leak1.0_coupling0.6,AMPA_NMDA,full_restrained,100.0,390.11135229725755,0.25633706738121753,152.0,0,1709.0264035528476,224.52389342116928,23.066310429002943,-46.74614263207871,-69.81241943184403,16.480461252315276,0.7144818978761855,-53.35572320140445,-69.8361505460092,1.1518734273085196,0.04993748050230806,-68.80091831620926,-69.95275715523229,0.28551810212381445,-46.74614263207871,-70.0,0.028905534475191907,0.7540796658225246,242.92544555829562,0.05737576633422474,2.8581332541028313,241.9947812931574,0.057373696210414396,5,1.0,0.6
load,leak1.0_coupling1.6,AMPA_NMDA,none,100.0,376.98865924951673,0.26525996882525105,152.0,0,1709.0264035528476,224.52389342116928,21.447564752632037,-48.55243524736799,-70.00000000000001,14.928926784082467,0.6960662880036483,-55.07107321591755,-70.00000000000001,1.129918768326993,0.05268284681077043,-68.87008123167301,-70.0,0.30393371199635166,-48.55243524736799,-70.00000000000001,0.0,0.0,230.77696198699502,0.06052920579898183,2.8046292899480023,230.77696198699502,0.06052920579898183,0,1.0,1.6
load,leak1.0_coupling1.6,AMPA_NMDA,hcn,100.0,376.98865924951673,0.26525996882525105,152.0,0,1709.0264035528476,224.52389342116928,21.30814450652084,-48.416973991276144,-69.72506634962471,14.823098800048555,0.6956541333532024,-54.93810046461277,-69.76114691203757,1.1429083639259152,0.05363716036260951,-68.7859872709333,-69.92884327345465,0.30434586664679764,-48.416973991276144,-70.0,0.16040089536187413,0.18242552380635635,230.77696198699502,0.06052920579898183,2.8046292899480023,230.30170243147995,0.06052795208028785,1,1.0,1.6
load,leak1.0_coupling1.6,AMPA_NMDA,full_restrained,100.0,376.98865924951673,0.26525996882525105,152.0,0,1709.0264035528476,224.52389342116928,22.497979096404414,-47.320376705900905,-69.81832215134615,15.809812070098566,0.7027214312162492,-54.032300619720104,-69.84207876533836,1.1524483351125492,0.05122452688636071,-68.80024889305294,-69.95266265338114,0.2972785687837508,-47.320376705900905,-70.0,0.028905534475191907,0.7540796658225246,230.77696198699502,0.06052920579898183,2.8046292899480023,229.93579158181146,0.0605269827064122,5,1.0,1.6
