path,before_sha256,after_sha256,status
manuscript/BUILD_INSTRUCTIONS.md,db896ce4183f7cb74a3b39ce3201345d3c653c9879b260a5ec5a21b05e325e35,db896ce4183f7cb74a3b39ce3201345d3c653c9879b260a5ec5a21b05e325e35,unchanged
manuscript/CLAIM_TO_SOURCE_LEDGER.csv,fbb2c45fbc6bf606c71597c03b314753eebf2f1e6407ebc3bd1367515c64c44b,d29b8c17c3b8f33c5db497829534afa27c24b0dc8e1ca1ca19ba9be4c67259aa,changed
manuscript/FIGURE_EMBEDDING_REPORT.md,13703e92f5c070fc5b73442f4003cb5f2da90f53c2e7cdf7bc2d14823909360e,13703e92f5c070fc5b73442f4003cb5f2da90f53c2e7cdf7bc2d14823909360e,unchanged
manuscript/FIGURE_SOURCE_MANIFEST.csv,d9f29041f3adecf14ce968f6266b9d3421d8498ca4ca8a473a77f4836118174c,6b77186208c52d24f149623764abc3080e55d3746f2bb5bace241797a96a962e,changed
manuscript/FORMATTING_FIX_REPORT.md,cd914c51a272a0e683b8b6254ca2966347bdf3e8ae2a5f3616224adae3b46928,cd914c51a272a0e683b8b6254ca2966347bdf3e8ae2a5f3616224adae3b46928,unchanged
manuscript/JOURNAL_TARGET_ASSESSMENT.md,92eadb769a7c388dbe20bb87d7ca3a5fdf93294b26010bb0efdcc22e2e882674,92eadb769a7c388dbe20bb87d7ca3a5fdf93294b26010bb0efdcc22e2e882674,unchanged
manuscript/LATEX_PRODUCTION_AUDIT.md,b56e8fbdbb90902eabc29aa574fcd440bd6ccbc7cf263b029395cdeac0948848,b56e8fbdbb90902eabc29aa574fcd440bd6ccbc7cf263b029395cdeac0948848,unchanged
manuscript/LATEX_VALIDATION_REPORT.md,fc486ae1af2e2ecd3ed8ad3e5865c9874130e83ffbdcdfbe3d45e8b36dd76843,fc486ae1af2e2ecd3ed8ad3e5865c9874130e83ffbdcdfbe3d45e8b36dd76843,unchanged
manuscript/Makefile,c5dffbe7456755683fa4ba643e5b9888be4c03ed9b446076c4d3dca9f49f8daa,c5dffbe7456755683fa4ba643e5b9888be4c03ed9b446076c4d3dca9f49f8daa,unchanged
manuscript/NUMERICAL_VERIFICATION_REPORT.md,81068cb4d0bca70660743b1ff7a01a45c146d514cfd70a38f68ef6917adbcdfe,81068cb4d0bca70660743b1ff7a01a45c146d514cfd70a38f68ef6917adbcdfe,unchanged
manuscript/PUBLICATION_GUIDE.md,c74435c5e05feabb92306d165a90264ed5f14f8aa6e07cad9b62c40eb2bc676c,c74435c5e05feabb92306d165a90264ed5f14f8aa6e07cad9b62c40eb2bc676c,unchanged
manuscript/PUBLISHER_PROOF_REPORT.md,85a54e176f29df2787a858a5ebf35c39bc24cf642219325fa2ea55f508d52698,85a54e176f29df2787a858a5ebf35c39bc24cf642219325fa2ea55f508d52698,unchanged
manuscript/TABLE_SOURCE_MANIFEST.csv,5c87727ed46516480acbd860389be7ca865e0b5fefe6e3c136effb437750b164,5c87727ed46516480acbd860389be7ca865e0b5fefe6e3c136effb437750b164,unchanged
manuscript/build.ps1,dd0e59777c56bf43af43a9508c20b192f81c2d6f43b628c439923da544a02315,dd0e59777c56bf43af43a9508c20b192f81c2d6f43b628c439923da544a02315,unchanged
manuscript/build.sh,aa6c95c8aa63994c9c3773ed794303793ea4402dd7e3a374dc34ca5ebc9e7215,aa6c95c8aa63994c9c3773ed794303793ea4402dd7e3a374dc34ca5ebc9e7215,unchanged
manuscript/figures/Fig1_architecture.pdf,1db25142b23b34d3978b7172b92b457a6997177d4b4be6c99dd2b0eda9ca37d0,1db25142b23b34d3978b7172b92b457a6997177d4b4be6c99dd2b0eda9ca37d0,unchanged
manuscript/figures/Fig1_architecture.png,e1e9bbedaab9f6e0f56f498ce069b5a0e840383f4173b95c5b64c15b2da89960,e1e9bbedaab9f6e0f56f498ce069b5a0e840383f4173b95c5b64c15b2da89960,unchanged
manuscript/figures/Fig1_architecture.svg,7d7591ca8481c17bac17ac23a402485d50e078a6b34ac655f67b12227af1cd88,7d7591ca8481c17bac17ac23a402485d50e078a6b34ac655f67b12227af1cd88,unchanged
manuscript/figures/Fig2A_low_trace.svg,af37c5645e962d2814ef453194b831ef1f9b1a2e9931cc2cc10a22ad77bc2b46,af37c5645e962d2814ef453194b831ef1f9b1a2e9931cc2cc10a22ad77bc2b46,unchanged
manuscript/figures/Fig2B_intermediate_trace.svg,6771c4ad3421f13dec3487563f5de3dac750e5e2ffcbd87c859bfab122bdeeda,6771c4ad3421f13dec3487563f5de3dac750e5e2ffcbd87c859bfab122bdeeda,unchanged
manuscript/figures/Fig2C_high_trace.svg,bc5fa9a9228f5d2c0e6241375d5cf30bb69627d84bc5ab8eae070bd7345e6ac7,bc5fa9a9228f5d2c0e6241375d5cf30bb69627d84bc5ab8eae070bd7345e6ac7,unchanged
manuscript/figures/Fig3A_fixed_load_somatic.svg,6911a3157e945b16fcd6022216c085d9410f5d9fc871f0432dc9faf974e2e070,6911a3157e945b16fcd6022216c085d9410f5d9fc871f0432dc9faf974e2e070,unchanged
manuscript/figures/Fig3B_fixed_load_amplitude.svg,954b1533b483aa59aba07e6ecec37836f5e69e258701ce959db726c2cee469a7,954b1533b483aa59aba07e6ecec37836f5e69e258701ce959db726c2cee469a7,unchanged
manuscript/figures/Fig3C_matched_neck_somatic.svg,d7709e251d6efec7c5aa21de3da44da900e82c753ef0141185c775a45e898a89,d7709e251d6efec7c5aa21de3da44da900e82c753ef0141185c775a45e898a89,unchanged
manuscript/figures/Fig3D_matched_neck_amplitude.svg,57bfb8f3e759585e8982c414a5b8241746d118155c562eb29fa456daa4384b64,57bfb8f3e759585e8982c414a5b8241746d118155c562eb29fa456daa4384b64,unchanged
manuscript/figures/Fig4A_passive_local.svg,a23a1f8a1c22b4c6d522087abe38b24af4a8b2912ab83edc39757e3099ccf3be,a23a1f8a1c22b4c6d522087abe38b24af4a8b2912ab83edc39757e3099ccf3be,unchanged
manuscript/figures/Fig4B_impedance_spectrum.svg,cb35b6e29f1680823f3f8acec5ee388f23a67fcfc6a0e1587d0495213ce9f817,cb35b6e29f1680823f3f8acec5ee388f23a67fcfc6a0e1587d0495213ce9f817,unchanged
manuscript/figures/Fig5A_passive_somatic.svg,aeaf677b1e1110be670230b75ae96c6630f585891567d49450bb7f4f5cd64d50,aeaf677b1e1110be670230b75ae96c6630f585891567d49450bb7f4f5cd64d50,unchanged
manuscript/figures/Fig5B_dynamic_smi.svg,5d2daa40368209f12f1e9de0738689b51358456f3fe39748d5abb67d01ac02e1,5d2daa40368209f12f1e9de0738689b51358456f3fe39748d5abb67d01ac02e1,unchanged
manuscript/figures/Fig6A_active_local.svg,25e2a21a7e434a57b1b2b692a1770750d512ff090277430f538d6a0330ce71d7,25e2a21a7e434a57b1b2b692a1770750d512ff090277430f538d6a0330ce71d7,unchanged
manuscript/figures/Fig6B_active_amplitude.svg,80bb719dc59167432b3899adf3117b0bbacb41a50799b95af94b3b40f849f4b1,80bb719dc59167432b3899adf3117b0bbacb41a50799b95af94b3b40f849f4b1,unchanged
manuscript/figures/Fig7A_smi_convergence.svg,08e30b906538110ef4ce399e87390999a43fee36a150013f723f1077b897ee5c,08e30b906538110ef4ce399e87390999a43fee36a150013f723f1077b897ee5c,unchanged
manuscript/figures/Fig7B_radius_flips.svg,e8280701f7060d1c7f9d1857deb8c175f129519352bdc0929d5521427cc9387c,e8280701f7060d1c7f9d1857deb8c175f129519352bdc0929d5521427cc9387c,unchanged
manuscript/figures/Fig8A_amplitude_counterexamples.svg,7351bbc3a1c3a161c2b6488a1afade1fc17a123712accfe9d73abcf061722b77,7351bbc3a1c3a161c2b6488a1afade1fc17a123712accfe9d73abcf061722b77,unchanged
manuscript/figures/Fig8B_predictor_stability.svg,45e051593d110081d2fcdee53dc42797d27c0bffc713ead0bfd20a939ca53210,45e051593d110081d2fcdee53dc42797d27c0bffc713ead0bfd20a939ca53210,unchanged
manuscript/figures_pdf/Fig1_architecture.pdf,b81107cb00a4424045d9ec55a9015e0193e031d6442121d6a96287d127902aca,b81107cb00a4424045d9ec55a9015e0193e031d6442121d6a96287d127902aca,unchanged
manuscript/figures_pdf/Fig2A_low_trace.pdf,f6213713d21e77374e345e91fd2068211e353773b6f1b3e9c2b67352341f004f,f6213713d21e77374e345e91fd2068211e353773b6f1b3e9c2b67352341f004f,unchanged
manuscript/figures_pdf/Fig2B_intermediate_trace.pdf,9881457e446c65c6bf3c62f9523cb3364004e6683ee588c93e9066e9d8902610,9881457e446c65c6bf3c62f9523cb3364004e6683ee588c93e9066e9d8902610,unchanged
manuscript/figures_pdf/Fig2C_high_trace.pdf,76f8bd9b7e9f1ccfb82b7bcb6fc1dbcc17b6d98a38f9df790fe47d5fdec384ff,76f8bd9b7e9f1ccfb82b7bcb6fc1dbcc17b6d98a38f9df790fe47d5fdec384ff,unchanged
manuscript/figures_pdf/Fig3A_fixed_load_somatic.pdf,aefea695a015c847ac435e39df051c1b4af81ab0b5f019a0cf18bf51d8d127e1,aefea695a015c847ac435e39df051c1b4af81ab0b5f019a0cf18bf51d8d127e1,unchanged
manuscript/figures_pdf/Fig3B_fixed_load_amplitude.pdf,b6df5e8cd14f81b32a3ef389b419460e61740e6bd0c474497deee6cb177d64a9,b6df5e8cd14f81b32a3ef389b419460e61740e6bd0c474497deee6cb177d64a9,unchanged
manuscript/figures_pdf/Fig3C_matched_neck_somatic.pdf,0d7fed4500ec1b7d55fe183049e8c2f475aa17260360250877d331b2feb83063,0d7fed4500ec1b7d55fe183049e8c2f475aa17260360250877d331b2feb83063,unchanged
manuscript/figures_pdf/Fig3D_matched_neck_amplitude.pdf,ff763e758d91dcc2617208e59b979bf7eab0eec08db15cb29f22422a2da07a13,ff763e758d91dcc2617208e59b979bf7eab0eec08db15cb29f22422a2da07a13,unchanged
manuscript/figures_pdf/Fig4A_passive_local.pdf,c355c329e8112b942312678ffeefcb7edfadcd536f230e1a4392fb36aab63d7d,c355c329e8112b942312678ffeefcb7edfadcd536f230e1a4392fb36aab63d7d,unchanged
manuscript/figures_pdf/Fig4B_impedance_spectrum.pdf,7734d13ae8c9fc1a637a3c58ca633d20246e15331f54d1e3cdee938506583206,7734d13ae8c9fc1a637a3c58ca633d20246e15331f54d1e3cdee938506583206,unchanged
manuscript/figures_pdf/Fig5A_passive_somatic.pdf,d582cc2dd6bcce9b1d72ddffc92492dcf83b87ec8b1294b21eeb294c822b4b79,d582cc2dd6bcce9b1d72ddffc92492dcf83b87ec8b1294b21eeb294c822b4b79,unchanged
manuscript/figures_pdf/Fig5B_dynamic_smi.pdf,bfe953e94bc56d4d94c91f7b4d70091f2b8c82d69673fe28abb02fb7afed1ad6,bfe953e94bc56d4d94c91f7b4d70091f2b8c82d69673fe28abb02fb7afed1ad6,unchanged
manuscript/figures_pdf/Fig6A_active_local.pdf,84ca76589976348c40049de509dd57cd42c207cdd3889f5f66a453db24080a2e,84ca76589976348c40049de509dd57cd42c207cdd3889f5f66a453db24080a2e,unchanged
manuscript/figures_pdf/Fig6B_active_amplitude.pdf,549e90160899f26939be49150680b7edb4721c34f2841199e63aeaaa9f63f7aa,549e90160899f26939be49150680b7edb4721c34f2841199e63aeaaa9f63f7aa,unchanged
manuscript/figures_pdf/Fig7A_smi_convergence.pdf,cab576391ff2a3088214e0076b7bc494ad4214ceff029523fa32e7e82625210c,cab576391ff2a3088214e0076b7bc494ad4214ceff029523fa32e7e82625210c,unchanged
manuscript/figures_pdf/Fig7B_radius_flips.pdf,e88bf9ec33805ae2fbbc37b5d93631a4e92b07fc1f853a0b7536ffa666bbce0a,e88bf9ec33805ae2fbbc37b5d93631a4e92b07fc1f853a0b7536ffa666bbce0a,unchanged
manuscript/figures_pdf/Fig8A_amplitude_counterexamples.pdf,e001069afcb622e3490a34ceb0307777ee8694e2378691d58c19ce63dcfdbc2b,e001069afcb622e3490a34ceb0307777ee8694e2378691d58c19ce63dcfdbc2b,unchanged
manuscript/figures_pdf/Fig8B_predictor_stability.pdf,9590de1ebb6bf172481650ddaae2bc416821df39ab03f03085e4198437539118,9590de1ebb6bf172481650ddaae2bc416821df39ab03f03085e4198437539118,unchanged
manuscript/figures_publication/Fig1_architecture.pdf,162ccad468b689288f30312c3ef3e9ee626cae42c92ea78982d40db77f00a173,162ccad468b689288f30312c3ef3e9ee626cae42c92ea78982d40db77f00a173,unchanged
manuscript/figures_publication/Fig1_architecture.png,600ed674c83147bc0f87f1852d6a3c964e57f03e7d575f14cb172a9c53cf5d4b,600ed674c83147bc0f87f1852d6a3c964e57f03e7d575f14cb172a9c53cf5d4b,unchanged
manuscript/figures_publication/Fig1_architecture.svg,b470af1ac7b42fcba92a7a7480fb0bca3ab8c98f4b015f377b7475064e1cbac3,b470af1ac7b42fcba92a7a7480fb0bca3ab8c98f4b015f377b7475064e1cbac3,unchanged
manuscript/figures_publication/Fig2_baseline_traces.pdf,c007a47e8a91e32733d69e3a97969647003fda53a29d9214eb04be82d8aef163,c007a47e8a91e32733d69e3a97969647003fda53a29d9214eb04be82d8aef163,unchanged
manuscript/figures_publication/Fig2_baseline_traces.png,a86f5737c67998b6c31b8621fcd66f3c8a9d77bb3a04ba8d86a9c9d2bd09db96,a86f5737c67998b6c31b8621fcd66f3c8a9d77bb3a04ba8d86a9c9d2bd09db96,unchanged
manuscript/figures_publication/Fig2_baseline_traces.svg,e94bc84e209fdf3b38761d300122433b1ee15f82cc33229903100f8f775cb4e6,e94bc84e209fdf3b38761d300122433b1ee15f82cc33229903100f8f775cb4e6,unchanged
manuscript/figures_publication/Fig3_divider_residuals.pdf,42d6f9b68fe1bdbe05600e7d173099324e2b99dedaeb478fb17804eb1871c301,42d6f9b68fe1bdbe05600e7d173099324e2b99dedaeb478fb17804eb1871c301,unchanged
manuscript/figures_publication/Fig3_divider_residuals.png,016d1042588af951b5979e58f01fcb0a3485766f41a42dfb18b92d3e8425d932,016d1042588af951b5979e58f01fcb0a3485766f41a42dfb18b92d3e8425d932,unchanged
manuscript/figures_publication/Fig3_divider_residuals.svg,0290dd78d2437e5e20db111739aa0c9fe0cd85de255b224bd102d44caf1adaa8,0290dd78d2437e5e20db111739aa0c9fe0cd85de255b224bd102d44caf1adaa8,unchanged
manuscript/figures_publication/Fig3_load_normalization.pdf,2c983f47d011231bd8bc900188e13cfe172633e213fddddd7ba302e5bb955dad,2c983f47d011231bd8bc900188e13cfe172633e213fddddd7ba302e5bb955dad,unchanged
manuscript/figures_publication/Fig3_load_normalization.png,9e2246ed34ec45277ffddbcfa967e77457b68645d7fb00f5ad93dae6a58dbc9f,9e2246ed34ec45277ffddbcfa967e77457b68645d7fb00f5ad93dae6a58dbc9f,unchanged
manuscript/figures_publication/Fig3_load_normalization.svg,6f1db2e8d194c86531a8b4bc14af885cc54bede5c730cf7f291e5722f3568393,6f1db2e8d194c86531a8b4bc14af885cc54bede5c730cf7f291e5722f3568393,unchanged
manuscript/figures_publication/Fig4_passive_domain.pdf,a44d32086ed56b2e90e198a3e314d6da0373468cc5bdb00b05660dc7758b6388,a44d32086ed56b2e90e198a3e314d6da0373468cc5bdb00b05660dc7758b6388,unchanged
manuscript/figures_publication/Fig4_passive_domain.png,952ab9f7219d0f7f260a8211085a980d2a36cbd3f4e36c423568c2c8fb0befb7,952ab9f7219d0f7f260a8211085a980d2a36cbd3f4e36c423568c2c8fb0befb7,unchanged
manuscript/figures_publication/Fig4_passive_domain.svg,c36b726c07b141aded3bb31936a19bef90e541a2900c85b56a5a898c7093c5eb,c36b726c07b141aded3bb31936a19bef90e541a2900c85b56a5a898c7093c5eb,unchanged
manuscript/figures_publication/Fig5_passive_limitations.pdf,f49533973532c1f3a0588d34e4a32873687c80df11fa381771c762d5742e5032,f49533973532c1f3a0588d34e4a32873687c80df11fa381771c762d5742e5032,unchanged
manuscript/figures_publication/Fig5_passive_limitations.png,3a94a9d0347bc01c971f8585dc3eaf5c5000f59e953d928c3b250822671920c6,3a94a9d0347bc01c971f8585dc3eaf5c5000f59e953d928c3b250822671920c6,unchanged
manuscript/figures_publication/Fig5_passive_limitations.svg,e0556eca7ee6abfd54a2de9940304057652dd32ae682cc1a258d5866225008b4,e0556eca7ee6abfd54a2de9940304057652dd32ae682cc1a258d5866225008b4,unchanged
manuscript/figures_publication/Fig6_active_domain.pdf,99a9f4fa666ef7c46962ab35a7ad310a32aa16bbd92d52ac633fdc130285ec8f,99a9f4fa666ef7c46962ab35a7ad310a32aa16bbd92d52ac633fdc130285ec8f,unchanged
manuscript/figures_publication/Fig6_active_domain.png,a57712a861f18a6ce8b0ce9071b854163bf4c507289bb847da035abff0d6c9cc,a57712a861f18a6ce8b0ce9071b854163bf4c507289bb847da035abff0d6c9cc,unchanged
manuscript/figures_publication/Fig6_active_domain.svg,d2c75967536dbf9302020f9694a37ba5ec34d8bc43ff639a0745ef7ca5a9769e,d2c75967536dbf9302020f9694a37ba5ec34d8bc43ff639a0745ef7ca5a9769e,unchanged
manuscript/figures_publication/Fig7_uncertainty_radius.pdf,53a2bfbc8355e2eaa82f7e3bce9cb250e88737b260929be97f6ea93b1a0cf8ec,53a2bfbc8355e2eaa82f7e3bce9cb250e88737b260929be97f6ea93b1a0cf8ec,unchanged
manuscript/figures_publication/Fig7_uncertainty_radius.png,7ff23c644f40ba11cad2902a9f13656642d6dacf6a431a45e411bddf731d9de6,7ff23c644f40ba11cad2902a9f13656642d6dacf6a431a45e411bddf731d9de6,unchanged
manuscript/figures_publication/Fig7_uncertainty_radius.svg,fdaaff1769b32019055f34c2518715b54847b750c7e43d39be9179fed2207e97,fdaaff1769b32019055f34c2518715b54847b750c7e43d39be9179fed2207e97,unchanged
manuscript/figures_publication/Fig8_summary.pdf,e2a1da6829971f3c146304aee937ecae026f373482e960f5f907c27212860e26,e2a1da6829971f3c146304aee937ecae026f373482e960f5f907c27212860e26,unchanged
manuscript/figures_publication/Fig8_summary.png,f891b5dd148eaa5b973a029ad6f9e755740987cd1a86be838fa4580df1394533,f891b5dd148eaa5b973a029ad6f9e755740987cd1a86be838fa4580df1394533,unchanged
manuscript/figures_publication/Fig8_summary.svg,6a78cb8d6b2f49ec5178eb14fa1254b761f11ab32861570ebf07b86ddba6fedc,6a78cb8d6b2f49ec5178eb14fa1254b761f11ab32861570ebf07b86ddba6fedc,unchanged
manuscript/figures_publication/FigS10_external_summary_load_sensitivity.pdf,,7819a036c5de85bdce61ee99e9189b1ce338fff982b32f18d6083ebcc0181f15,added
manuscript/figures_publication/FigS10_external_summary_load_sensitivity.png,,60705403fdafe56016f594424068edee105b77593d263870f2b97c049b0ee8f7,added
manuscript/figures_publication/FigS10_external_summary_load_sensitivity.svg,,7177ebc757d5c87a217f96eaa7bc6fda98e08dec94574e63322921119ed01d59,added
manuscript/figures_publication/FigS1_fixed_load_heatmap.pdf,a347a10de56fe410c572752d78f9ba261db68154dff7022d8679fa356e214b35,a347a10de56fe410c572752d78f9ba261db68154dff7022d8679fa356e214b35,unchanged
manuscript/figures_publication/FigS1_fixed_load_heatmap.png,83b93e2514ed56b0da50427877f9e4bfa0e0ec8eb4ce5d5b1b9289d11118d72e,83b93e2514ed56b0da50427877f9e4bfa0e0ec8eb4ce5d5b1b9289d11118d72e,unchanged
manuscript/figures_publication/FigS1_fixed_load_heatmap.svg,e1b113903cf64af6d700b587c2ac3fc5c39f01c324c2b6acd12344cc2d688c2d,e1b113903cf64af6d700b587c2ac3fc5c39f01c324c2b6acd12344cc2d688c2d,unchanged
manuscript/figures_publication/FigS2_dt_convergence.pdf,aabc6ec3a1c842c6a25b1e0e42bd98eb06f7a11b754011c79a28d9fd39e522bb,aabc6ec3a1c842c6a25b1e0e42bd98eb06f7a11b754011c79a28d9fd39e522bb,unchanged
manuscript/figures_publication/FigS2_dt_convergence.png,6ae83d2cf46c6e0c59d8caa95041813403470cb04e79ddfc8d06ec5ca01cf049,6ae83d2cf46c6e0c59d8caa95041813403470cb04e79ddfc8d06ec5ca01cf049,unchanged
manuscript/figures_publication/FigS2_dt_convergence.svg,9747da72b874aac4df8ac071cd7e8f1a1dc6d2d90a10ae040d0f30020f182bae,9747da72b874aac4df8ac071cd7e8f1a1dc6d2d90a10ae040d0f30020f182bae,unchanged
manuscript/figures_publication/FigS3_spatial_convergence.pdf,f1f0a9885a43315fc26c1c04f14d4a1ecf25ac4595b682ea055635625d50dfb5,f1f0a9885a43315fc26c1c04f14d4a1ecf25ac4595b682ea055635625d50dfb5,unchanged
manuscript/figures_publication/FigS3_spatial_convergence.png,64cb12de67c4dd081302cbc802bba10dee07fad0b37fd2500dff5cac92f021e2,64cb12de67c4dd081302cbc802bba10dee07fad0b37fd2500dff5cac92f021e2,unchanged
manuscript/figures_publication/FigS3_spatial_convergence.svg,7391fb0d2ba4461f588977b26cc9e8ef33f457fafaf0cda830b4f7c94df25abb,7391fb0d2ba4461f588977b26cc9e8ef33f457fafaf0cda830b4f7c94df25abb,unchanged
manuscript/figures_publication/FigS4_neck_models.pdf,7c92f0970c35fcbf8c666a780687c1ab3d7fb436c6b0168f4ed9521b48ff7b82,7c92f0970c35fcbf8c666a780687c1ab3d7fb436c6b0168f4ed9521b48ff7b82,unchanged
manuscript/figures_publication/FigS4_neck_models.png,34f29091309f42831b5aa2045b7a1a96af345e8438a135e12f5453fea0e59f3e,34f29091309f42831b5aa2045b7a1a96af345e8438a135e12f5453fea0e59f3e,unchanged
manuscript/figures_publication/FigS4_neck_models.svg,5f791708cf1c8cc85ed172dd9355ab9d099ece1b10ee30210e4a5b6d2cd40fca,5f791708cf1c8cc85ed172dd9355ab9d099ece1b10ee30210e4a5b6d2cd40fca,unchanged
manuscript/figures_publication/FigS5_smi_interval_width.pdf,e0cb1d24d109cb396156778ccd5dc753bffcf78c5469fed8309f93ecc4b06dc7,e0cb1d24d109cb396156778ccd5dc753bffcf78c5469fed8309f93ecc4b06dc7,unchanged
manuscript/figures_publication/FigS5_smi_interval_width.png,27f3c88ddbe3f4503e6950da171c23a63f98d3420d8f10ec4841c711b6b30402,27f3c88ddbe3f4503e6950da171c23a63f98d3420d8f10ec4841c711b6b30402,unchanged
manuscript/figures_publication/FigS5_smi_interval_width.svg,29e5721fd873d863866bee1a6b862bb435c28649874d5b1c43c9764cfa120eba,29e5721fd873d863866bee1a6b862bb435c28649874d5b1c43c9764cfa120eba,unchanged
manuscript/figures_publication/FigS6_active_protocol_strength.pdf,70b182c5ba4780e7fc43b89d941d8f547e22082d17702b541cfbd43d0260e142,70b182c5ba4780e7fc43b89d941d8f547e22082d17702b541cfbd43d0260e142,unchanged
manuscript/figures_publication/FigS6_active_protocol_strength.png,51bb131ef274a38939bc07ab7bb5715b8285f5703bb61e622fe49896d2c114e2,51bb131ef274a38939bc07ab7bb5715b8285f5703bb61e622fe49896d2c114e2,unchanged
manuscript/figures_publication/FigS6_active_protocol_strength.svg,c11492652a85cb0185ec070f823dd74c48f75ec4553aee32b68b0e9978d0ce06,c11492652a85cb0185ec070f823dd74c48f75ec4553aee32b68b0e9978d0ce06,unchanged
manuscript/figures_publication/FigS7_active_impedance.pdf,8d51c08ad5b6e9302c5201a4125b97bbbc66a74506a0206557412e57e2df13c8,8d51c08ad5b6e9302c5201a4125b97bbbc66a74506a0206557412e57e2df13c8,unchanged
manuscript/figures_publication/FigS7_active_impedance.png,d8d6a8e19d2dbf922416b579b94324de1439ff42c0b2c6d49c1738af333422fd,d8d6a8e19d2dbf922416b579b94324de1439ff42c0b2c6d49c1738af333422fd,unchanged
manuscript/figures_publication/FigS7_active_impedance.svg,c6d9226e66141307463223ea33e1eac50bd189fa67564e2266e83512ce3a89b8,c6d9226e66141307463223ea33e1eac50bd189fa67564e2266e83512ce3a89b8,unchanged
manuscript/figures_publication/FigS8_phase06_smi_amplitude.pdf,be0d34ddf5cf34be85cdea62ad6a978288b059d19c2aef82aaf34e6d4c223483,be0d34ddf5cf34be85cdea62ad6a978288b059d19c2aef82aaf34e6d4c223483,unchanged
manuscript/figures_publication/FigS8_phase06_smi_amplitude.png,bd429264bf43027f463fe9cdc73338e9abd24c203e33e3cf320ecca80cd1456d,bd429264bf43027f463fe9cdc73338e9abd24c203e33e3cf320ecca80cd1456d,unchanged
manuscript/figures_publication/FigS8_phase06_smi_amplitude.svg,52bd0fe8614350fb509d90b7f187a0b09a2f9e7dab00e0167afe54d17aabca9b,52bd0fe8614350fb509d90b7f187a0b09a2f9e7dab00e0167afe54d17aabca9b,unchanged
manuscript/figures_publication/FigS9_phase06_uncertainty.pdf,2e7ee066930706f86b93ebee26490c156ca5b5f32c902a1ef5b28bd3ca2ae213,2e7ee066930706f86b93ebee26490c156ca5b5f32c902a1ef5b28bd3ca2ae213,unchanged
manuscript/figures_publication/FigS9_phase06_uncertainty.png,21ca2c78d8a5e04c69bb8597d8f8eabaf3aa99ca488be5a77fbacc882bbd6902,21ca2c78d8a5e04c69bb8597d8f8eabaf3aa99ca488be5a77fbacc882bbd6902,unchanged
manuscript/figures_publication/FigS9_phase06_uncertainty.svg,342d93ef81710b08fd42939bb4f9ea3bfae419ebb0c527ff77894fc588581c6a,342d93ef81710b08fd42939bb4f9ea3bfae419ebb0c527ff77894fc588581c6a,unchanged
manuscript/main_blinded.tex,df03a21173d10326b9ca633ebf8eb377a0232e5f36db1715077ec81ca448fb83,df03a21173d10326b9ca633ebf8eb377a0232e5f36db1715077ec81ca448fb83,unchanged
manuscript/main_unblinded.tex,8ad7e2c041fe1ebe3d687aed1aab8a871c72c36753106ac3488afc86ad832abd,8ad7e2c041fe1ebe3d687aed1aab8a871c72c36753106ac3488afc86ad832abd,unchanged
manuscript/metadata.tex,2f8a48c78cecf9a6eff25737d23b80b5646b2096981001919efabf5ce206bed2,2f8a48c78cecf9a6eff25737d23b80b5646b2096981001919efabf5ce206bed2,unchanged
manuscript/preamble.tex,7abfd3c0732f979b7b5a1540c2bb2fb8595643e141ea3aeddcc288d3e710bf27,7abfd3c0732f979b7b5a1540c2bb2fb8595643e141ea3aeddcc288d3e710bf27,unchanged
manuscript/references.bib,9abcea1e4570831707abde0af2bc15c3df803771d1ad4e7d76fde50cf2b964b2,9abcea1e4570831707abde0af2bc15c3df803771d1ad4e7d76fde50cf2b964b2,unchanged
manuscript/render_figure_pdfs.py,a3a7284d418bbbc00f73003510eaff888bcf3d99bfb1af5807ddbb31ff5ae6a2,a3a7284d418bbbc00f73003510eaff888bcf3d99bfb1af5807ddbb31ff5ae6a2,unchanged
manuscript/revision_restart/PHASE0_ANALYSIS_REQUIREMENTS_SPEC.md,c07892dbb4d3b9708f22fc4c710d4315ec0a0c5c5034a3afd73dcaad70cf3777,c07892dbb4d3b9708f22fc4c710d4315ec0a0c5c5034a3afd73dcaad70cf3777,unchanged
manuscript/revision_restart/PHASE0_DECISION_QUEUES.md,6421a6e823d90ad0bdb83646c6e5cca6704d764854a73ffb85583c77d2d51067,6421a6e823d90ad0bdb83646c6e5cca6704d764854a73ffb85583c77d2d51067,unchanged
manuscript/revision_restart/PHASE0_EXECUTIVE_TRIAGE.md,044534caff4a628618feecdeb445a73431b5db6e335cbbc51b5849b626e53bc8,044534caff4a628618feecdeb445a73431b5db6e335cbbc51b5849b626e53bc8,unchanged
manuscript/revision_restart/PHASE0_EXTERNAL_REVIEW_SOURCE.md,cc62eef531bf6bc07ff6d19b8196156a6c8dc28258ebfbe1b04899152a82f7ee,cc62eef531bf6bc07ff6d19b8196156a6c8dc28258ebfbe1b04899152a82f7ee,unchanged
manuscript/revision_restart/PHASE0_FIGURE_SVG_SEARCH_RAW_HITS.csv,f733b28168a8bc6ba5c48b853b5ac9f360cedf8f1bdc9f46c5e15c690a0725f0,f733b28168a8bc6ba5c48b853b5ac9f360cedf8f1bdc9f46c5e15c690a0725f0,unchanged
manuscript/revision_restart/PHASE0_NEXT_PHASE_HANDOFF.md,66adf54a1ff79a2e6374c80de570c5ebdf69938e02e2daffe79581790fd0562e,66adf54a1ff79a2e6374c80de570c5ebdf69938e02e2daffe79581790fd0562e,unchanged
manuscript/revision_restart/PHASE0_PDF_TEXT_SEARCH_RAW_HITS.csv,820f87611ed87dd57a8e60603be41463682fe7f929a5dc687996293199b4cfea,820f87611ed87dd57a8e60603be41463682fe7f929a5dc687996293199b4cfea,unchanged
manuscript/revision_restart/PHASE0_PHASE_ARCHITECTURE.md,e9c7d8958473a507217a985b4c69fed4f8276c7bc7571e297252358e0f5e1c74,e9c7d8958473a507217a985b4c69fed4f8276c7bc7571e297252358e0f5e1c74,unchanged
manuscript/revision_restart/PHASE0_PROTECTED_HASHES_AFTER.csv,a00a325f3728b1aeec55f30899e206b7c6c0ba9543cc8c06c7e68408b8bdde93,a00a325f3728b1aeec55f30899e206b7c6c0ba9543cc8c06c7e68408b8bdde93,unchanged
manuscript/revision_restart/PHASE0_PROTECTED_HASHES_BEFORE.csv,a00a325f3728b1aeec55f30899e206b7c6c0ba9543cc8c06c7e68408b8bdde93,a00a325f3728b1aeec55f30899e206b7c6c0ba9543cc8c06c7e68408b8bdde93,unchanged
manuscript/revision_restart/PHASE0_REVIEW_RESPONSE_MATRIX.csv,c882330924f21a06ad0972ce81bcc0cb360f1fe5934f7fd396fa2426ab08907e,c882330924f21a06ad0972ce81bcc0cb360f1fe5934f7fd396fa2426ab08907e,unchanged
manuscript/revision_restart/PHASE0_REVISED_THESIS_BLUEPRINT.md,74b9e75d76cde477530655cc237d55a2e5fd4f499596dc4fb26ed61787fdcb94,74b9e75d76cde477530655cc237d55a2e5fd4f499596dc4fb26ed61787fdcb94,unchanged
manuscript/revision_restart/PHASE0_RISK_REGISTER.md,bc5e608bbcdd519cdadda2dfe3c1b1aec0f0c612d08df7403f46d3346260d029,bc5e608bbcdd519cdadda2dfe3c1b1aec0f0c612d08df7403f46d3346260d029,unchanged
manuscript/revision_restart/PHASE0_STATIC_SEARCH_AUDIT.md,7e1f0cb1a063d964802e7b1d4ddb7c071ecc4dcb6746bdd790d4b9da8fe997bf,7e1f0cb1a063d964802e7b1d4ddb7c071ecc4dcb6746bdd790d4b9da8fe997bf,unchanged
manuscript/revision_restart/PHASE0_STATIC_SEARCH_RAW_HITS.csv,c5ff3a10345c2e985bcc544cceafd33077a2f4b0fe0c3c0ee4bcb130c378b85a,c5ff3a10345c2e985bcc544cceafd33077a2f4b0fe0c3c0ee4bcb130c378b85a,unchanged
manuscript/revision_restart/PHASE1_ANALYTIC_DIVIDER_DERIVATION.md,76b55d22e1bcd50621852e5c9690c680c16c51496a1404ffaa870cc1209d5052,76b55d22e1bcd50621852e5c9690c680c16c51496a1404ffaa870cc1209d5052,unchanged
manuscript/revision_restart/PHASE1_CLAIM_REASSESSMENT.md,70fbe088a67952c40460c4993166ad34c5fa71416f9c780769ebe949a353bcef,70fbe088a67952c40460c4993166ad34c5fa71416f9c780769ebe949a353bcef,unchanged
manuscript/revision_restart/PHASE1_DATA_INVENTORY.md,91ae549552ceb9cc4e02a174fca1bbf0ef9c1c515fa000c537321e12aa88589d,91ae549552ceb9cc4e02a174fca1bbf0ef9c1c515fa000c537321e12aa88589d,unchanged
manuscript/revision_restart/PHASE1_DIAGNOSTIC_FIGURE_NOTES.md,5bca34361053a431ad2c4fc96c890676b08ec4db4187400ba409e637657ee7f1,5bca34361053a431ad2c4fc96c890676b08ec4db4187400ba409e637657ee7f1,unchanged
manuscript/revision_restart/PHASE1_MANUSCRIPT_INSERT_DRAFT.md,80564958fce8aeede56c2d71c2bba0dff1f1f60e29d8d9d2f8ff92ef75a3735b,80564958fce8aeede56c2d71c2bba0dff1f1f60e29d8d9d2f8ff92ef75a3735b,unchanged
manuscript/revision_restart/PHASE1_NEXT_PHASE_HANDOFF.md,1f9177c5c1c6c7a209228f8c75f0dfc5ea73a4cd9c35208cbc648dd72d85774b,1f9177c5c1c6c7a209228f8c75f0dfc5ea73a4cd9c35208cbc648dd72d85774b,unchanged
manuscript/revision_restart/PHASE1_RESIDUAL_ANALYSIS_REPORT.md,fdf72d0d5275a0ed5da6d239de50eb9397d397dffea7a03a6b223e7fba128784,fdf72d0d5275a0ed5da6d239de50eb9397d397dffea7a03a6b223e7fba128784,unchanged
manuscript/revision_restart/PHASE1_STATIC_LANGUAGE_AUDIT.md,403ca733d12df9b1f5c032fa22f568b27b3b34eee5f25c6515a98491b5bcbca7,403ca733d12df9b1f5c032fa22f568b27b3b34eee5f25c6515a98491b5bcbca7,unchanged
manuscript/revision_restart/PHASE1_STATIC_LANGUAGE_RAW_HITS.csv,8b2db8098975fb968f5f266a1bda024dd5ee03c1c04c6b22343ed4d1727496dc,8b2db8098975fb968f5f266a1bda024dd5ee03c1c04c6b22343ed4d1727496dc,unchanged
manuscript/revision_restart/PHASE2_CLAIM_REASSESSMENT.md,28e3f017ce6defb603c00f2dd1dceac63c079a00c25aef0d6af61ff96947b0f9,28e3f017ce6defb603c00f2dd1dceac63c079a00c25aef0d6af61ff96947b0f9,unchanged
manuscript/revision_restart/PHASE2_DESCRIPTOR_VALUE_ANALYSIS_REPORT.md,9fe021b9311a47b02c204747fe80ffb199e727257d5f002b2b27e25fafc63a88,9fe021b9311a47b02c204747fe80ffb199e727257d5f002b2b27e25fafc63a88,unchanged
manuscript/revision_restart/PHASE2_DIAGNOSTIC_FIGURE_NOTES.md,30c7bca08134399a24e5eeca80b05e2cb8b1f6d24bb1b6a83c07bf31694c985a,30c7bca08134399a24e5eeca80b05e2cb8b1f6d24bb1b6a83c07bf31694c985a,unchanged
manuscript/revision_restart/PHASE2_MANUSCRIPT_INSERT_DRAFT.md,243a8cbbd3f8acf62f949acdcc73f3a477b53336f2bddf4849c82cf2cf67228a,243a8cbbd3f8acf62f949acdcc73f3a477b53336f2bddf4849c82cf2cf67228a,unchanged
manuscript/revision_restart/PHASE2_NAMING_AND_NOVELTY_IMPLICATIONS.md,30dfa0bf8933a89952ca65498d2c96045de787f6674be7bf5f343776ef7154a2,30dfa0bf8933a89952ca65498d2c96045de787f6674be7bf5f343776ef7154a2,unchanged
manuscript/revision_restart/PHASE2_NEXT_PHASE_HANDOFF.md,177e8e6c537905abe182a995c2aed9e264a9a6df622addf5d4ecba942c342f35,177e8e6c537905abe182a995c2aed9e264a9a6df622addf5d4ecba942c342f35,unchanged
manuscript/revision_restart/PHASE2_STATIC_LANGUAGE_AUDIT.md,f10ad9b949a6e5ebf12b81a0917b8d9c7c66fa3ebb872d1c75327f14d6c0e322,f10ad9b949a6e5ebf12b81a0917b8d9c7c66fa3ebb872d1c75327f14d6c0e322,unchanged
manuscript/revision_restart/PHASE3_CLAIM_REFRAMING_TABLE.csv,707dc697e7f1f0c07c7ca49184c6b502ffb21d0c8f9b8f57114a07263a7fa98d,707dc697e7f1f0c07c7ca49184c6b502ffb21d0c8f9b8f57114a07263a7fa98d,unchanged
manuscript/revision_restart/PHASE3_HIGH_SMI_COVERAGE_REPORT.md,08f5816f2d43b179842030037a4d7b15c3c99806a054ba274862b65c931a0355,08f5816f2d43b179842030037a4d7b15c3c99806a054ba274862b65c931a0355,unchanged
manuscript/revision_restart/PHASE3_INTERVAL_REFRAMING_REPORT.md,97c9c1936839cf157dfd31a0ef523e6769f170438819be3ee799d84a2aa616b9,97c9c1936839cf157dfd31a0ef523e6769f170438819be3ee799d84a2aa616b9,unchanged
manuscript/revision_restart/PHASE3_MANUSCRIPT_INSERT_DRAFT.md,a9c6cc1cd41bd54ea0d64e68fdadf0be0ab5e645855837dc7bc3813d7202246b,a9c6cc1cd41bd54ea0d64e68fdadf0be0ab5e645855837dc7bc3813d7202246b,unchanged
manuscript/revision_restart/PHASE3_NEXT_PHASE_HANDOFF.md,9f36b12be36109bbae5e1463624a7337f62289303d6a71ad344cb07605399711,9f36b12be36109bbae5e1463624a7337f62289303d6a71ad344cb07605399711,unchanged
manuscript/revision_restart/PHASE3_PREDICTOR_LANGUAGE_REPORT.md,203a673aec5ab474e83906a59370a796ef5938a3885fd6dc8884efa51254b005,203a673aec5ab474e83906a59370a796ef5938a3885fd6dc8884efa51254b005,unchanged
manuscript/revision_restart/PHASE3_STATISTICAL_LANGUAGE_AUDIT.csv,ac99843ec5c1f232697b52447867a730ab3b64032d94ca8d219318f2ff1fe6c7,ac99843ec5c1f232697b52447867a730ab3b64032d94ca8d219318f2ff1fe6c7,unchanged
manuscript/revision_restart/PHASE3_STATISTICAL_REFRAMING_REPORT.md,b7ed8f744fda021543a371dde48f0f755691052817e2fe46bb538778b7dc8787,b7ed8f744fda021543a371dde48f0f755691052817e2fe46bb538778b7dc8787,unchanged
manuscript/revision_restart/PHASE4_CLAIM_REASSESSMENT.md,e43113a8a1f1ef78d3bc39ebc9b66de0f65ddb9485e784b0c905ea35d1c86f49,e43113a8a1f1ef78d3bc39ebc9b66de0f65ddb9485e784b0c905ea35d1c86f49,unchanged
manuscript/revision_restart/PHASE4_MANUSCRIPT_INSERT_DRAFT.md,24613ebec6913beca12dfd72d4042f13c32c5bc77236aaa11fa4a40c624d0ece,24613ebec6913beca12dfd72d4042f13c32c5bc77236aaa11fa4a40c624d0ece,unchanged
manuscript/revision_restart/PHASE4_NEXT_PHASE_HANDOFF.md,160e7a0c40d3cf1dce209dcc971dabfe9f9d614de4b5af6e7a6fd009d622d216,160e7a0c40d3cf1dce209dcc971dabfe9f9d614de4b5af6e7a6fd009d622d216,unchanged
manuscript/revision_restart/PHASE4_VALIDATION_INTERPRETATION.md,a42ec91921dc15939e74d49724e4d5d2f574a1ca23e7fd34df7f51c29d515b44,a42ec91921dc15939e74d49724e4d5d2f574a1ca23e7fd34df7f51c29d515b44,unchanged
manuscript/revision_restart/PHASE4_VALIDATION_STRATEGY.md,6fb8e8f034107f3812aeb3daf08c7ed00eb9811f0020fddb7bda527c099cc68e,6fb8e8f034107f3812aeb3daf08c7ed00eb9811f0020fddb7bda527c099cc68e,unchanged
manuscript/revision_restart/PHASE5_AVAILABILITY_LANGUAGE_OPTIONS.md,add84cee98309b467d1af6cc1d0170f47c265158a10d2312583277971edf5af8,add84cee98309b467d1af6cc1d0170f47c265158a10d2312583277971edf5af8,unchanged
manuscript/revision_restart/PHASE5_BLINDED_PACKAGE_IDENTIFIER_AUDIT.md,1db5f98c21086ea1c20e365a8e01de6403de2b24f6774d6e8c8ff22df99b09c7,1db5f98c21086ea1c20e365a8e01de6403de2b24f6774d6e8c8ff22df99b09c7,unchanged
manuscript/revision_restart/PHASE5_LICENSE_IP_DECISION_CHECKLIST.md,449c8692b18cfa03c5120fe342aa1fb9cc78f2b810f753502cf1b889e3da4e57,449c8692b18cfa03c5120fe342aa1fb9cc78f2b810f753502cf1b889e3da4e57,unchanged
manuscript/revision_restart/PHASE5_NEXT_PHASE_HANDOFF.md,6ee9ac2d801e1654c18f2943373ad7a4ee5d9a5c47f8d73824770213f1cc5a9b,6ee9ac2d801e1654c18f2943373ad7a4ee5d9a5c47f8d73824770213f1cc5a9b,unchanged
manuscript/revision_restart/PHASE5_PACKAGE_CONTENT_AUDIT.md,2cb98998fa566c5248a71abacf20318f0ea4c579075e7ede11d8eb32f48a3752,2cb98998fa566c5248a71abacf20318f0ea4c579075e7ede11d8eb32f48a3752,unchanged
manuscript/revision_restart/PHASE5_PACKAGE_MANIFEST_SUMMARY.md,c0e7c74f094be3c9f17d5ae49cf28966ceed9a0c81e25fd60464c952b7e9abee,c0e7c74f094be3c9f17d5ae49cf28966ceed9a0c81e25fd60464c952b7e9abee,unchanged
manuscript/revision_restart/PHASE5_RELEASE_READINESS_RISK_REGISTER.md,a70ab73e9476237900eebf0d0d72c4712a926ce35d5014eb004310658cc68353,a70ab73e9476237900eebf0d0d72c4712a926ce35d5014eb004310658cc68353,unchanged
manuscript/revision_restart/PHASE5_REPOSITORY_ARCHIVAL_PLAN.md,2337c88bc11db2fd2c625fc2daeefc343bad437ae02314d7a62e3bc6a84c4554,2337c88bc11db2fd2c625fc2daeefc343bad437ae02314d7a62e3bc6a84c4554,unchanged
manuscript/revision_restart/PHASE6_AVAILABILITY_LANGUAGE_FINAL_OPTIONS.md,2b6eda3b3d830f204aa8ad236b3ca72ea3d2a026e4f840802d5f3446b02c2360,2b6eda3b3d830f204aa8ad236b3ca72ea3d2a026e4f840802d5f3446b02c2360,unchanged
manuscript/revision_restart/PHASE6_FIGURE_TABLE_UPDATE_BLUEPRINT.md,dccb256016b55ec92d24f1ab66284ad4c9ad5e388be1e099ac8cb765d5fdf048,dccb256016b55ec92d24f1ab66284ad4c9ad5e388be1e099ac8cb765d5fdf048,unchanged
manuscript/revision_restart/PHASE6_NEXT_PHASE_HANDOFF.md,0f6235d02f0f55f328f396c9083c06f2f2f78544b9242f7b6794f289f3bfe2c8,0f6235d02f0f55f328f396c9083c06f2f2f78544b9242f7b6794f289f3bfe2c8,unchanged
manuscript/revision_restart/PHASE6_PHASE7_PROMPT_DRAFT.md,4e56d7432adceecb870a6e1ab0e1ace512b70bcaf83a67b322f38be21a1a3373,4e56d7432adceecb870a6e1ab0e1ace512b70bcaf83a67b322f38be21a1a3373,unchanged
manuscript/revision_restart/PHASE6_PRE_SUBMISSION_RISK_REVIEW.md,2fe589640a252da6fc94680d5332ea2a864c91094ceebd57ab199e2aef5eb4cb,2fe589640a252da6fc94680d5332ea2a864c91094ceebd57ab199e2aef5eb4cb,unchanged
manuscript/revision_restart/PHASE6_RESPONSE_TO_EXTERNAL_REVIEW_MATRIX.csv,5e03b3d19a33c0f06d5afced9fb99444a14e84b8819f981544e06b9d60e454b6,5e03b3d19a33c0f06d5afced9fb99444a14e84b8819f981544e06b9d60e454b6,unchanged
manuscript/revision_restart/PHASE6_REVISED_THESIS_AND_CLAIM_ARCHITECTURE.md,5b8563aef53eadb3cfcf390288d9d43019f4bfd45c1548b526dbb2efa204dcfc,5b8563aef53eadb3cfcf390288d9d43019f4bfd45c1548b526dbb2efa204dcfc,unchanged
manuscript/revision_restart/PHASE6_SECTION_REWRITE_BLUEPRINT.md,d8c53989b8d0cf7fd7f88fdc762988a00dcc8f6f37fef0d567bc7f974028bea7,d8c53989b8d0cf7fd7f88fdc762988a00dcc8f6f37fef0d567bc7f974028bea7,unchanged
manuscript/revision_restart/PHASE6_TITLE_AND_METRIC_NAME_RECOMMENDATION.md,41bc82a7e69cad262e520d1d10f7c01127038898d832cf3b34e33103e1979776,41bc82a7e69cad262e520d1d10f7c01127038898d832cf3b34e33103e1979776,unchanged
manuscript/revision_restart/PHASE7_AVAILABILITY_AND_BLINDING_AUDIT.md,d60a1dd7a59c41c20a0b9352e6305888a2242c0838451e350c6ba9a46878227f,d60a1dd7a59c41c20a0b9352e6305888a2242c0838451e350c6ba9a46878227f,unchanged
manuscript/revision_restart/PHASE7_CLAIM_UPDATE_LOG.csv,1c70c3368d99cdd91bddb701c6a030112b3e2dbcef1618f4b1a12ff47023a30e,1c70c3368d99cdd91bddb701c6a030112b3e2dbcef1618f4b1a12ff47023a30e,unchanged
manuscript/revision_restart/PHASE7_FIGURE_UPDATE_REPORT.md,1fe9f4a864e6417d92d7ba1dc807c676c90b6620e46f8a43d5d9f46df80d4c80,1fe9f4a864e6417d92d7ba1dc807c676c90b6620e46f8a43d5d9f46df80d4c80,unchanged
manuscript/revision_restart/PHASE7_LATEX_STATIC_OR_BUILD_REPORT.md,bcde611cfa5bd55650f90e9dcc666b004ef2f4512a9dd84786bf02261b3f9e70,bcde611cfa5bd55650f90e9dcc666b004ef2f4512a9dd84786bf02261b3f9e70,unchanged
manuscript/revision_restart/PHASE7_MANUSCRIPT_REWRITE_REPORT.md,f71a50a05fbf38da02354b86969b52a7714bc4a66a840f84d64aae6fac36da19,f71a50a05fbf38da02354b86969b52a7714bc4a66a840f84d64aae6fac36da19,unchanged
manuscript/revision_restart/PHASE7_NEXT_PHASE_HANDOFF.md,dc74145e6e0797607b71b18f03750ac5689a52f66b5e2baa38c92c2f05e35ded,dc74145e6e0797607b71b18f03750ac5689a52f66b5e2baa38c92c2f05e35ded,unchanged
manuscript/revision_restart/PHASE7_STATIC_LANGUAGE_AUDIT.md,9cb154c9914271bad121a5c3859598f92d8c1dd0ed905acfcf7bccd6f58642ef,9cb154c9914271bad121a5c3859598f92d8c1dd0ed905acfcf7bccd6f58642ef,unchanged
manuscript/revision_restart/PHASE7_TABLE_UPDATE_REPORT.md,50b0256ada3f3470573a7cd6c56f0866212b92fa70ce9a36efda3f6cf8b27568,50b0256ada3f3470573a7cd6c56f0866212b92fa70ce9a36efda3f6cf8b27568,unchanged
manuscript/revision_restart/PHASE8_BUILD_AND_VALIDATION_REPORT.md,d934bc3225ea197fad0ed0caa071719f00f3b6f978a920061dbe132495d25dbe,d934bc3225ea197fad0ed0caa071719f00f3b6f978a920061dbe132495d25dbe,unchanged
manuscript/revision_restart/PHASE8_CLAIM_EVIDENCE_AUDIT.csv,3b9d4e1f0a043a126b2ecf688d40e18368c5b45af5db9a056ddb9d2b34ee5765,3b9d4e1f0a043a126b2ecf688d40e18368c5b45af5db9a056ddb9d2b34ee5765,unchanged
manuscript/revision_restart/PHASE8_EXTERNAL_REVIEW_RESPONSE_AUDIT.md,eec4f29f08841739a436b1d85c63d882b129a2ddbe25e9e8308da8f96cfb0adb,eec4f29f08841739a436b1d85c63d882b129a2ddbe25e9e8308da8f96cfb0adb,unchanged
manuscript/revision_restart/PHASE8_HOSTILE_REVIEWER_SIMULATION.md,9a62eadc30c795c1a59947d7c084a4bac87c079cec48baf2a58fc3e0712b6264,9a62eadc30c795c1a59947d7c084a4bac87c079cec48baf2a58fc3e0712b6264,unchanged
manuscript/revision_restart/PHASE8_JOURNAL_STRATEGY_RECOMMENDATION.md,435645b3ae4114c93b6dd9a9266e388e69b91cf2c8b7d8344cac01dfcbb30bfa,435645b3ae4114c93b6dd9a9266e388e69b91cf2c8b7d8344cac01dfcbb30bfa,unchanged
manuscript/revision_restart/PHASE8_MINOR_FIX_LOG.md,4f5be40b62bfc42bed8ac3c11ec7276795c718fbaa6191c0007749db132e35d6,4f5be40b62bfc42bed8ac3c11ec7276795c718fbaa6191c0007749db132e35d6,unchanged
manuscript/revision_restart/PHASE8_NEXT_PHASE_HANDOFF.md,dd961cd6fcbcd94d2499eb22e412462aa1a42bbefd041073a6cf957845e7a09b,dd961cd6fcbcd94d2499eb22e412462aa1a42bbefd041073a6cf957845e7a09b,unchanged
manuscript/revision_restart/PHASE8_PDF_QA_REPORT.md,a054cebab15b2b9504b49a88d4e51e6d29f15aaf4aea77d9134d7f73958977c1,a054cebab15b2b9504b49a88d4e51e6d29f15aaf4aea77d9134d7f73958977c1,unchanged
manuscript/revision_restart/PHASE8_REPRODUCIBILITY_PACKAGE_AUDIT.md,ad038209c25272e431d0c80479c3900dee2b58f987e5fc56447d90fdbee268bd,ad038209c25272e431d0c80479c3900dee2b58f987e5fc56447d90fdbee268bd,unchanged
manuscript/revision_restart/PHASE8_STATIC_LANGUAGE_AND_LEAKAGE_AUDIT.md,3e29af88bb105255f78c9128446a8bb8d3ed520e5b5bfa0f503d80ab089beb34,3e29af88bb105255f78c9128446a8bb8d3ed520e5b5bfa0f503d80ab089beb34,unchanged
manuscript/revision_restart/PHASE8_SUBMISSION_BLOCKER_LIST.md,0c51438435c2e6bb9229bab5a34079714eb8037baf8acfa02d3d96f79953e5e9,0c51438435c2e6bb9229bab5a34079714eb8037baf8acfa02d3d96f79953e5e9,unchanged
manuscript/revision_restart/PHASE9_ADMIN_METADATA_READINESS.md,47a3d014f2178ff8df2e0329e864edf08435e01a27c0e17bd18357bc6a64b511,47a3d014f2178ff8df2e0329e864edf08435e01a27c0e17bd18357bc6a64b511,unchanged
manuscript/revision_restart/PHASE9_FINAL_PACKAGE_REPORT.md,753a3c79222880cb703062202e1bd40ebcc12103a183a908f4210bd58bafbbd8,753a3c79222880cb703062202e1bd40ebcc12103a183a908f4210bd58bafbbd8,unchanged
manuscript/revision_restart/PHASE9_IDENTIFIER_AND_PATH_AUDIT.md,bab4e66112e9baac152d2a39731944b8625c1646f3e024959e70568470060fc3,bab4e66112e9baac152d2a39731944b8625c1646f3e024959e70568470060fc3,unchanged
manuscript/revision_restart/PHASE9_NEXT_PHASE_HANDOFF.md,f35b5e6d76c6259e79ea39ddc029044042d6cd7e13abfd9e5e8c4d2b48c00bb5,f35b5e6d76c6259e79ea39ddc029044042d6cd7e13abfd9e5e8c4d2b48c00bb5,unchanged
manuscript/revision_restart/PHASE9_OPTIONAL_FIGURE_POLISH_AUDIT.md,f0fc917acff21a35303f3af0ed423f3b4d074001926fd4c5278bcce1d4e835cf,f0fc917acff21a35303f3af0ed423f3b4d074001926fd4c5278bcce1d4e835cf,unchanged
manuscript/revision_restart/PHASE9_PACKAGE_MANUSCRIPT_CONSISTENCY_AUDIT.md,bcd0aed56b581b3461fe7aa67291b74d242cddbd51fcd50163e6eb1741092592,bcd0aed56b581b3461fe7aa67291b74d242cddbd51fcd50163e6eb1741092592,unchanged
manuscript/revision_restart/PHASE9_PACKAGE_REBUILD_PLAN.md,fb21f90d6a8335febbc28a2383a3626404188ce8078934d455863dbfcb1f66d1,fb21f90d6a8335febbc28a2383a3626404188ce8078934d455863dbfcb1f66d1,unchanged
manuscript/revision_v2/EDITORIAL_REVIEW_RESPONSE_MATRIX.csv,e75dddc92b439f46926164d90dacfd4a4cbf147b3a4e0036b0723733f711a4eb,e75dddc92b439f46926164d90dacfd4a4cbf147b3a4e0036b0723733f711a4eb,unchanged
manuscript/revision_v2/EDITORIAL_REVIEW_SOURCE.md,ce473e13c78be5e3bbfbae78614a4cb543e6071be02c90acfb5fab571d1c625a,ce473e13c78be5e3bbfbae78614a4cb543e6071be02c90acfb5fab571d1c625a,unchanged
manuscript/revision_v2/FIGURE_REVISION_REQUIREMENTS.md,5b94f9eac5048216ee1f6f6728e33f1e9cc718132839603744917f1384172b20,5b94f9eac5048216ee1f6f6728e33f1e9cc718132839603744917f1384172b20,unchanged
manuscript/revision_v2/LITERATURE_REVISION_QUEUE.md,630d5292cdf7e670c66b4448102201547d8a3cfe669087ccd45d2eb65522a4b9,630d5292cdf7e670c66b4448102201547d8a3cfe669087ccd45d2eb65522a4b9,unchanged
manuscript/revision_v2/MANUSCRIPT_TERMINOLOGY_MAP.md,6778884b8a6685c6918f6546e35406147f37ae2c3526d6a4aa40b5ed4b147f4b,6778884b8a6685c6918f6546e35406147f37ae2c3526d6a4aa40b5ed4b147f4b,unchanged
manuscript/revision_v2/R0_SUMMARY_REPORT.md,4b2e69eb20dfa54159d86a679099569a943b2f974fec279c688fac843a008e9f,4b2e69eb20dfa54159d86a679099569a943b2f974fec279c688fac843a008e9f,unchanged
manuscript/revision_v2/R1_AUTHOR_DECISION_QUEUE.md,8d2b21c4c85b7e36ddf08bd8f1ce5bbf9130c3f5b309260ec416743d0a055975,8d2b21c4c85b7e36ddf08bd8f1ce5bbf9130c3f5b309260ec416743d0a055975,unchanged
manuscript/revision_v2/R1_NEXT_PHASE_HANDOFF.md,8b139fbdac25553c467e1d12e90d6d859f05134112c9fdf1bbde7b539af719b0,8b139fbdac25553c467e1d12e90d6d859f05134112c9fdf1bbde7b539af719b0,unchanged
manuscript/revision_v2/R1_PROVENANCE_NOVELTY_REPORT.md,63d72b5c24acaa7a391a7d853479d1cb14492094867de6a65c40becdcc84437c,63d72b5c24acaa7a391a7d853479d1cb14492094867de6a65c40becdcc84437c,unchanged
manuscript/revision_v2/R1_SECTION_CHANGE_LOG.md,236a398c42107e88163b361a20a33e311f0f8f33afbe32e93d5e838946af2d49,236a398c42107e88163b361a20a33e311f0f8f33afbe32e93d5e838946af2d49,unchanged
manuscript/revision_v2/R1_TERMINOLOGY_AUDIT.csv,5a07790afc31f844186e889b4922a81508fefdd3deac7b5c8dd2d16d45a787dc,5a07790afc31f844186e889b4922a81508fefdd3deac7b5c8dd2d16d45a787dc,unchanged
manuscript/revision_v2/R2_BIBLIOGRAPHY_CLEANUP_REPORT.md,0b91288e288e7cc966e45e57eda0381cbce71385a013cce61c903e06d52d05f0,0b91288e288e7cc966e45e57eda0381cbce71385a013cce61c903e06d52d05f0,unchanged
manuscript/revision_v2/R2_CITATION_PLACEMENT_LOG.csv,6f251deb342267b8c015fd1323dd2d1783d68fa8ba8f0f1adf8961fecdc290b6,6f251deb342267b8c015fd1323dd2d1783d68fa8ba8f0f1adf8961fecdc290b6,unchanged
manuscript/revision_v2/R2_LITERATURE_AUDIT.md,f30021d2426a0dcb34fe4a29c45e56ef9f7a78e9371fe0224b26fde4da07b146,f30021d2426a0dcb34fe4a29c45e56ef9f7a78e9371fe0224b26fde4da07b146,unchanged
manuscript/revision_v2/R2_MAIN_TEXT_CITATION_AUDIT.md,505e250e6529db73249ca2b2b7bde61a52bbbb42637b279e86841be0e8d9e74e,505e250e6529db73249ca2b2b7bde61a52bbbb42637b279e86841be0e8d9e74e,unchanged
manuscript/revision_v2/R2_NEXT_PHASE_HANDOFF.md,172221df01c792b723d028f6311f37e83a717df622bb3f00acc2e2f888c7b489,172221df01c792b723d028f6311f37e83a717df622bb3f00acc2e2f888c7b489,unchanged
manuscript/revision_v2/R2_REFERENCE_VERIFICATION_TABLE.csv,30a46232eb8c0064c3684e39d39ced8872b150db03df8145ba85d69e3a04b57c,30a46232eb8c0064c3684e39d39ced8872b150db03df8145ba85d69e3a04b57c,unchanged
manuscript/revision_v2/R2_SUPPLEMENT_CITATION_AUDIT.md,b97a939ba47c9a451d5f6b696be8ac9396a25d2308dadee33d1ffe02553dbb17,b97a939ba47c9a451d5f6b696be8ac9396a25d2308dadee33d1ffe02553dbb17,unchanged
manuscript/revision_v2/R3_ACTIVE_PARAMETER_AUDIT.md,12afa4d0cb47a242b7cdd3844e7babf8bad816e7fc7f1046aa569530788faabc,12afa4d0cb47a242b7cdd3844e7babf8bad816e7fc7f1046aa569530788faabc,unchanged
manuscript/revision_v2/R3_BE_CN_AND_VALIDATION_AUDIT.md,79498d64763c51403351a37ba441a1a591ae240849d0fa845147bd72944cd82e,79498d64763c51403351a37ba441a1a591ae240849d0fa845147bd72944cd82e,unchanged
manuscript/revision_v2/R3_METHODS_SPECIFICATION_REPORT.md,c07b538f814501d4d65993df9d866c670733f825ea8275b6c67c932335a24851,c07b538f814501d4d65993df9d866c670733f825ea8275b6c67c932335a24851,unchanged
manuscript/revision_v2/R3_NEXT_PHASE_HANDOFF.md,62d4935f3f3ff89afb72cb5a506cda8016119f2c6c8a7e18c8fe0579256c95a8,62d4935f3f3ff89afb72cb5a506cda8016119f2c6c8a7e18c8fe0579256c95a8,unchanged
manuscript/revision_v2/R3_NUMERICAL_CLAIM_REVISION_TABLE.csv,d44987a85b2c0081894c65e254059eb962dfc19cfefdd048f484e70f3d5150bc,d44987a85b2c0081894c65e254059eb962dfc19cfefdd048f484e70f3d5150bc,unchanged
manuscript/revision_v2/R3_PREDICTOR_COMPARISON_AUDIT.csv,2c89bdd9cbf16e3b05064633f9ffaff11bdc57a422d02190023f5e3cd8c175d2,2c89bdd9cbf16e3b05064633f9ffaff11bdc57a422d02190023f5e3cd8c175d2,unchanged
manuscript/revision_v2/R3_RADIUS_CLASS_AUDIT.md,f30ae248b6ea77e4ea0b86ae371b0cdb6a370e504b71943ab832762a98199376,f30ae248b6ea77e4ea0b86ae371b0cdb6a370e504b71943ab832762a98199376,unchanged
manuscript/revision_v2/R3_STATISTICAL_REPORTING_REPORT.md,9c90dbe9456c48a1c732d77b904b576586ea47e8918b65ffc7838c5a6473415b,9c90dbe9456c48a1c732d77b904b576586ea47e8918b65ffc7838c5a6473415b,unchanged
manuscript/revision_v2/R3_UNCERTAINTY_SPECIFICATION_TABLE.csv,721338255cd2e84f1f1633fa945a78fc34b6d69d92d009b1facfb3305c16f114,721338255cd2e84f1f1633fa945a78fc34b6d69d92d009b1facfb3305c16f114,unchanged
manuscript/revision_v2/R4_CAPTION_REVISION_LOG.md,ce97cd327220ac49aa3386986f8e11b70095b1df47ffb55d839060b8a544d46e,ce97cd327220ac49aa3386986f8e11b70095b1df47ffb55d839060b8a544d46e,unchanged
manuscript/revision_v2/R4_FIGURE_QUALITY_AUDIT.csv,2e91de86d68836dac52f8cdbabdb7763f76ed7904283e40909e6abf2faf5763c,2e91de86d68836dac52f8cdbabdb7763f76ed7904283e40909e6abf2faf5763c,unchanged
manuscript/revision_v2/R4_FIGURE_REBUILD_REPORT.md,6f76a9a76f6a5938601ca3148088f5627a3bf3d969be364d2781e75e05d22b93,6f76a9a76f6a5938601ca3148088f5627a3bf3d969be364d2781e75e05d22b93,unchanged
manuscript/revision_v2/R4_LATEX_FIGURE_INTEGRATION_REPORT.md,c3fc3c5fd09015a3ffacfa1d9ec66b2ad2fd234be44c2478e6ceefabdbfbb795,c3fc3c5fd09015a3ffacfa1d9ec66b2ad2fd234be44c2478e6ceefabdbfbb795,unchanged
manuscript/revision_v2/R4_NEXT_PHASE_HANDOFF.md,290b9654f15fa9c407db3dfadbffab1d1d557acc95f40648f3ee5e4ddd211462,290b9654f15fa9c407db3dfadbffab1d1d557acc95f40648f3ee5e4ddd211462,unchanged
manuscript/revision_v2/R4_STATIC_SEARCH_AUDIT.md,625489590554a5326981fafa70219bfa9c7feb7ed1233fdc25f75e0110f73171,625489590554a5326981fafa70219bfa9c7feb7ed1233fdc25f75e0110f73171,unchanged
manuscript/revision_v2/R5_NEXT_PHASE_HANDOFF.md,080850af5a5efdaee134bb80fb16daa5880d61ad971dc8a2cb049bfc62c0e09b,080850af5a5efdaee134bb80fb16daa5880d61ad971dc8a2cb049bfc62c0e09b,unchanged
manuscript/revision_v2/R5_PHASE06_DEMOTION_REPORT.md,167a140dff8b8b999eb057fecd1441fbf66019789be8acc10953aa9b68b50467,167a140dff8b8b999eb057fecd1441fbf66019789be8acc10953aa9b68b50467,unchanged
manuscript/revision_v2/R5_PROSE_CHANGE_LOG.md,0e8e2773b7872311cdf83aef3e0ada2bdda38f0db02be64217b146e5af6d2124,0e8e2773b7872311cdf83aef3e0ada2bdda38f0db02be64217b146e5af6d2124,unchanged
manuscript/revision_v2/R5_SECTION_REORGANIZATION_MAP.csv,f400db848312f4f2a051d2c183a42de36222ae83501d73184c6b06855ae0c7f0,f400db848312f4f2a051d2c183a42de36222ae83501d73184c6b06855ae0c7f0,unchanged
manuscript/revision_v2/R5_STATIC_SEARCH_AUDIT.md,3d46d19a6ca6bf6bb6cb95ce8cf024bd696ff4cd2629a38fcbb10ae4b620b6c9,3d46d19a6ca6bf6bb6cb95ce8cf024bd696ff4cd2629a38fcbb10ae4b620b6c9,unchanged
manuscript/revision_v2/R5_STRUCTURE_AND_COMPRESSION_REPORT.md,58206048902c3eb2af70fe77f4d078173520a014c003d6202fdd72bad48078ca,58206048902c3eb2af70fe77f4d078173520a014c003d6202fdd72bad48078ca,unchanged
manuscript/revision_v2/R5_WORD_COUNT_AND_STRUCTURE_AUDIT.md,de6b7d9840c89723ddf18d4ccf3d3bc080c731f9255149190f9a95bd1ef1b92f,de6b7d9840c89723ddf18d4ccf3d3bc080c731f9255149190f9a95bd1ef1b92f,unchanged
manuscript/revision_v2/R6_ADMIN_CLEANUP_REPORT.md,9f9776075ea5102e8cb937dfae4fab1de31d90c9525d3408aa13dcf5e6d63f22,9f9776075ea5102e8cb937dfae4fab1de31d90c9525d3408aa13dcf5e6d63f22,unchanged
manuscript/revision_v2/R6_BLINDING_AND_ADMIN_AUDIT.md,d2b92d0c8895a2fc5e0452787212b732a8cda72d78b4a307f4437c0075c59602,d2b92d0c8895a2fc5e0452787212b732a8cda72d78b4a307f4437c0075c59602,unchanged
manuscript/revision_v2/R6_NEXT_PHASE_HANDOFF.md,02dd81241b0b098d4d07f1eca8950174e6f7304fffd4f6448d294b4550f5338b,02dd81241b0b098d4d07f1eca8950174e6f7304fffd4f6448d294b4550f5338b,unchanged
manuscript/revision_v2/R6_STATIC_PLACEHOLDER_AUDIT.md,087b55dc6130c3b311d14a5c8cf3bad5ba17f81e753bffbac646d5aa245147f3,087b55dc6130c3b311d14a5c8cf3bad5ba17f81e753bffbac646d5aa245147f3,unchanged
manuscript/revision_v2/R7_BLINDED_PDF_AUDIT.md,bddf47d102141ac47676aed1d9c6fb777b9d9ebbea10f56496bec3100a78b25e,bddf47d102141ac47676aed1d9c6fb777b9d9ebbea10f56496bec3100a78b25e,unchanged
manuscript/revision_v2/R7_FIGURE_TABLE_LAYOUT_AUDIT.md,02cd223b134ff3337f70baa8b83e31140859f5df3ce4fc4abc4f88b518c41283,02cd223b134ff3337f70baa8b83e31140859f5df3ce4fc4abc4f88b518c41283,unchanged
manuscript/revision_v2/R7_JCNS_SOURCE_PACKAGE_REPORT.md,c331c070a1133293a27cfb9d6b35e3de32c358d06d6497b962fc7f0ad37f7e92,c331c070a1133293a27cfb9d6b35e3de32c358d06d6497b962fc7f0ad37f7e92,unchanged
manuscript/revision_v2/R7_LATEX_PRODUCTION_REPORT.md,6d8b55b9f0339aa7bf834e4e08830953eaf81ae59073b460fb5acc1dd7db8870,6d8b55b9f0339aa7bf834e4e08830953eaf81ae59073b460fb5acc1dd7db8870,unchanged
manuscript/revision_v2/R7_NEXT_PHASE_HANDOFF.md,c2f969850f4c0c9b5ca6dbf563b07bd784b110fbcffd914ad6a9ec1efc075c42,c2f969850f4c0c9b5ca6dbf563b07bd784b110fbcffd914ad6a9ec1efc075c42,unchanged
manuscript/revision_v2/R7_OVERFULL_BOX_REPORT.md,5a3c8738a299eb0f76ab6d63b9bc56b4345931f67f6cda9492102a6c457d3949,5a3c8738a299eb0f76ab6d63b9bc56b4345931f67f6cda9492102a6c457d3949,unchanged
manuscript/revision_v2/R7_STATIC_PLACEHOLDER_AND_PATH_AUDIT.md,deda80f5eb5956bad576ce8fd4c4c88b16966eac4f0d1984b512a9c3289bcb9e,deda80f5eb5956bad576ce8fd4c4c88b16966eac4f0d1984b512a9c3289bcb9e,unchanged
manuscript/revision_v2/REVISION_ACTION_PLAN.md,1b2603ab774de39d311475736786db9e2a0991f76965dccbce6fe99c3a1e3636,1b2603ab774de39d311475736786db9e2a0991f76965dccbce6fe99c3a1e3636,unchanged
manuscript/revision_v2/REVISION_RISK_REGISTER.md,d79768bcbfa9d7ef433868a013ed6be53eca56dc85f618e37d93dabf7ea844ed,d79768bcbfa9d7ef433868a013ed6be53eca56dc85f618e37d93dabf7ea844ed,unchanged
manuscript/revision_v2/STATISTICS_AND_METHODS_GAP_LIST.md,b7cd4398f0998b9266bd7a9e6e32d75b957e51db4c1ac4e643c93845329dad93,b7cd4398f0998b9266bd7a9e6e32d75b957e51db4c1ac4e643c93845329dad93,unchanged
manuscript/sections/abstract.tex,ed38249b832c57be7fb1eaeaa646d1c1c9f1555d48c23c8a52674e5dc5a7d947,ed38249b832c57be7fb1eaeaa646d1c1c9f1555d48c23c8a52674e5dc5a7d947,unchanged
manuscript/sections/acknowledgments.tex,77675ee75618ef8f83b74b852f08b3af6e671394a291c6d366d03db40979404e,77675ee75618ef8f83b74b852f08b3af6e671394a291c6d366d03db40979404e,unchanged
manuscript/sections/conclusions.tex,2993808163116df3c721b57e0d75fb36741129c1a80cd944e88cab408b25fd5d,2993808163116df3c721b57e0d75fb36741129c1a80cd944e88cab408b25fd5d,unchanged
manuscript/sections/data_code_availability.tex,2502f77b2a8020cf3b5cedb73c761694e0fb0ae8539bdda61eced5fd71682f08,2502f77b2a8020cf3b5cedb73c761694e0fb0ae8539bdda61eced5fd71682f08,unchanged
manuscript/sections/disclosures.tex,804f34f0249ba1c46653caa69c7d68a11c035c3390ef3147364ceb186abf95e2,804f34f0249ba1c46653caa69c7d68a11c035c3390ef3147364ceb186abf95e2,unchanged
manuscript/sections/discussion.tex,e8c1b13f164319cbac419792c3495e48f7917da654c419fefa47b43bd0228c93,94fbb4ca0a1e8fe76088ef0969a4d83aa7e1c75172c34b1cb9c6058ae879ac2a,changed
manuscript/sections/introduction.tex,d750675b573f6a8cd9bbf961327a08cf6693ce68c193dd0a950a7516972b1117,d750675b573f6a8cd9bbf961327a08cf6693ce68c193dd0a950a7516972b1117,unchanged
manuscript/sections/methods.tex,9ad29906003f1ccad552b9d12d4e42d323f466e77916c5a8773dab23378aadd3,2dc45de8ca086f8d4976e73c2f0387a152802df18fe14d27af95213166151d0d,changed
manuscript/sections/results.tex,7284ee0256617b62b953d0bbc2ab5e1d40e97a612f6e9debc3ec6b787c3d6e91,6409659141cd3c9457e1e30060921bfd8c0b85c327555059ece9939403068d5c,changed
manuscript/supplement/figures/FigS10_external_summary_load_sensitivity.svg,,7177ebc757d5c87a217f96eaa7bc6fda98e08dec94574e63322921119ed01d59,added
manuscript/supplement/figures/FigS1_fixed_load_heatmap.svg,e1b113903cf64af6d700b587c2ac3fc5c39f01c324c2b6acd12344cc2d688c2d,e1b113903cf64af6d700b587c2ac3fc5c39f01c324c2b6acd12344cc2d688c2d,unchanged
manuscript/supplement/figures/FigS2_dt_convergence.svg,9747da72b874aac4df8ac071cd7e8f1a1dc6d2d90a10ae040d0f30020f182bae,9747da72b874aac4df8ac071cd7e8f1a1dc6d2d90a10ae040d0f30020f182bae,unchanged
manuscript/supplement/figures/FigS3_spatial_convergence.svg,7391fb0d2ba4461f588977b26cc9e8ef33f457fafaf0cda830b4f7c94df25abb,7391fb0d2ba4461f588977b26cc9e8ef33f457fafaf0cda830b4f7c94df25abb,unchanged
manuscript/supplement/figures/FigS4_neck_models.svg,5f791708cf1c8cc85ed172dd9355ab9d099ece1b10ee30210e4a5b6d2cd40fca,5f791708cf1c8cc85ed172dd9355ab9d099ece1b10ee30210e4a5b6d2cd40fca,unchanged
manuscript/supplement/figures/FigS5_active_protocol_strength.svg,678aa94522a82093e591daf91941f0d62009d317fc5f5f7a9a89874132f7e506,678aa94522a82093e591daf91941f0d62009d317fc5f5f7a9a89874132f7e506,unchanged
manuscript/supplement/figures/FigS5_smi_interval_width.svg,29e5721fd873d863866bee1a6b862bb435c28649874d5b1c43c9764cfa120eba,29e5721fd873d863866bee1a6b862bb435c28649874d5b1c43c9764cfa120eba,unchanged
manuscript/supplement/figures/FigS6_active_impedance.svg,fe0307390fcb2ee00ffeb4efd85e926e30445c8b7cee6aab2b1e85e22c71108c,fe0307390fcb2ee00ffeb4efd85e926e30445c8b7cee6aab2b1e85e22c71108c,unchanged
manuscript/supplement/figures/FigS6_active_protocol_strength.svg,c11492652a85cb0185ec070f823dd74c48f75ec4553aee32b68b0e9978d0ce06,c11492652a85cb0185ec070f823dd74c48f75ec4553aee32b68b0e9978d0ce06,unchanged
manuscript/supplement/figures/FigS7_active_impedance.svg,c6d9226e66141307463223ea33e1eac50bd189fa67564e2266e83512ce3a89b8,c6d9226e66141307463223ea33e1eac50bd189fa67564e2266e83512ce3a89b8,unchanged
manuscript/supplement/figures/FigS7_smi_interval_width.svg,40ff64dfceb66b8f18ba80968f64c9efc00dc9c7ae17bd148b954b3a30daf67f,40ff64dfceb66b8f18ba80968f64c9efc00dc9c7ae17bd148b954b3a30daf67f,unchanged
manuscript/supplement/figures/FigS8_phase06_smi_amplitude.svg,52bd0fe8614350fb509d90b7f187a0b09a2f9e7dab00e0167afe54d17aabca9b,52bd0fe8614350fb509d90b7f187a0b09a2f9e7dab00e0167afe54d17aabca9b,unchanged
manuscript/supplement/figures/FigS9_phase06_uncertainty.svg,342d93ef81710b08fd42939bb4f9ea3bfae419ebb0c527ff77894fc588581c6a,342d93ef81710b08fd42939bb4f9ea3bfae419ebb0c527ff77894fc588581c6a,unchanged
manuscript/supplement/figures_pdf/FigS10_external_summary_load_sensitivity.pdf,,7819a036c5de85bdce61ee99e9189b1ce338fff982b32f18d6083ebcc0181f15,added
manuscript/supplement/figures_pdf/FigS1_fixed_load_heatmap.pdf,a347a10de56fe410c572752d78f9ba261db68154dff7022d8679fa356e214b35,a347a10de56fe410c572752d78f9ba261db68154dff7022d8679fa356e214b35,unchanged
manuscript/supplement/figures_pdf/FigS2_dt_convergence.pdf,aabc6ec3a1c842c6a25b1e0e42bd98eb06f7a11b754011c79a28d9fd39e522bb,aabc6ec3a1c842c6a25b1e0e42bd98eb06f7a11b754011c79a28d9fd39e522bb,unchanged
manuscript/supplement/figures_pdf/FigS3_spatial_convergence.pdf,f1f0a9885a43315fc26c1c04f14d4a1ecf25ac4595b682ea055635625d50dfb5,f1f0a9885a43315fc26c1c04f14d4a1ecf25ac4595b682ea055635625d50dfb5,unchanged
manuscript/supplement/figures_pdf/FigS4_neck_models.pdf,7c92f0970c35fcbf8c666a780687c1ab3d7fb436c6b0168f4ed9521b48ff7b82,7c92f0970c35fcbf8c666a780687c1ab3d7fb436c6b0168f4ed9521b48ff7b82,unchanged
manuscript/supplement/figures_pdf/FigS5_active_protocol_strength.pdf,db8fe4ecadb4f709c3306d927c832b894ceb2c02c5e688225d128d453255bfe5,db8fe4ecadb4f709c3306d927c832b894ceb2c02c5e688225d128d453255bfe5,unchanged
manuscript/supplement/figures_pdf/FigS5_smi_interval_width.pdf,e0cb1d24d109cb396156778ccd5dc753bffcf78c5469fed8309f93ecc4b06dc7,e0cb1d24d109cb396156778ccd5dc753bffcf78c5469fed8309f93ecc4b06dc7,unchanged
manuscript/supplement/figures_pdf/FigS6_active_impedance.pdf,05f6cee6607cf60f93ed7d885d370d7f856cd50b03c77832721a2a4b05ccdc43,05f6cee6607cf60f93ed7d885d370d7f856cd50b03c77832721a2a4b05ccdc43,unchanged
manuscript/supplement/figures_pdf/FigS6_active_protocol_strength.pdf,70b182c5ba4780e7fc43b89d941d8f547e22082d17702b541cfbd43d0260e142,70b182c5ba4780e7fc43b89d941d8f547e22082d17702b541cfbd43d0260e142,unchanged
manuscript/supplement/figures_pdf/FigS7_active_impedance.pdf,8d51c08ad5b6e9302c5201a4125b97bbbc66a74506a0206557412e57e2df13c8,8d51c08ad5b6e9302c5201a4125b97bbbc66a74506a0206557412e57e2df13c8,unchanged
manuscript/supplement/figures_pdf/FigS7_smi_interval_width.pdf,3e335abba329f39da346c41f9d0d38678068ca9271b0bb1323850b2afed8fb5b,3e335abba329f39da346c41f9d0d38678068ca9271b0bb1323850b2afed8fb5b,unchanged
manuscript/supplement/figures_pdf/FigS8_phase06_smi_amplitude.pdf,be0d34ddf5cf34be85cdea62ad6a978288b059d19c2aef82aaf34e6d4c223483,be0d34ddf5cf34be85cdea62ad6a978288b059d19c2aef82aaf34e6d4c223483,unchanged
manuscript/supplement/figures_pdf/FigS9_phase06_uncertainty.pdf,2e7ee066930706f86b93ebee26490c156ca5b5f32c902a1ef5b28bd3ca2ae213,2e7ee066930706f86b93ebee26490c156ca5b5f32c902a1ef5b28bd3ca2ae213,unchanged
manuscript/supplement/sections/active_mechanisms.tex,37e3643528374f6be1a9fa875913cc36aadba6ed2a66e267b26ed6ebe7cc8a39,37e3643528374f6be1a9fa875913cc36aadba6ed2a66e267b26ed6ebe7cc8a39,unchanged
manuscript/supplement/sections/exploratory_phase06.tex,a4708a9a4b80879a397fa74098ca90b40bdcf1b65be279c7720c2cc0fd51513c,a4708a9a4b80879a397fa74098ca90b40bdcf1b65be279c7720c2cc0fd51513c,unchanged
manuscript/supplement/sections/extended_equations.tex,28d04ca98641a653c80a5fb55743d3a532bd0a1c27aaffeba0bde54c15882743,28d04ca98641a653c80a5fb55743d3a532bd0a1c27aaffeba0bde54c15882743,unchanged
manuscript/supplement/sections/extended_limitations.tex,5c769a4048415c952326fd58a831c10021410fc21a980b8fe954e5ae687f652a,5c769a4048415c952326fd58a831c10021410fc21a980b8fe954e5ae687f652a,unchanged
manuscript/supplement/sections/external_summary_anchors.tex,,436448938576c955408721180cb2d02753aa0ea854b784867ccb310f85e3e7e4,added
manuscript/supplement/sections/numerical_validation.tex,e31bef4615a1f92d55349026bb3a8d337478bf955ed8f681680288782a1aec72,e31bef4615a1f92d55349026bb3a8d337478bf955ed8f681680288782a1aec72,unchanged
manuscript/supplement/sections/release_environment_and_provenance.tex,9826bbcd72df4236f7cb5ba91de4683a72122466a11fceec1934f2dc1d0418dc,9826bbcd72df4236f7cb5ba91de4683a72122466a11fceec1934f2dc1d0418dc,unchanged
manuscript/supplement/sections/reproducibility_commands.tex,223b0f4c512e177e8dfd1711905eeb8f73c2ab2fb1650f1c382821497bdb3dda,223b0f4c512e177e8dfd1711905eeb8f73c2ab2fb1650f1c382821497bdb3dda,unchanged
manuscript/supplement/sections/uncertainty_identifiability.tex,7607122c0754ef5ca077df1f3fbf4b5819a2a302f423cd7d7568afdda5ff2d3d,7607122c0754ef5ca077df1f3fbf4b5819a2a302f423cd7d7568afdda5ff2d3d,unchanged
manuscript/supplement/supplement.tex,0a04724d2966e20a391d5759da4ad10378133610eecaf00e9154896dd6be2882,dd06026c455318789bfd17597a4cb1265775bdbe8f264f5a3cf6f0161b075a7d,changed
manuscript/supplement/tables/active_mechanism_reproducibility_map.tex,7e2c61940243fc7745759a253e5114b58558d132c66b5c724695dd06ca998043,7e2c61940243fc7745759a253e5114b58558d132c66b5c724695dd06ca998043,unchanged
manuscript/supplement/tables/environment_versions.tex,d6d7d1beb4c041197aee38213250d5e1e3e07ab1541e13d57cfa02bad2fc1459,d6d7d1beb4c041197aee38213250d5e1e3e07ab1541e13d57cfa02bad2fc1459,unchanged
manuscript/supplement/tables/high_rhol_stress_test_summary.tex,cd924ea9f1791bac1dca8c56f5649c3a3172079fe375c83bdb36b20c96ab1f93,cd924ea9f1791bac1dca8c56f5649c3a3172079fe375c83bdb36b20c96ab1f93,unchanged
manuscript/supplement/tables/residual_metric_controls_expanded.tex,ce762c3edf2fe1c64572202dba068e0fc6454170f2c75e5c5426bdb6d7c214f0,ce762c3edf2fe1c64572202dba068e0fc6454170f2c75e5c5426bdb6d7c214f0,unchanged
manuscript/supplement/tables/residual_rowclass_summary.tex,7cc35cb7e48c43da131164b6a293fa0cf2685bec01ef05f32432d5595d8c09e9,7cc35cb7e48c43da131164b6a293fa0cf2685bec01ef05f32432d5595d8c09e9,unchanged
manuscript/supplement/tables/row_provenance_reconciled.tex,a3ad8ff461b279c79decc124718391965ef8346eb40f80ce05fffdee54062d98,a3ad8ff461b279c79decc124718391965ef8346eb40f80ce05fffdee54062d98,unchanged
manuscript/supplement/tables/validation_coverage_by_row_class.tex,3d61ecc12bbf7faf3d4cd225980b6a5f9c05cd7dc24055025d6928f7fd99f48f,3d61ecc12bbf7faf3d4cd225980b6a5f9c05cd7dc24055025d6928f7fd99f48f,unchanged
manuscript/tables/active_parameter_summary.tex,7e77c8742cd757cee974a26387bca4a43a2124f3640b96018c4ae800f5e3591e,7e77c8742cd757cee974a26387bca4a43a2124f3640b96018c4ae800f5e3591e,unchanged
manuscript/tables/claim_summary.tex,0cdaf22159e00917ca72eb234d7b1439a546b590e92a1bf1fc4aa6900e329360,0cdaf22159e00917ca72eb234d7b1439a546b590e92a1bf1fc4aa6900e329360,unchanged
manuscript/tables/parameters.tex,8b4319e7579f54e9fe59844cce43bee58382947155a25a384caca5cd3a1dd7ed,8b4319e7579f54e9fe59844cce43bee58382947155a25a384caca5cd3a1dd7ed,unchanged
manuscript/tables/predictor_summary.tex,3e906cedf85c159b85fd666acb0357027a4b7fc9a207db974db6550efc3a5116,3e906cedf85c159b85fd666acb0357027a4b7fc9a207db974db6550efc3a5116,unchanged
manuscript/tables/validation_summary.tex,3f165fd67ae56542d16e023e302a3b1b1f4151342dab804bfb9f5b4574c9a735,3f165fd67ae56542d16e023e302a3b1b1f4151342dab804bfb9f5b4574c9a735,unchanged
manuscript/target_journal.tex,214018df37a86ecceb02506a4551931f4523c4eb4f8edfb3d69f0f6251f4a7d7,214018df37a86ecceb02506a4551931f4523c4eb4f8edfb3d69f0f6251f4a7d7,unchanged
